{
  "type": "FeatureCollection",
  "features": [
    {
      "type": "Feature",
      "geometry": {
        "type": "Point",
        "coordinates": [
          -75.1690477,
          39.9654291
        ]
      },
      "properties": {
        "mural_name": "#MaskUp PHL",
        "artist": "Damon Bain",
        "address": "1727-29 Mt. Vernon Street, Philadelphia, Pennsylvania, 19107, USA",
        "media": [
          "506af7181593340c3ff8913cb22f0788",
          "8d0c137b30af39d0326c8e70bf17db62",
          "c068f33922005b57052836d78049fd0c",
          "5f33e2deccefee47dbdae27eeaa87026",
          "4b7a886239862d58962fdda91fe1aebb",
          "5f6fd5c99705a0ef02b956a643919051",
          "11ad01e51a9df1a0251a861257c06723",
          "b5673898d7e55f4869fade818a7e0855"
        ]
      }
    },
    {
      "type": "Feature",
      "geometry": {
        "type": "Point",
        "coordinates": [
          -75.140443318243,
          39.9534907076915
        ]
      },
      "properties": {
        "mural_name": "(Re)Cycle",
        "artist": "Nicole Nikolich (aka Lace in the Moon)",
        "address": "140 Columbus Blvd, Philadelphia, Pennsylvania, 19106, USA",
        "media": [
          "809bcb04fde1f08fd0b1fe001a99840c",
          "db611e6859b54f71abe5d39b015a2ce1",
          "3a795a9418f0c4f3b1904e89a452bf8a",
          "233a9748d08ce4fa03ad89d3a190dddc",
          "7b8e220afbcadab848d978610cf51d8c",
          "fe205e4f6ed0710b63c7d5ae421f7d9e",
          "060ad0c3f0bf6b2894af53b400d43c9d",
          "cc3c5733065773960dad8fc8eb409f7f",
          "ab763e3d670ef48bb12bb7d95fd4e8a5",
          "9864b03b48b36099d2a6bb285dc07199",
          "4bba88f1f8f26a1d80879da87467b0fd"
        ]
      }
    },
    {
      "type": "Feature",
      "geometry": {
        "type": "Point",
        "coordinates": [
          -75.16878916027504,
          39.95908814820623
        ]
      },
      "properties": {
        "mural_name": "...Or does it explode?",
        "artist": "Dread Scott",
        "address": "N 18th St & Vine St, Philadelphia, Pennsylvania, 19103, USA",
        "media": [
          "c6d5a72d340967be20ed42c9d3948e34",
          "c6f64b28a47b31043e979597c4ce57f1",
          "68cee28f3cf685401b2ddb24660a8619",
          "404a28f78083e2dbbe61c41a80f016b6",
          "27b73fc3c13bc761c850239638e3d8ea",
          "ea570f99d5595440f3cf6828585d8532",
          "cef548d5c4590081ac4db0410f239a08",
          "9a7c9f80eb8a9b1547ca65f660cddce4",
          "01ba128cb6eb37d1111d076739062233",
          "ee6878f6173364e57353fdecded88927",
          "1e3d07e0ed12ad370da1173abbf0418c",
          "09b1f05cfb6c132b6719a6e79c3c1578",
          "90bae6ec1a73ab86dcb4f7bbd6a126de",
          "85ba19bd91c1e1356eba4d8f3cfb523b"
        ]
      }
    },
    {
      "type": "Feature",
      "geometry": {
        "type": "Point",
        "coordinates": [
          -76.62282842558416,
          40.27180845178137
        ]
      },
      "properties": {
        "mural_name": "100 Years at Milton Hershey School",
        "artist": "Jared Bader",
        "address": "E Governor Rd, Hershey, Pennsylvania, 17033, USA",
        "media": [
          "2fbfcd125fc5cbc28d21bf5b1d73531d",
          "3b3f90bb7bedbc74216347e0c9848b6a",
          "408ca3bc08167995ce2151608d6d1b8b",
          "78abd2cb83ec429f46005aeb4540278d",
          "82e46337d0683b5b0d375237c94abac6",
          "7a85bfcf25b56c47d256eceb2afdeab0",
          "123d8ab26bdb5187220de91dadf1e991"
        ]
      }
    },
    {
      "type": "Feature",
      "geometry": {
        "type": "Point",
        "coordinates": [
          -75.19001252528173,
          40.037500565746676
        ]
      },
      "properties": {
        "mural_name": "12:00 Noon",
        "artist": "Frito Bastien",
        "address": "6340 Wayne Ave, Philadelphia, Pennsylvania, 19144, USA",
        "media": [
          "e2e1cf36db8d0551e345a03127716ac8",
          "686f4b11d7b32132e7958eb4d4af4a83"
        ]
      }
    },
    {
      "type": "Feature",
      "geometry": {
        "type": "Point",
        "coordinates": [
          -75.1641943117423,
          39.94437628701759
        ]
      },
      "properties": {
        "mural_name": "14 Movements: A Symphony in Color and Words",
        "artist": "Mat Tomezsko",
        "address": "S Broad St & Market St, Philadelphia, Pennsylvania, 19110, USA",
        "media": [
          "d5b7795ad285218f03f0f9eeb048624d",
          "a68ada125c42b8e21e79f861d97e3039",
          "aad497cc813d4d00334b91c166e3800a",
          "0e3cfe95e08b8225cfc5c0a4948b7b0d",
          "8c4219a184c1c9f03ec8ca6b3b9f9d0e",
          "cd85936534b0d1a0176df85924941d5f",
          "ff9920c76e9b15b8b65e036ca7fe77fb",
          "cb8e27f0d693bcab4572eecce56fbc94"
        ]
      }
    },
    {
      "type": "Feature",
      "geometry": {
        "type": "Point",
        "coordinates": [
          -75.17882287389627,
          39.96407744094902
        ]
      },
      "properties": {
        "mural_name": "2017 NFL Draft (live painting event)",
        "artist": "Felix St. Fort",
        "address": "2451 Benjamin Franklin Pkwy, Philadelphia, Pennsylvania, 19130, USA",
        "media": [
          "54b36cc65ac3a34912fb0ef7bee37c12",
          "54b36cc65ac3a34912fb0ef7bee37c12",
          "f513f178164f86609c4e7c9db05493d3",
          "4d634baa486c9d30658c6f89f28dde64",
          "b0144655de6f3dcf94b6577ffc63b872",
          "a2f0edd841c7f741384892239c086b67",
          "2e525f703fe01d0357008b4bc7a729c9",
          "4d3aefbd279bd9c3272964b998a514ea",
          "89e0b10772803dac90f064902a4affed",
          "acd6e607ad6f588536935a10f4467122",
          "ae372903bd102ca79773d0a2eb31b2d9",
          "3f5b455036f50a53bf8518b492136529",
          "6360e922e23e5b4eed2ae2e0ce355c7e",
          "248c21328297a629235bf059ffb4b0ef",
          "bec5724255eafc4dee30574111ffa20e",
          "ccbd10f18b31c62da13afa896a52e7d9",
          "f5ad13b480655fee2314100dcd7bbd0b",
          "6b3242600fee3f4d84a26144851b2fc3",
          "fb991f87f6e749588cd6ad44793db793",
          "8ff9e34c230368568380b9f1cb657090",
          "2e318b18b278fe2c35f05bbbf7a5c2c5",
          "a19c2211597eaf4da7b72a6d7fbf51eb",
          "fff06c1f2a862cc944df3e08222f2d81"
        ]
      }
    },
    {
      "type": "Feature",
      "geometry": {
        "type": "Point",
        "coordinates": [
          -75.13977128911,
          39.99278401333515
        ]
      },
      "properties": {
        "mural_name": "3 Cultures, 1 Heart",
        "artist": "Parris Stancell",
        "address": "2721 N 5th St, Philadelphia, Pennsylvania, 19133, USA",
        "media": [
          "2158a4480eee2a42a853316606431863"
        ]
      }
    },
    {
      "type": "Feature",
      "geometry": {
        "type": "Point",
        "coordinates": [
          -75.1839789770737,
          39.979936089248056
        ]
      },
      "properties": {
        "mural_name": "30th & Jefferson Street Playground Mural",
        "artist": "David McShane",
        "address": "1501-1509 N 31st St, Philadelphia, Pennsylvania, 19121, USA",
        "media": [
          "e89ad9567818e54fdce5d371eb97ab63"
        ]
      }
    },
    {
      "type": "Feature",
      "geometry": {
        "type": "Point",
        "coordinates": [
          -75.1690477,
          39.9654291
        ]
      },
      "properties": {
        "mural_name": "47 Stories",
        "artist": "Shira Walinsky",
        "address": "1727-29 Mt. Vernon Street, Philadelphia, Pennsylvania, 19107, USA",
        "media": [
          "fc5dd1d4b23b552162483d6d4b17e60d",
          "f326c2627c7f794dcd4c43614bc4251e",
          "9513aa52fea40c7223ee7855dd97e9c7"
        ]
      }
    },
    {
      "type": "Feature",
      "geometry": {
        "type": "Point",
        "coordinates": [
          -75.22549069360977,
          39.97106422019363
        ]
      },
      "properties": {
        "mural_name": "52nd Street Theatre",
        "artist": "Jonathan Laidacker",
        "address": "671 N 52nd St, Philadelphia, Pennsylvania, 19131, USA",
        "media": [
          "85b2289c229a509752e71ce4671907e5"
        ]
      }
    },
    {
      "type": "Feature",
      "geometry": {
        "type": "Point",
        "coordinates": [
          -75.21712148843683,
          39.93141527994592
        ]
      },
      "properties": {
        "mural_name": "56TH STREET GATEWAY: Life Underground and Wild Medicine Eco Mural 21",
        "artist": "Kala Hagopian @HagopianArts",
        "address": "56th St at Lindbergh Blvd and Elmwood Ave, Philadelphia, Pennsylvania, 19143, USA",
        "media": [
          "153fc7dd3c2c48ccb7897da7d28d8722",
          "194dd5f289e6b85d8a20794ac886f14d",
          "729447ec83f2cf528f15f17d7181501e",
          "8aec561dea6a5d0f14af99666e7130d1",
          "4fef6603b655723881259154a8b77574",
          "b318f53100034037a72f307fec2a4acd",
          "7f4e6d43320b1ce1021fe5ea300cb5ab",
          "8d6fa0cde9d984242091aed795a80861",
          "9a62fb2c05b3f3d1eb3b3c52749df32e",
          "b64fe63ec2c8d0a52d284654a2b8146c",
          "a9e75af2897629d9fd182f044917d89a",
          "bedc2494f59287336a25cabf765b6388",
          "4d708e499a68c2ebe042237c0e465d93",
          "620d5a6e457319cf3b97927dffadc050",
          "3f29ee83a2fcda9c03368328045ee7f9",
          "fe2e49bc291fc4a9eb9f87472045c6af"
        ]
      }
    },
    {
      "type": "Feature",
      "geometry": {
        "type": "Point",
        "coordinates": [
          -75.16420122402681,
          39.95431401055793
        ]
      },
      "properties": {
        "mural_name": "70 x 7 The Meal, act XXXIV",
        "artist": "Lucy + Jorge Orta",
        "address": "1401 John F Kennedy Blvd, Philadelphia, Pennsylvania, 19102, USA",
        "media": [
          "b9ceeb6929a884709ccad128efd8b662",
          "28325082cedd63bab418aa462bef8de9",
          "f66bdb983677b65e7e3009371f405595",
          "d60f7e47847e264465b66cd62f692ba1",
          "ef65f6f9dfe5fd27736fa9cb371616e8",
          "39859af9f121ad8d89beb41c04e424fe"
        ]
      }
    },
    {
      "type": "Feature",
      "geometry": {
        "type": "Point",
        "coordinates": [
          -75.16697523143961,
          39.93548434286915
        ]
      },
      "properties": {
        "mural_name": "76ers: Beyond the Court",
        "artist": "Ernel Martinez",
        "address": "1201 S Broad St, Philadelphia, Pennsylvania, 19147, USA",
        "media": [
          "7120d9a195ba35c8e3e6ac956484c01a",
          "a09b7eb4b8c54e32587f92b23b70f0a8",
          "f56f7a4f5f926bfb2ab89fa93bff76d1"
        ]
      }
    },
    {
      "type": "Feature",
      "geometry": {
        "type": "Point",
        "coordinates": [
          -75.1586880319599,
          39.934136353776
        ]
      },
      "properties": {
        "mural_name": "7th Street Memory Box",
        "artist": "RA Friedman",
        "address": "900 Federal St, Philadelphia, Pennsylvania, 19147, USA",
        "media": [
          "bdf7728697814621fa6f2a0e77764aec",
          "972a07457608128d1f9a6b0b3c7daa53",
          "53611b8aa215ebe6dd75a08e63caecb0",
          "4033835e6b80b69ab68bf9889b4731a7",
          "1dfd3c0cf665424a855e2d8dcf219b9d",
          "5fca4e0ca60aa06055fcd59d3ff068a2",
          "3f445992142f39ff9148aea923f5aecc",
          "7009fcf2dc1c3e6e372050cf8f71c503",
          "94fad0fff51c5a1805c07cec0744b450"
        ]
      }
    },
    {
      "type": "Feature",
      "geometry": {
        "type": "Point",
        "coordinates": [
          -75.15721537452032,
          39.93913308412831
        ]
      },
      "properties": {
        "mural_name": "9th Street Stock Exchange",
        "artist": "Jon Rubin",
        "address": "9th St & Christian St, Philadelphia, Pennsylvania, 19147, USA",
        "media": [
          "dac9828e4446e6e00f07d705705bfeb3",
          "89052d59f518d4fbfa010d2b1e56c00a",
          "8e155d37972588ede3d02d2c3a514a35",
          "b6dd5890c688ef164b64b871d450431d",
          "224125adbf932ffc5b48911726d26dae",
          "503e982d7f931e8abcfffddf38f89ba9",
          "1d5a4305c88650dacdfa24574833e3e9",
          "aa27e1b920cde1ea4aa6f5b8272bc341",
          "84bf90a3b4e9d96a761b8eaeb6736e73",
          "7005c3f0fde96cc16469c58539281f58",
          "b522eeeb715092b1b670e2bd4d0b8cec",
          "a5eba5c8474ece1b19ade2f508d63bf1",
          "1c9f8b91defda3544c0cd0c8b69c5555",
          "892aded40ee083e5f1b27d6193ae2636",
          "76c3c5adc4c0aaf5ba66914556f2269f",
          "cb80eb5e759b7d695e7593cd2de5a918"
        ]
      }
    },
    {
      "type": "Feature",
      "geometry": {
        "type": "Point",
        "coordinates": [
          -75.08527872748107,
          40.01439264485402
        ]
      },
      "properties": {
        "mural_name": "A Beautiful Spectrum",
        "artist": "Phillip Adams",
        "address": "4522 Paul St, Philadelphia, Pennsylvania, 19124, USA",
        "media": [
          "9662e94c8fe1a314d692b0cfd9248a8e",
          "77b7e2d3f76cadaff5457abba90c8cdd",
          "b82026d712af0249f25663b34e3136be",
          "8581277640a18897d5f49e73c9586b7f",
          "3e0fdbe26c09946799517cb0ae8d6ebb"
        ]
      }
    },
    {
      "type": "Feature",
      "geometry": {
        "type": "Point",
        "coordinates": [
          -75.16354767561977,
          39.95296446809859
        ]
      },
      "properties": {
        "mural_name": "A Blessing of Peace (City Hall Visitor Center interior mural)",
        "artist": "Nathaniel Lee",
        "address": "1400 John F. Kennedy Blvd, Philadelphia, Pennsylvania, 19107, USA",
        "media": [
          "4f9efd4f82ebf075c328aece274d0038",
          "b875d0a94117349a1cdb81455ba07428"
        ]
      }
    },
    {
      "type": "Feature",
      "geometry": {
        "type": "Point",
        "coordinates": [
          -75.16686270260283,
          39.95428444063965
        ]
      },
      "properties": {
        "mural_name": "A Blinding Light: Iterations 1-5 & A Distant Spark: Iterations 1-5",
        "artist": "Andréa Grasso",
        "address": "1617 JFK Blvd, Philadelphia, Pennsylvania, 19103, USA",
        "media": [
          "59f69d4dfedcaf8147f844e1717bd09f",
          "bcc644a20388e9412a9635223fbbbd54",
          "1719eee50507a78afece00272b4e2196",
          "9eb3ed6730fa3f78b8ced9cbc0f61cf9",
          "b37a2f90195239c9dec27f0223d8cef6",
          "627617bd164c169779ff6ce392eb8267",
          "915d10412532bfda9051941b3bdcae5f",
          "f6cb64b695b883367c9f09863df5afb6",
          "8d3c5009d159f4b9ffed0ad7a36e0a61",
          "c102fa65658c91568055dc756fc94bda",
          "1753785db01213175a9744e45b740c80",
          "a1eb508dd8c821302ff624048915b666",
          "841bdb687682f123a2865ee8eb2d8ca0"
        ]
      }
    },
    {
      "type": "Feature",
      "geometry": {
        "type": "Point",
        "coordinates": [
          -75.2092889375451,
          39.95763231974323
        ]
      },
      "properties": {
        "mural_name": "A Celebration of Community",
        "artist": "Jane Degenhardt-Kutzer",
        "address": "3 S 44th St, Philadelphia, Pennsylvania, 19104, USA",
        "media": [
          "68f3b2551a5bba9d7140807e9a9312cf"
        ]
      }
    },
    {
      "type": "Feature",
      "geometry": {
        "type": "Point",
        "coordinates": [
          -75.21331790628268,
          39.94890554587011
        ]
      },
      "properties": {
        "mural_name": "A Celebration of Philadelphia Trolleys",
        "artist": "Karl Yoder",
        "address": "4514 Baltimore Ave, Philadelphia, Pennsylvania, 19143, USA",
        "media": [
          "2d1b9a847b6d37dd8af8ca0db5ee7e85"
        ]
      }
    },
    {
      "type": "Feature",
      "geometry": {
        "type": "Point",
        "coordinates": [
          -75.16233151,
          39.9720729
        ]
      },
      "properties": {
        "mural_name": "A Celebration of Poetry",
        "artist": "Parris Stancell",
        "address": "1531 W Girard Ave., Philadelphia, Pennsylvania, 19130, USA",
        "media": [
          "da061306421dfb198c143dc1f19fa079",
          "e5c4e8c6538f9f4118b2853c4785fb80"
        ]
      }
    },
    {
      "type": "Feature",
      "geometry": {
        "type": "Point",
        "coordinates": [
          -75.20004707443614,
          39.95618890079324
        ]
      },
      "properties": {
        "mural_name": "A City Without Old Buildings",
        "artist": "Henry Martin",
        "address": "20 S 39th St, Philadelphia, Pennsylvania, 19104, USA",
        "media": [
          "25ceb332d403f2e6f97c5951ea70e140"
        ]
      }
    },
    {
      "type": "Feature",
      "geometry": {
        "type": "Point",
        "coordinates": [
          -75.15816148910828,
          40.04236943919224
        ]
      },
      "properties": {
        "mural_name": "A Collection of Creative Decisions",
        "artist": "James Burns",
        "address": "5741 Wister St, Philadelphia, Pennsylvania, 19138, USA",
        "media": [
          "57174e14dfe249d709ae411cf227e419",
          "c4aefad59ca9fa787f34f4a0e7a98aef",
          "7cf6d9a0c3ff325b175b1bf614bcce03"
        ]
      }
    },
    {
      "type": "Feature",
      "geometry": {
        "type": "Point",
        "coordinates": [
          -75.18849596635441,
          39.95682142265842
        ]
      },
      "properties": {
        "mural_name": "A Competitive Space Built on Common Ground",
        "artist": "Scott Albrecht",
        "address": "25 N 33rd St, Philadelphia, Pennsylvania, 19104, USA",
        "media": [
          "bed081d6663064fe1a701ab89b82d435",
          "6dc919b7b0a199fa77031bb78110266e",
          "4247e50b5c05e0fc511ca4bbabed6f44"
        ]
      }
    },
    {
      "type": "Feature",
      "geometry": {
        "type": "Point",
        "coordinates": [
          -75.12243146400903,
          39.99174259457526
        ]
      },
      "properties": {
        "mural_name": "A Daughter Migrates Towards the Mother Earth",
        "artist": "Jess X. Snow",
        "address": "2800 D St, Philadelphia, Pennsylvania, 19134, USA",
        "media": [
          "ad350b93c607a1686bf4d4f158029461",
          "543b4643cf4cc55a19d0a2617b29bae0"
        ]
      }
    },
    {
      "type": "Feature",
      "geometry": {
        "type": "Point",
        "coordinates": [
          -75.2387423191085,
          39.957896105249326
        ]
      },
      "properties": {
        "mural_name": "A Drop of Tranquility",
        "artist": "Phillip Adams",
        "address": "5800 Walnut St, Philadelphia, Pennsylvania, 19139, USA",
        "media": [
          "962e115f5090de5160f5b551a6b3904c",
          "38745048b18fc46f5179994dc872458d",
          "f98acc3912d46111fa71e9ccd6df8b58",
          "7cb90a331f48b6325afcd1de907b852d",
          "ed18cd706e1a7964e6798a35f9a4dd0b"
        ]
      }
    },
    {
      "type": "Feature",
      "geometry": {
        "type": "Point",
        "coordinates": [
          -75.20282604493013,
          39.96775824584721
        ]
      },
      "properties": {
        "mural_name": "A Family Garden",
        "artist": "Jane Golden",
        "address": "801 N 40th St, Philadelphia, Pennsylvania, 19104, USA",
        "media": [
          "ae70733d203eb0b5ba694ff9b68aa892"
        ]
      }
    },
    {
      "type": "Feature",
      "geometry": {
        "type": "Point",
        "coordinates": [
          -75.18144601758081,
          39.93124477762521
        ]
      },
      "properties": {
        "mural_name": "A Family That Prays Together, Stays Together",
        "artist": "Ras Malik",
        "address": "1639 S 22nd St, Philadelphia, Pennsylvania, 19145, USA",
        "media": [
          "edc7fb4532e7a5c1abd480881742a0fe",
          "a33da3e50ff211102594dd189e8d0d79"
        ]
      }
    },
    {
      "type": "Feature",
      "geometry": {
        "type": "Point",
        "coordinates": [
          -75.1836409332447,
          39.98060628607719
        ]
      },
      "properties": {
        "mural_name": "A Flower for Africa",
        "artist": "Salvador Gonzáles Escalona",
        "address": "3004 W Oxford St, Philadelphia, Pennsylvania, 19121, USA",
        "media": [
          "b16117435bcfe2517c2dc27fbb02d268"
        ]
      }
    },
    {
      "type": "Feature",
      "geometry": {
        "type": "Point",
        "coordinates": [
          -75.155249,
          39.968009
        ]
      },
      "properties": {
        "mural_name": "A Healing Home",
        "artist": "Benjamin Volta",
        "address": "850 N 11th St, Philadelphia, Pennsylvania, 19123, USA",
        "media": [
          "8e23e09a2cc1239edfca1ea2008bc384",
          "707b286de5aec86978a6223707e2deb0",
          "55c8dce040dccada802cb58e58a8896b",
          "964b499039f4282647c2dc7d4e935049"
        ]
      }
    },
    {
      "type": "Feature",
      "geometry": {
        "type": "Point",
        "coordinates": [
          -75.15315170094317,
          40.06471371001396
        ]
      },
      "properties": {
        "mural_name": "A Healthy Escape",
        "artist": "Keir Johnston",
        "address": "2129 Ogontz Ave, Philadelphia, Pennsylvania, 19150, USA",
        "media": [
          "24aae07ff3c1fdd789fa940db2cd1f9e",
          "3a1db742a8015dd2ceaca82500a98970",
          "87d45c5319eb4e7206c3bc9e16ef6c96",
          "08d46b822dbc3926f5d76a28dd66fe6c",
          "d7502952657f6a77c2dacb37b8f55b88",
          "e369d9870aa5ff6760c4bc5bb02a66f3"
        ]
      }
    },
    {
      "type": "Feature",
      "geometry": {
        "type": "Point",
        "coordinates": [
          -75.21514376206665,
          39.93360878246421
        ]
      },
      "properties": {
        "mural_name": "A Journey Through Bartram's Garden",
        "artist": "Constance Mensh",
        "address": "Lindbergh Blvd & S 54th St, Philadelphia, Pennsylvania, 19143, USA",
        "media": [
          "875b1b50ca7d59d6ebefd2023dc306b9",
          "8c5f3b0198db00adc182619db439d570",
          "6202f64dcc9993d6d12d79e6955ee6c8",
          "eed229609c6d9a017e6c53c0a325e53e",
          "30ce9351d9a24b5555b0ab002a99bc8c",
          "6fb952f368b0e13071c2ab831412c62f",
          "39f271ac6b818b0ee7b5a3152821be6f",
          "f47628fb06199472a6b0bcc4cea5f5d0",
          "47414fa1bb50ba2fdf59cef807f607a1",
          "3e6fb9f80852ffd54ad2f2c62ed8a356",
          "bb4f8395f1d2f6f8ce3d66238ab2eaf5"
        ]
      }
    },
    {
      "type": "Feature",
      "geometry": {
        "type": "Point",
        "coordinates": [
          -75.149867,
          39.971352
        ]
      },
      "properties": {
        "mural_name": "A Journey to Resilience",
        "artist": "James Burns",
        "address": "801 W Girard Ave, Philadelphia, Pennsylvania, 19122, USA",
        "media": [
          "4a1f052fc1d3b3c44aaac64784c9af19"
        ]
      }
    },
    {
      "type": "Feature",
      "geometry": {
        "type": "Point",
        "coordinates": [
          -75.16354767561977,
          39.95296446809859
        ]
      },
      "properties": {
        "mural_name": "A Jury of Your Peers",
        "artist": "Nathaniel Lee",
        "address": "1400 John F. Kennedy Blvd, Philadelphia, Pennsylvania, 19107, USA",
        "media": [
          "2dd0f2892ccd47ac2fd23210673d37d6",
          "08ef6ba042ef37898e660be05b30b3fd",
          "e58e10b6e8e4d6d7aeac5785d124a8aa",
          "765ec47e54b19287ffeca03bbf150ff5",
          "6f8a273a3f616856d3fbfa5e8d98ae12"
        ]
      }
    },
    {
      "type": "Feature",
      "geometry": {
        "type": "Point",
        "coordinates": [
          -75.19030834139811,
          39.97928271320355
        ]
      },
      "properties": {
        "mural_name": "A Long View on a Clear Day",
        "artist": "Eurhi Jones",
        "address": "1450 N 33rd St, Philadelphia, Pennsylvania, 19121, USA",
        "media": [
          "a511d747bffda1a5623499bfaa15925d",
          "95a31715fd209ea9d7ad36cf54462d22",
          "4ae7d6b27fa1e5bbddb88bc6ed58d8d6",
          "37c546e962a1442668bf171cc727d5bf",
          "c379085abaaf265abd6105963d8fd9a5",
          "1034311ee3006d329d92d591c7f00b4c",
          "ad5432623f83bc0a8b580c6e4a6fb988"
        ]
      }
    },
    {
      "type": "Feature",
      "geometry": {
        "type": "Point",
        "coordinates": [
          -75.2116972612717,
          39.95680270775264
        ]
      },
      "properties": {
        "mural_name": "A Love Letter for You",
        "artist": "Steve Powers, aka ESPO",
        "address": "Philadelphia, Pennsylvania, USA",
        "media": [
          "9a85c8beadf547bea55832988845c4ef",
          "fc10a4364dec09716272a6357c5c7614",
          "18b3f10c8ece5f6635ab7e678d05a483",
          "10eca294f5b95b9bdcbcbdb358b913e6",
          "ba495148b2a9d74016e6895efcca56c2",
          "07a42b45e9d93ad93ed1807c5eb1afa5",
          "6251a921df6bd4584dfaa37a65454c7a",
          "ad7e49632411bd2a40bb46d9245f6e55",
          "11797ba4bf0f20db1093e5290c5d691a",
          "c798fa64605004a8def827884ae60925",
          "eb2850c46bf2578185f1611fec5d5050",
          "704f18b8fdcad11c705fbe71c04c2d27",
          "4901b8b0e0ba52e315611ac138d6f614",
          "af49a2c55ec0a2e3b12a8311cd7423b2",
          "146ec91cf0cb4d37bdbc5a90f01ad414",
          "c42b26b01be0690e9e0b64e5f2c61b5f",
          "c6475e6830f823c915aa5e9b34fdf317",
          "52bbb1d9445c37025b4e5e5e16712f51",
          "4839de50dbacb6b55ee184183937b448",
          "3b8fbb43ecc06bec5611e23ee6f2f94b",
          "3c3cd68231d75b3aabfa7b01ed3d2a67",
          "00106468cf7ebac7b4c06e42e693745c",
          "d4868b987ab66e04896bac765ee5e51f",
          "dc232196481dd7bb1a8b1184e2b89460",
          "6a88bb96ea915aab4f78f813c8fb0247",
          "c181e8cb8776b71c0cda39161f0a8ccc",
          "f6de73afddcf5eef14e4d47a1e13eab8"
        ]
      }
    },
    {
      "type": "Feature",
      "geometry": {
        "type": "Point",
        "coordinates": [
          -75.15693508919038,
          39.93890585921362
        ]
      },
      "properties": {
        "mural_name": "A Mainstay in the Market",
        "artist": "Eric Okdeh",
        "address": "817 Christian St, Philadelphia, Pennsylvania, 19147, USA",
        "media": [
          "418288a14da9c8e1879c9e083c0304a7",
          "c165854589d011632b8bd555df449cf2",
          "0e2274ac4c2bbf47993172a376318fc5",
          "ba6f0bc3afaf961d077718386fa9f842"
        ]
      }
    },
    {
      "type": "Feature",
      "geometry": {
        "type": "Point",
        "coordinates": [
          -75.15676808242233,
          40.00539958424675
        ]
      },
      "properties": {
        "mural_name": "A Message to the Child: The Hero can be Found",
        "artist": "John Lewis",
        "address": "3403 N 17th St, Philadelphia, Pennsylvania, 19140, USA",
        "media": [
          "b6dab96285063f798f9846a5cf2b3606"
        ]
      }
    },
    {
      "type": "Feature",
      "geometry": {
        "type": "Point",
        "coordinates": [
          -75.17342082979728,
          40.0374064685127
        ]
      },
      "properties": {
        "mural_name": "A Mother's Love",
        "artist": "Willis \"Nomo\" Humphrey",
        "address": "101 E Chelten Ave, Philadelphia, Pennsylvania, 19144, USA",
        "media": [
          "d509ee6498cb04f4217e856b35e37479",
          "b725bfd2b91e6cdec9394b01bd956fb2",
          "27985bee1c2e36d25c18923011171373"
        ]
      }
    },
    {
      "type": "Feature",
      "geometry": {
        "type": "Point",
        "coordinates": [
          -75.15378109127882,
          39.950255770449395
        ]
      },
      "properties": {
        "mural_name": "A People's Progression Toward Equality",
        "artist": "Jared Bader",
        "address": "Ranstead St & S 8th St, Philadelphia, Pennsylvania, 19106, USA",
        "media": [
          "357e6ffc8535a7a20af119caf7c4fb2b"
        ]
      }
    },
    {
      "type": "Feature",
      "geometry": {
        "type": "Point",
        "coordinates": [
          -75.19896856159019,
          39.96504321605312
        ]
      },
      "properties": {
        "mural_name": "A Place to Call Home (Community Mural)",
        "artist": "Ernel Martinez",
        "address": "3800 Melon St, Philadelphia, Pennsylvania, 19104, USA",
        "media": [
          "b2d40fd6738db35d73609a379dee6092",
          "0300e6379cecab39222fe39f71425db3",
          "70baae41bd4eadaa9643879392fbe979",
          "dd9210a6efe212550d7ec87f2c4ebe13",
          "507647db35bb795389514b9997ae34dd",
          "71b9f7a8d6e7eaf0114746db5f186472",
          "5f61f98550c53b40f2a9b5cd6f4cb608",
          "92695279f3136eeb9cdede9c57c20b0c",
          "6d3b679e75dcb6dd4958da4eee3dd89f",
          "e6deb9fa378d777481df9ece7b00af87"
        ]
      }
    },
    {
      "type": "Feature",
      "geometry": {
        "type": "Point",
        "coordinates": [
          -75.19513874464835,
          39.966064550403146
        ]
      },
      "properties": {
        "mural_name": "A Sense of Place",
        "artist": "Donald Gensler",
        "address": "674 N 36th St, Philadelphia, Pennsylvania, 19104, USA",
        "media": [
          "80f472b728e7af87578140e7abea34c5"
        ]
      }
    },
    {
      "type": "Feature",
      "geometry": {
        "type": "Point",
        "coordinates": [
          -75.20965807552297,
          39.96830141370747
        ]
      },
      "properties": {
        "mural_name": "A Spiritual Journey Elevates the Human Mind",
        "artist": "Delia King",
        "address": "4261 Lancaster Ave, Philadelphia, Pennsylvania, 19104, USA",
        "media": [
          "28683cc948a9ccc4c08595826b45be4e",
          "a6f4783c672fe9180979351ce2a8cd2b",
          "7d560d31700958f93b868f2752a3aa48"
        ]
      }
    },
    {
      "type": "Feature",
      "geometry": {
        "type": "Point",
        "coordinates": [
          -75.15692427054537,
          39.923288569606314
        ]
      },
      "properties": {
        "mural_name": "A Step Ahead",
        "artist": "Kien Nguyen",
        "address": "609 Snyder Ave, Philadelphia, Pennsylvania, 19148, USA",
        "media": [
          "8aab7436cc789d0d737051f1ce46d7b0"
        ]
      }
    },
    {
      "type": "Feature",
      "geometry": {
        "type": "Point",
        "coordinates": [
          -75.16255677425684,
          39.95156196512708
        ]
      },
      "properties": {
        "mural_name": "A Suspended Night, Heralded by Songs of Death and Romance",
        "artist": "Sāgar Kāmath",
        "address": "100 E Penn Square, Philadelphia, Pennsylvania, 19107, USA",
        "media": [
          "2e6f5f8081181d6b26e79293c2f94760",
          "3c4b7777630d27c6f27ef3fe52cc937a",
          "008764b95411050dacac379d3df7c9e8",
          "a09ef7a0813c1a5e827dccb89ddec557"
        ]
      }
    },
    {
      "type": "Feature",
      "geometry": {
        "type": "Point",
        "coordinates": [
          -75.15510376642294,
          39.937952489163564
        ]
      },
      "properties": {
        "mural_name": "A Tale of Two Sisters",
        "artist": "Rebecca Simon Miller",
        "address": "932 S 7th St, Philadelphia, Pennsylvania, 19147, USA",
        "media": [
          "64299aabdb314dba3765105d574e1234",
          "c0ada202724162b8f7dac8a5efa2d178"
        ]
      }
    },
    {
      "type": "Feature",
      "geometry": {
        "type": "Point",
        "coordinates": [
          -75.17537411609352,
          39.98094624293892
        ]
      },
      "properties": {
        "mural_name": "A Tribute to Dox Thrash",
        "artist": "Cavin Jones",
        "address": "2442 Cecil B. Moore Ave, Philadelphia, Pennsylvania, 19121, USA",
        "media": [
          "654c447577062e7c7c1e23db83f4a0af"
        ]
      }
    },
    {
      "type": "Feature",
      "geometry": {
        "type": "Point",
        "coordinates": [
          -75.16367293860766,
          39.97250845216519
        ]
      },
      "properties": {
        "mural_name": "A Tribute to Dox Thrash Revisited",
        "artist": "Eric Okdeh",
        "address": "1631 W Girard Ave, Philadelphia, Pennsylvania, 19130, USA",
        "media": [
          "5ece8b06d0ef6400d49a1b971a6b4b25",
          "5f47e9225c972af25f898cf883dfdd0c",
          "88aaf636478aef829c460b45c857c8f6",
          "ce102f336d1409333935578854b615ed",
          "c841d08981d864058d79dc6c330488d4",
          "aaae5939bc36e6a1e30f1ce54a8aa2fc"
        ]
      }
    },
    {
      "type": "Feature",
      "geometry": {
        "type": "Point",
        "coordinates": [
          -75.15810736751136,
          39.93906182992688
        ]
      },
      "properties": {
        "mural_name": "A Tribute to Frank Rizzo",
        "artist": "Diane Keller",
        "address": "910 S 9th St, Philadelphia, Pennsylvania, 19147, USA",
        "media": [
          "af2b7a986e3c07f56a09337c495c2350",
          "ef13fe9e048b391446dd44440408f675",
          "49d0456d34c9aedaf2b819b17d37f6a4",
          "7ea9ca964206445d6d1a344bb14e92b5",
          "38a6707c1d767bcc187c39b521815f4b"
        ]
      }
    },
    {
      "type": "Feature",
      "geometry": {
        "type": "Point",
        "coordinates": [
          -75.16102452958616,
          39.94856302863123
        ]
      },
      "properties": {
        "mural_name": "A Tribute to Gloria Casarez",
        "artist": "Michelle Angela Ortiz",
        "address": "204 S 12th St, Philadelphia, Pennsylvania, 19107, USA",
        "media": [
          "cf17525628ef8160560fb81543464651",
          "d6a9466a34195afdeb990750a17be1cb",
          "25055764959dc6439c31b6059a5f0992"
        ]
      }
    },
    {
      "type": "Feature",
      "geometry": {
        "type": "Point",
        "coordinates": [
          -75.18613726820121,
          39.988798125828
        ]
      },
      "properties": {
        "mural_name": "A Tribute to John Coltrane",
        "artist": "John Lewis",
        "address": "3217 W Diamond St, Philadelphia, Pennsylvania, 19121, USA",
        "media": [
          "092838877b973d97c50c5726f64261de",
          "b6c88d2a459552074e312f9b98cf6182",
          "a46c196acc95869655b337f2156d389d"
        ]
      }
    },
    {
      "type": "Feature",
      "geometry": {
        "type": "Point",
        "coordinates": [
          -75.1272156039618,
          39.97925399055491
        ]
      },
      "properties": {
        "mural_name": "A Tribute To Joseph Konrad",
        "artist": "John Lewis",
        "address": "2303 E Dauphin St, Philadelphia, Pennsylvania, 19125, USA",
        "media": [
          "5ddebb2e16374af7004ac892dc2b6b08"
        ]
      }
    },
    {
      "type": "Feature",
      "geometry": {
        "type": "Point",
        "coordinates": [
          -75.17982078766657,
          39.9900565599955
        ]
      },
      "properties": {
        "mural_name": "A Tribute to Mother Elizabeth Dabney",
        "artist": "Gabe Tiberino",
        "address": "2217 N 29th St, Philadelphia, Pennsylvania, 19132, USA",
        "media": [
          "41e7ce6e77760ac0efde686ff38032b8"
        ]
      }
    },
    {
      "type": "Feature",
      "geometry": {
        "type": "Point",
        "coordinates": [
          -75.15683554496765,
          39.9847373679408
        ]
      },
      "properties": {
        "mural_name": "A Tribute to Sonia Sanchez",
        "artist": "James Dupree",
        "address": "1418 W Diamond St, Philadelphia, Pennsylvania, 19121, USA",
        "media": [
          "59b257c76b5b07904c42180f0ea98c6c"
        ]
      }
    },
    {
      "type": "Feature",
      "geometry": {
        "type": "Point",
        "coordinates": [
          -75.18672200616292,
          39.98397349707496
        ]
      },
      "properties": {
        "mural_name": "A Tribute to Urban Horsemen",
        "artist": "Jason Slowik",
        "address": "3222 W Montgomery Ave, Philadelphia, Pennsylvania, 19121, USA",
        "media": [
          "e43209bcecdf5a14b28861428d2f53e4",
          "2d151df1bb7abeed7519feb019422f78"
        ]
      }
    },
    {
      "type": "Feature",
      "geometry": {
        "type": "Point",
        "coordinates": [
          -75.16003754707916,
          39.95810874782146
        ]
      },
      "properties": {
        "mural_name": "A Tribute to Wilt Chamberlain",
        "artist": "John Lewis",
        "address": "1243 Vine St, Philadelphia, Pennsylvania, 19107, USA",
        "media": [
          "8b7c8cb35d2cc34e263167a65b81c7d8",
          "9a2ffec197d11738ba029901f8084dfc"
        ]
      }
    },
    {
      "type": "Feature",
      "geometry": {
        "type": "Point",
        "coordinates": [
          -75.16670384232918,
          39.9365944997299
        ]
      },
      "properties": {
        "mural_name": "A View of Tuscany",
        "artist": "Brian Senft",
        "address": "1145 S Broad St, Philadelphia, Pennsylvania, 19147, USA",
        "media": [
          "25e85a1b38ac623aed0aab8e1fcf7b3f"
        ]
      }
    },
    {
      "type": "Feature",
      "geometry": {
        "type": "Point",
        "coordinates": [
          -75.20884659537928,
          39.979701909925545
        ]
      },
      "properties": {
        "mural_name": "A Walk Through a Pennsylvania Forest",
        "artist": "Eurhi Jones",
        "address": "4231 Avenue Of the Republic, Philadelphia, Pennsylvania, 19131, USA",
        "media": [
          "d18331118547bc1acf9b1d73dd7e6918",
          "c606b9b7207a3323c7da4fd395c7cb33",
          "0339c3b88958f53bda71e0f91e4c2362"
        ]
      }
    },
    {
      "type": "Feature",
      "geometry": {
        "type": "Point",
        "coordinates": [
          -75.21265281964425,
          39.945254925358384
        ]
      },
      "properties": {
        "mural_name": "A Window of Stories",
        "artist": "Phillip Adams",
        "address": "1128 S 47th St, Philadelphia, Pennsylvania, 19143, USA",
        "media": [
          "d95cc720200ff65cbd5d30ef881671e2"
        ]
      }
    },
    {
      "type": "Feature",
      "geometry": {
        "type": "Point",
        "coordinates": [
          -75.1772899105999,
          40.03098211025962
        ]
      },
      "properties": {
        "mural_name": "Ability to Fly",
        "artist": "Ana Uribe",
        "address": "5521 Wayne Ave, Philadelphia, Pennsylvania, 19144, USA",
        "media": [
          "dc1ec24a867a396cf983003dc34c3e76"
        ]
      }
    },
    {
      "type": "Feature",
      "geometry": {
        "type": "Point",
        "coordinates": [
          -75.15255372906265,
          39.99705513857335
        ]
      },
      "properties": {
        "mural_name": "Above and Beyond",
        "artist": "Eric Okdeh",
        "address": "1325 W Cambria St, Philadelphia, Pennsylvania, 19132, USA",
        "media": [
          "f9b5aa980ba61583e9e4939c71e3d82b",
          "4f9cb9877f041e2fe92d60378dce3029",
          "875e911067f7614839c25cdd80d91b0f"
        ]
      }
    },
    {
      "type": "Feature",
      "geometry": {
        "type": "Point",
        "coordinates": [
          -75.02217378959348,
          40.08583112330729
        ]
      },
      "properties": {
        "mural_name": "Above the Clouds",
        "artist": "Eric Okdeh",
        "address": "9815 Roosevelt Blvd, Philadelphia, Pennsylvania, 19114, USA",
        "media": [
          "aac5dcdf91dc84003bf767eedb2c39f6"
        ]
      }
    },
    {
      "type": "Feature",
      "geometry": {
        "type": "Point",
        "coordinates": [
          -75.14989974493065,
          39.95164164352217
        ]
      },
      "properties": {
        "mural_name": "Acknowledgement",
        "artist": "David S. Gordon",
        "address": "599 Market St, Philadelphia, Pennsylvania, 19106, USA",
        "media": [
          "7db38cb5d247459cbef944c105f71355"
        ]
      }
    },
    {
      "type": "Feature",
      "geometry": {
        "type": "Point",
        "coordinates": [
          -75.14346606163332,
          39.96244209079359
        ]
      },
      "properties": {
        "mural_name": "Advocates for Advocacy",
        "artist": "Brett Cook-Dizney",
        "address": "306 Fairmount Ave, Philadelphia, Pennsylvania, 19123, USA",
        "media": [
          "4ea26d3676b78f7ab4bccd806ea77280",
          "1e9b6048d8fbc56b1876949302603eb5"
        ]
      }
    },
    {
      "type": "Feature",
      "geometry": {
        "type": "Point",
        "coordinates": [
          -75.173391,
          40.004517
        ]
      },
      "properties": {
        "mural_name": "Affirmations of Love",
        "artist": "Mary Enoch Elizabeth Baxter, aka Isis Tha Saviour",
        "address": "2633 W Allegheny Ave, Philadelphia, Pennsylvania, 19132, USA",
        "media": [
          "0140c3be8d14cd0791332399004149e2",
          "0bdef0ab2e6f2a014f3e22195c20248b",
          "d225abbea59628d05bb8946a87949ff4"
        ]
      }
    },
    {
      "type": "Feature",
      "geometry": {
        "type": "Point",
        "coordinates": [
          -75.17191237200878,
          40.04241332883648
        ]
      },
      "properties": {
        "mural_name": "African Bridges",
        "artist": "Eliseo Art Silva",
        "address": "340 E Haines St, Philadelphia, Pennsylvania, 19144, USA",
        "media": [
          "60e2c8ebad46c4e7ea905fbdef59f73a"
        ]
      }
    },
    {
      "type": "Feature",
      "geometry": {
        "type": "Point",
        "coordinates": [
          -75.1461701020948,
          40.00839267924395
        ]
      },
      "properties": {
        "mural_name": "African Landscape",
        "artist": "Henry Bermudez",
        "address": "3662 N 11th St, Philadelphia, Pennsylvania, 19140, USA",
        "media": [
          "13685296c8efcfe35d88b78b642a2862",
          "ec04c563524438b4b14d57bfa97ae274"
        ]
      }
    },
    {
      "type": "Feature",
      "geometry": {
        "type": "Point",
        "coordinates": [
          -75.2251367762258,
          39.938603720899444
        ]
      },
      "properties": {
        "mural_name": "African Market Day",
        "artist": "Abu Fofana",
        "address": "5521 Chester Ave, Philadelphia, Pennsylvania, 19143, USA",
        "media": [
          "baf2f2afe9f355d16e015f0af4f2f4b1",
          "3c40a7bb9072d8dc15d63145127ecd25",
          "b0d07e5ec349640ec72488ebeafcbbd3"
        ]
      }
    },
    {
      "type": "Feature",
      "geometry": {
        "type": "Point",
        "coordinates": [
          -75.17667398465541,
          40.03580163994792
        ]
      },
      "properties": {
        "mural_name": "Afromation Avenue (Germantown)",
        "artist": "Kita Rich",
        "address": "5800 Germantown Ave, Philadelphia, Pennsylvania, 19144, USA",
        "media": [
          "51646a0901b3ae362186c0bdc7e3b9b1",
          "d3658714f346e25044849c6308a28202",
          "a6a5ccd8ff08431b76ab4d709357eded",
          "e6e0c4ea48ab3d4e8162567fe7cc364a",
          "1ff38340a244e51e65bb29c8bf8ab607",
          "4a28ef5953309c500bfa28a54216fe20",
          "00dfdbcdaffd602d539d41b8886c00ba",
          "4fe0a5f6f8d015eff54f666ae419c060",
          "c7537233ae0a1c347d21161bfa9c4010",
          "c5f1069340dddea653c07fb5edc43ec2",
          "73a29d1a69eb24eefcb94dcd4b111bad",
          "1a9df66ca47e3cfd0d80ee12422b0c48",
          "317c486a50f41ac03e64fd75a63b4b7b",
          "4af803b89145e73584b948335afaa6b6",
          "94a4c671cdf98e313d09168f96f49f4d",
          "599398ea6c2a0a6ed6e17d8994319a0d",
          "824c51324544caa5994c43853afadbe3",
          "0b4eed05723e39849ba6a69d82104276",
          "d5edce5834b7120565311c6e7e40c7f3",
          "91bb9c516feec5fdbec997d74d13c692",
          "38b424536b3ef3a8b8e28b06921983df"
        ]
      }
    },
    {
      "type": "Feature",
      "geometry": {
        "type": "Point",
        "coordinates": [
          -75.22644338891433,
          39.953629799253804
        ]
      },
      "properties": {
        "mural_name": "Afromation Avenue (West Philadelphia)",
        "artist": "Marian Bailey",
        "address": "5200 Pine St, Philadelphia, Pennsylvania, 19143, USA",
        "media": [
          "eeb0ef3dddb582799c1ee631dba1ce10",
          "7bff9bcf3c0b6e427998cc1d8d4c584e",
          "7ca76137f03cc420d2f2f1679b0dbc02",
          "88aac28458785fb7fecf14c9d960e5f3",
          "38f0d487a1c7b6bb87581ec4c5daf040",
          "cc2e4745577a9d01a89ae7acfe89fa69",
          "d0a204a073ca7ed1b3701e86ef8ec578",
          "a639316c858f3266909f98a2d35bfe70",
          "a9b23456bf153edb6e49b3c08b953cbb",
          "c48264bb77ea308abbf8dc24d3af9d4e",
          "4fa93f90f9ced7c038ea12d73bbf71ae",
          "45fbd307b833c39e65f77a5547c58773",
          "65e849521b3362cdf3c3225cb0839e51",
          "975b32accc28df32977b0c74060ca70b",
          "12e17c3d93ccf059d54e6ad4daa52fd5",
          "650395f3d038925e491d6072af6b772e",
          "2b7764fb6500d50b55ac46a4ae3eb4e5",
          "2c5dd493024d69a262bc9b8f734918b0"
        ]
      }
    },
    {
      "type": "Feature",
      "geometry": {
        "type": "Point",
        "coordinates": [
          -75.15803944554321,
          39.942305678793026
        ]
      },
      "properties": {
        "mural_name": "Afromation Avenue 2024 (7th Ward)",
        "artist": "Brittni Jennings",
        "address": "625 S Delhi St, Philadelphia, Pennsylvania, 19147, USA",
        "media": [
          "dc3daed1f2e363661641bf75b4101dc9",
          "33484ca95a15f59ba146b3a89eb76271",
          "52cc02a9633b2a9826eb156db2974181",
          "ecb5a19f386e745e3b88bd94357d390f",
          "d1fc211861b970d5d56db70b71ecfeaf",
          "c7c417caf76b61e15167835fbd6110d3",
          "85cce7842799075d4f652e1cc1ebd1d8",
          "4d9e309f74ece77cc2c66252839bd181",
          "46a59fff36bc0dba68e244a98d08f747",
          "64230b9342ec8cf2f9573086ffefa888",
          "8229702c6822f02c65bbba37592785bf",
          "b1f2e6ab49936fa8c6ac95847344aaee",
          "4854e27dab4af4d87e16e57058b33518",
          "d2e17d8450f8993bd822cf68317d4f3c",
          "d6a03b8e1a82cec2dd6a0870414e981f",
          "b04e378a57f3f9edc55d0aa2f25cd38a",
          "93de6919ce194d10364909dcacb94c86",
          "826f52a2c246e1d52f6d403e26a3ed84",
          "07f4138724e8f4ec8d9363cce05ec0d1",
          "86523191fcc311340e1f7d57478b0b8c",
          "582caddf48c6443ea0898a23b33d6f98",
          "f637758189ee1b161b55a350f59ea9d3"
        ]
      }
    },
    {
      "type": "Feature",
      "geometry": {
        "type": "Point",
        "coordinates": [
          -75.12148409116445,
          40.01293844915459
        ]
      },
      "properties": {
        "mural_name": "After Rain Comes Fair Weather",
        "artist": "Charles Barbin",
        "address": "300 E Hunting Park Ave, Philadelphia, Pennsylvania, 19124, USA",
        "media": [
          "792da443c39610529549e36ec23be0f2",
          "20b9009452e1cbe8e828e36801380b67",
          "be226e5e9d36dd8c548b0fafa3de5752",
          "f94d3df57136ededa1d90b7d9558631f",
          "5cfb5dd1d74119a91425cdb08086f4ef",
          "e2113a854050fdc4ff4a58de9352445b",
          "b0c6e47e9c97c9e15234ff1cb1be9581",
          "39c6969626764b2f8c1c2ab876317619",
          "1ce46e6a80cf5968cfef83f3add93c45",
          "b5f0a7ecd7e3e090fb666f35c00d548c",
          "a2489069f5eca6203a1f8a6eb935585d",
          "35c3b53693f074a3b76cbb0fb7694166",
          "64e9ec9a30805305e4eb47109f37c3d0",
          "39e3fa019e9a30e7be535a5ec7f16af6",
          "64cba971a9466ab8fd42c597771e7b05",
          "337d0f8c2112befa07c60778dee4386e",
          "c7c81252e459f1a132393a3f5c687b8e",
          "8833fd631ae01433593f26c1193daaba",
          "8dcea18edec9bd863fcc672abe72e5b4",
          "7d3e191dc8f072b141e7125f27a481db",
          "c66bf1f76142bc6b3cf1c8e618104f29",
          "49ab074be50787578dda169d91405dfe",
          "702ad6e5cc695213f6677cddae1efe8a",
          "5e834f988728276c40d78f37baf08f4f"
        ]
      }
    },
    {
      "type": "Feature",
      "geometry": {
        "type": "Point",
        "coordinates": [
          -75.07144850600044,
          40.010012849327566
        ]
      },
      "properties": {
        "mural_name": "Afternoon by the Water (formerly Wissahickon)",
        "artist": "Karl Yoder",
        "address": "5000 Aramingo Ave, Philadelphia, Pennsylvania, 19124, USA",
        "media": [
          "a446bf441514caecf699e74209b810b0",
          "e93e2e12627235d064df52ff6451c56b"
        ]
      }
    },
    {
      "type": "Feature",
      "geometry": {
        "type": "Point",
        "coordinates": [
          -75.20589253361204,
          39.96497360387612
        ]
      },
      "properties": {
        "mural_name": "Afternoon Stroll by Mikel Elam, in conversation with The Time Is Always Now: Artists Reframe the Black Figure",
        "artist": "Mikel Elam",
        "address": "4102 Lancaster Ave, Philadelphia, Pennsylvania, 19104, USA",
        "media": [
          "fedf5147464710ed40668a965003e1c5",
          "fedf5147464710ed40668a965003e1c5",
          "c12a584785fbd93f5abef502cce59a55"
        ]
      }
    },
    {
      "type": "Feature",
      "geometry": {
        "type": "Point",
        "coordinates": [
          -75.2237494750076,
          39.94086976338417
        ]
      },
      "properties": {
        "mural_name": "AIDS Southwest",
        "artist": "Parris Stancell",
        "address": "1403 S 54th St, Philadelphia, Pennsylvania, 19143, USA",
        "media": [
          "78ddf19c39802cf861209db8b8edbb2d"
        ]
      }
    },
    {
      "type": "Feature",
      "geometry": {
        "type": "Point",
        "coordinates": [
          -75.153141,
          39.961281
        ]
      },
      "properties": {
        "mural_name": "Aizen",
        "artist": "Shawn Theodore",
        "address": "900 Spring Garden St, Philadelphia, Pennsylvania, 19107, USA",
        "media": [
          "30de164a25c87136ac838463fec9d0b7",
          "d1e3a3f00b29e6fe263e781dc858fc43",
          "dc3e6ba0671722688b272febc0130c52",
          "f1e711f9a156e0e53f805632f6b6f272",
          "fe27c777aabb783a9117ae681f0b353e"
        ]
      }
    },
    {
      "type": "Feature",
      "geometry": {
        "type": "Point",
        "coordinates": [
          -75.05025168636988,
          40.070956020338976
        ]
      },
      "properties": {
        "mural_name": "Alab Ng Puso (My Heart's Sole Burning Fire)",
        "artist": "Eliseo Art Silva",
        "address": "8426 Bustleton Ave, Philadelphia, Pennsylvania, 19152, USA",
        "media": [
          "6570aada7e172c5295f61bb12a673b1a"
        ]
      }
    },
    {
      "type": "Feature",
      "geometry": {
        "type": "Point",
        "coordinates": [
          -75.16352067130792,
          39.94652912587976
        ]
      },
      "properties": {
        "mural_name": "Alain Leroy Locke",
        "artist": "Ben Slow",
        "address": "1342 Cypress St, Philadelphia, Pennsylvania, 19107, USA",
        "media": [
          "086c2854554b42f2f81ebb642f57bbf7",
          "c4f40323a3aead7d902edca82b8e2aa4"
        ]
      }
    },
    {
      "type": "Feature",
      "geometry": {
        "type": "Point",
        "coordinates": [
          -75.20878507600065,
          39.94505371042097
        ]
      },
      "properties": {
        "mural_name": "Alexander Wilson Elementary School mural",
        "artist": "Shira Walinsky",
        "address": "4514 Woodland Ave, Philadelphia, Pennsylvania, 19143, USA",
        "media": [
          "091e5d556d385a121219cfc312ade24f",
          "20d1663bd326f955ec8be8ab7e9650db"
        ]
      }
    },
    {
      "type": "Feature",
      "geometry": {
        "type": "Point",
        "coordinates": [
          -75.15121373163038,
          39.940814871411675
        ]
      },
      "properties": {
        "mural_name": "All at Once",
        "artist": "Ali M. Williams",
        "address": "710 S 5th St, Philadelphia, Pennsylvania, 19147, USA",
        "media": [
          "89827da28e92700a8f05c64ce534fdce",
          "b436c7313176dfc5ac51d7d1dd16e7bd"
        ]
      }
    },
    {
      "type": "Feature",
      "geometry": {
        "type": "Point",
        "coordinates": [
          -75.18247465087327,
          39.980262605662546
        ]
      },
      "properties": {
        "mural_name": "All Gave Some, Some Gave All",
        "artist": "Philadelphia Anti-Graffiti Network (PAGN)",
        "address": "1556 N 29th St, Philadelphia, Pennsylvania, 19121, USA",
        "media": [
          "ad0eba8e277c8b83aaea832ac5c4a786"
        ]
      }
    },
    {
      "type": "Feature",
      "geometry": {
        "type": "Point",
        "coordinates": [
          -75.1397247995705,
          39.98116967191785
        ]
      },
      "properties": {
        "mural_name": "All Is Not Forgotten: James Gibson",
        "artist": "Peter Pagast",
        "address": "2007 N 3rd St, Philadelphia, Pennsylvania, 19122, USA",
        "media": [
          "608b34e2cba3fba7d66ad5f6943066f3",
          "7fd3f41484b321cbc99d339a1567738e",
          "ed7f8304766c976bfa1927be7f660794"
        ]
      }
    },
    {
      "type": "Feature",
      "geometry": {
        "type": "Point",
        "coordinates": [
          -75.22714281476229,
          39.93491323093997
        ]
      },
      "properties": {
        "mural_name": "All Join Hands: Myers Rec Center",
        "artist": "Eric Okdeh",
        "address": "5801 Kingsessing Ave, Philadelphia, Pennsylvania, 19143, USA",
        "media": [
          "34965252b461b169f928bae34985cec2",
          "239970efd5f484e0563809393c94865b",
          "65ee7969007c3d8b488f5e3c31e21f8e",
          "fdc3632504f234d64b2663a9a22e57b9",
          "2504ac5675388c421195c4f4446b98a8",
          "edec2711d7a3671d5ee9fd2e4e0e6e4a",
          "22ff8d6c3fee54c8b3b444cb4887e825",
          "f39860017591144975463716cc07e4fb",
          "3c931b33ce0eb1a35b981573b901738f"
        ]
      }
    },
    {
      "type": "Feature",
      "geometry": {
        "type": "Point",
        "coordinates": [
          -75.16191258505978,
          39.963571885881834
        ]
      },
      "properties": {
        "mural_name": "All Join Hands: The Visions of Peace Project",
        "artist": "Donald Gensler",
        "address": "550 N Broad St, Philadelphia, Pennsylvania, 19130, USA",
        "media": [
          "c26160b532d94eb28ecb17670c794b90",
          "a98fd07edfc4771fc744da3953ca297e",
          "5841793a89bec4803ec8e9050cc98563",
          "8cec22f3530ea0904f23c626dc5770b3"
        ]
      }
    },
    {
      "type": "Feature",
      "geometry": {
        "type": "Point",
        "coordinates": [
          -75.16420122402681,
          39.95431401055793
        ]
      },
      "properties": {
        "mural_name": "All Power to All People",
        "artist": "Hank Willis Thomas",
        "address": "1401 John F Kennedy Blvd, Philadelphia, Pennsylvania, 19102, USA",
        "media": [
          "42e5e56adcdcd54a9d219f5a7d09f49b",
          "6016492465f5274753286c444797753c",
          "fb2d09f6b4d2bbe775a988079086395b",
          "8eed0def39586f1199009df5f64fc7e8"
        ]
      }
    },
    {
      "type": "Feature",
      "geometry": {
        "type": "Point",
        "coordinates": [
          -75.137171,
          39.980801
        ]
      },
      "properties": {
        "mural_name": "All the Way Live From the 215",
        "artist": "Chris Stain",
        "address": "200 W Norris St, Philadelphia, Pennsylvania, 19122, USA",
        "media": [
          "770ecf5c6ef82701a46b7e08c7286762",
          "b4641e9412fd01fb84aae071df82c953",
          "aa688d153a85a09ce604166a6ac729e8",
          "1e2e5e4176e556e5ca692655766d8e39"
        ]
      }
    },
    {
      "type": "Feature",
      "geometry": {
        "type": "Point",
        "coordinates": [
          -75.16250106465927,
          39.950086309694264
        ]
      },
      "properties": {
        "mural_name": "All Very Amazing Fingers!",
        "artist": "assume vivid astro focus (avaf)",
        "address": "1315 Sansom St, Philadelphia, Pennsylvania, 19107, USA",
        "media": [
          "2f9bedda6eef0212bf3787f6098d29a7",
          "61f30e7d049839c3e2ab4191c6aec72f"
        ]
      }
    },
    {
      "type": "Feature",
      "geometry": {
        "type": "Point",
        "coordinates": [
          -75.1820382038442,
          39.93026344437571
        ]
      },
      "properties": {
        "mural_name": "Allegory of a Young Man",
        "artist": "Eric Okdeh",
        "address": "1722 S 22nd St, Philadelphia, Pennsylvania, 19145, USA",
        "media": [
          "8b88325553c7ebc71f3d0a0f048348a5"
        ]
      }
    },
    {
      "type": "Feature",
      "geometry": {
        "type": "Point",
        "coordinates": [
          -75.11772614372748,
          39.981459458939845
        ]
      },
      "properties": {
        "mural_name": "Alley Oop",
        "artist": "Brad Carney",
        "address": "2600 Aramingo Ave, Philadelphia, Pennsylvania, 19125, USA",
        "media": [
          "93ce4d52e87dd2d43f159ff27bdcf03e",
          "50874e7d87af5d31ced3fa1519a070df",
          "75bbb39f4ba129964da4c2663458cd2e"
        ]
      }
    },
    {
      "type": "Feature",
      "geometry": {
        "type": "Point",
        "coordinates": [
          -75.204404,
          39.970186
        ]
      },
      "properties": {
        "mural_name": "Almost Home",
        "artist": "Eric Okdeh",
        "address": "885 N Preston St, Philadelphia, Pennsylvania, 19104, USA",
        "media": [
          "1faacb0f3c1d0407abec79636ae05399"
        ]
      }
    },
    {
      "type": "Feature",
      "geometry": {
        "type": "Point",
        "coordinates": [
          -75.15217008971973,
          39.94233080860543
        ]
      },
      "properties": {
        "mural_name": "Alone by Eustace Mamba, in conversation with The Time is Always Now: Artists Reframe the Black Figure",
        "artist": "Eustace Mamba",
        "address": "537 South St, Philadelphia, Pennsylvania, 19147, USA",
        "media": [
          "40af183644ee61b4d4b608d7a124ad58",
          "84f3aa1305722c38884aa9f575fe0691",
          "e58c028ffc149fd18debf26a485e8729"
        ]
      }
    },
    {
      "type": "Feature",
      "geometry": {
        "type": "Point",
        "coordinates": [
          -75.12855856229908,
          39.99356504070182
        ]
      },
      "properties": {
        "mural_name": "Alphabet Bridges (A Street)",
        "artist": "Carlos \"Calo\" Rosa",
        "address": "2837-2899 A St, Philadelphia, Pennsylvania, 19134, USA",
        "media": [
          "3dda4177705a7560ac4215feb95f7903",
          "2947f5a6cf334ebc72c1bc7b43eb7ab7",
          "08cff0c3fc2f16a31c0a34a515b57c0d",
          "dd932830017a7dfe8fa00c21df26a43f",
          "7d61734f6c653f475d8cdf8f9f9114f9",
          "86795a0d6686c0cb0f6b60b6237079c4"
        ]
      }
    },
    {
      "type": "Feature",
      "geometry": {
        "type": "Point",
        "coordinates": [
          -75.13016337561834,
          39.99489370901848
        ]
      },
      "properties": {
        "mural_name": "Alphabet Bridges (Front Street Bridge)",
        "artist": "Carlos \"Calo\" Rosa",
        "address": "2913-2951 N Front St, Philadelphia, Pennsylvania, 19133, USA",
        "media": [
          "a93da4abb8c5db248171b50ca46c26ea",
          "b68024574b9527a7b3ea091dc6c84dfb",
          "525bc6b072b4db1d15c28a47334b26c3"
        ]
      }
    },
    {
      "type": "Feature",
      "geometry": {
        "type": "Point",
        "coordinates": [
          -75.13192246027377,
          39.99613624122904
        ]
      },
      "properties": {
        "mural_name": "Alphabet Bridges (Mascher Street)",
        "artist": "Carlos \"Calo\" Rosa",
        "address": "3028-2968 N Mascher St, Philadelphia, Pennsylvania, 19133, USA",
        "media": [
          "6342f56071d779fa2389a2a2e4511804",
          "97d04b39e052a70be12f70481aa592b3",
          "1eeccb7e290f47eda4a76787736760cc"
        ]
      }
    },
    {
      "type": "Feature",
      "geometry": {
        "type": "Point",
        "coordinates": [
          -75.14065388725778,
          39.969076429341996
        ]
      },
      "properties": {
        "mural_name": "American Street Tree Mural",
        "artist": "Felix St. Fort",
        "address": "1150 N American St, Philadelphia, Pennsylvania, 19123, USA",
        "media": [
          "1056d9f9189f9f0a3217b1fad2a7ffc1"
        ]
      }
    },
    {
      "type": "Feature",
      "geometry": {
        "type": "Point",
        "coordinates": [
          -75.1984326884666,
          39.9465777420031
        ]
      },
      "properties": {
        "mural_name": "American Tableau",
        "artist": "James Burns",
        "address": "588 S University Ave, Philadelphia, Pennsylvania, 19104, USA",
        "media": [
          "24ce24d89e1744281866e083c4927273",
          "8810a41f1e0662b34b8b3bcb7d6b7982",
          "d9ae1fb448a7f1026de1411977997815",
          "9590b93a7751550ffd8942b4a5ff5851"
        ]
      }
    },
    {
      "type": "Feature",
      "geometry": {
        "type": "Point",
        "coordinates": [
          -75.13563712487681,
          39.98483145020774
        ]
      },
      "properties": {
        "mural_name": "Amor del Bueno",
        "artist": "Celso González",
        "address": "2239 N 2nd St, Philadelphia, Pennsylvania, 19133, USA",
        "media": [
          "4b38736c2b0e8df9056f635f5628932f",
          "00773bcc7a8f2aec3cdb5590f0b27cc2",
          "48e86a1f0e6b72bf6e6e61bc46c3999a"
        ]
      }
    },
    {
      "type": "Feature",
      "geometry": {
        "type": "Point",
        "coordinates": [
          -75.155280687258,
          39.96154382405177
        ]
      },
      "properties": {
        "mural_name": "Amplify",
        "artist": "Benjamin Volta",
        "address": "1026 Spring Garden St, Philadelphia, Pennsylvania, 19123, USA",
        "media": [
          "09721ccf29c729294334e2cdf5b6f30f",
          "e0033cca6f61c9e638f618dcd363b95b"
        ]
      }
    },
    {
      "type": "Feature",
      "geometry": {
        "type": "Point",
        "coordinates": [
          -75.15804279709235,
          39.93749641598158
        ]
      },
      "properties": {
        "mural_name": "An Ode To 9th Street",
        "artist": "Martha Rich",
        "address": "1001-1005 S 9th St, Philadelphia, Pennsylvania, 19147, USA",
        "media": [
          "61d708eb4ef46b9736631f584574504b",
          "e39d5ad1e06898a9f128366965b78a98",
          "677a8f35a8855a6cc0f184fe8315136e",
          "e0e837129585165f2d889d6d3f662e25"
        ]
      }
    },
    {
      "type": "Feature",
      "geometry": {
        "type": "Point",
        "coordinates": [
          -75.13508166027474,
          39.96574238317854
        ]
      },
      "properties": {
        "mural_name": "Ancient River",
        "artist": "Natalie Flor Negrón",
        "address": "29 E Allen St, Philadelphia, Pennsylvania, 19123, USA",
        "media": [
          "621df2b35c865d402f05cd74ba4350e6",
          "6ea4d43f59747a1e0615487d63796f6b"
        ]
      }
    },
    {
      "type": "Feature",
      "geometry": {
        "type": "Point",
        "coordinates": [
          -75.15986586241284,
          39.945303699378165
        ]
      },
      "properties": {
        "mural_name": "AND INTO THE STREETS",
        "artist": "Rami George",
        "address": "11th & Pine Sts, Philadelphia, Pennsylvania, 19107, USA",
        "media": [
          "9aeab51da19fc279b39c34636f4720a4",
          "5415a13bbb8188844c2eca7f39110792",
          "c0e2a063e64fdc1e3493e18a7d410872",
          "4bf8451b3e82e42f6c2e8771d5300252",
          "f9c277e8e3e9655bf96ea78099e16919",
          "4b6f1301db3c44601a3ed0bbddf16244",
          "d6b3da550ee3ffc467ea6691320cb6c4",
          "e9af332d48fe9fabbc65c4a948388478",
          "962a4289e80275d8c2d1404225f030fe",
          "491070f1d91abc84d468f96e918c30fb",
          "4730aa22ffa7b20f633cd44033532769",
          "fa2b5de3893ff468d7bed220658565c4",
          "3ea46d63f348f2f8bd09876a75c56cd6",
          "3b8254faca9199ef1f76a5b571a5b331",
          "dd9a53b35ddf35478caf42bd7b3e02d7",
          "990dfd3c11ec250ad2d30fdaff0cdbd7"
        ]
      }
    },
    {
      "type": "Feature",
      "geometry": {
        "type": "Point",
        "coordinates": [
          -75.17153435914274,
          40.016565496201984
        ]
      },
      "properties": {
        "mural_name": "Animated Stories (inspiration is the Best Motivation)",
        "artist": "JT Derrick Taylor",
        "address": "4700 G Wissahickon Ave, Philadelphia, Pennsylvania, 19144, USA",
        "media": [
          "404074735ed5410f9c0616496c9e531b",
          "72c3acd88a484948e8f88596e74a13ed",
          "72f04bd19f75ad2600bba5670862282d"
        ]
      }
    },
    {
      "type": "Feature",
      "geometry": {
        "type": "Point",
        "coordinates": [
          -75.22760487210029,
          39.94163745295683
        ]
      },
      "properties": {
        "mural_name": "Anna Howard Shaw Middle School mural",
        "artist": "Sarah Moyer",
        "address": "5400 Warrington Ave, Philadelphia, Pennsylvania, 19143, USA",
        "media": [
          "cc1cca8f59bcc1c8024865b7c602c61d",
          "ad532644935a7bbf521436ca5ab5c471"
        ]
      }
    },
    {
      "type": "Feature",
      "geometry": {
        "type": "Point",
        "coordinates": [
          -75.16798111609481,
          39.94427776742851
        ]
      },
      "properties": {
        "mural_name": "Antes de la Iluvia (Before the Rain)",
        "artist": "Carlos \"Calo\" Rosa",
        "address": "1525 South St, Philadelphia, Pennsylvania, 19146, USA",
        "media": [
          "9de09407f7c789ef8bf329d77f998406",
          "0587f214dd6b313c0fe8b82419683aa0",
          "dd4625ae7949e2cbcc5c4fe96a90cbdf",
          "235321f4fe17896ac09489178baf3222"
        ]
      }
    },
    {
      "type": "Feature",
      "geometry": {
        "type": "Point",
        "coordinates": [
          -76.62862280153445,
          40.28643912021222
        ]
      },
      "properties": {
        "mural_name": "Apotheosis of Youth",
        "artist": "Eliseo Art Silva",
        "address": "711 Crest Ln, Hershey, Pennsylvania, 17033, USA",
        "media": [
          "ab29ced73a613d1213cb32a132f9d9a2"
        ]
      }
    },
    {
      "type": "Feature",
      "geometry": {
        "type": "Point",
        "coordinates": [
          -75.14989974493065,
          39.95164164352217
        ]
      },
      "properties": {
        "mural_name": "Apprised",
        "artist": "David S. Gordon",
        "address": "599 Market St, Philadelphia, Pennsylvania, 19106, USA",
        "media": [
          "da36cf2eec7e9434a64151bf8e98d3d3",
          "c5e034ae42cc0423743a8dd8aa7333f7"
        ]
      }
    },
    {
      "type": "Feature",
      "geometry": {
        "type": "Point",
        "coordinates": [
          -75.129437,
          39.996805
        ]
      },
      "properties": {
        "mural_name": "Aqui Se Respira Lucha",
        "artist": "Betsy Z. Casañas",
        "address": "3063 N Front St, Philadelphia, Pennsylvania, 19133, USA",
        "media": [
          "1d18629e30b971cee1569c2fac4393fd",
          "f55714db8ff777c14470ce0f8261dc64",
          "13412216879354c2d5b20db3dbda1454",
          "c9c35d3bc2840cd2392f2ae55c93f77e",
          "61bcff489d71134290074af93a90f309"
        ]
      }
    },
    {
      "type": "Feature",
      "geometry": {
        "type": "Point",
        "coordinates": [
          -75.15462822352663,
          39.92972427814693
        ]
      },
      "properties": {
        "mural_name": "Aqui y Alla",
        "artist": "Michelle Angela Ortiz",
        "address": "1515 S 6th St, Philadelphia, Pennsylvania, 19147, USA",
        "media": [
          "e4b6302cb9e157ee1b23ec068c2ab145",
          "c49d51ddbbe215b7773a4886a68a81d0"
        ]
      }
    },
    {
      "type": "Feature",
      "geometry": {
        "type": "Point",
        "coordinates": [
          -75.16773221792045,
          39.97482035125062
        ]
      },
      "properties": {
        "mural_name": "Arise & Reclaim",
        "artist": "Eliseo Art Silva",
        "address": "1937 Ridge Ave, Philadelphia, Pennsylvania, 19121, USA",
        "media": [
          "75b3e80e0bdffc8511d9c211f88ec671"
        ]
      }
    },
    {
      "type": "Feature",
      "geometry": {
        "type": "Point",
        "coordinates": [
          -75.19896856159019,
          39.96504321605312
        ]
      },
      "properties": {
        "mural_name": "Art House",
        "artist": "Shira Walinsky",
        "address": "3828 Melon St, Philadelphia, Pennsylvania, 19104, USA",
        "media": [
          "a61ed24b191ad33852e71cd00a0e8027",
          "d203a72c9f3db7f0042b338416549598",
          "9cf015f50aecc652748cd5ff161b1890",
          "097dda14ee9ad313b09a2a69c169d085",
          "ff83d16bce76897a5309f20dd8583684",
          "5d5d17d4c66a3ecde8de4c187af41b65",
          "a3b1bb39645d704030df5a3b3ea1d56a",
          "d1bc432a69476486b42ecac4ed60fecc",
          "744043af8a839a1a5fe86a6e327858ad",
          "ff58208e3371f2527895d0cfeb6badb7",
          "d469ce0c24955ee383b9b8821da77559"
        ]
      }
    },
    {
      "type": "Feature",
      "geometry": {
        "type": "Point",
        "coordinates": [
          -75.04274807405879,
          40.02658446741167
        ]
      },
      "properties": {
        "mural_name": "Art is for Everyone",
        "artist": "Laura Lyn Stern",
        "address": "6918 Torresdale Ave, Philadelphia, Pennsylvania, 19135, USA",
        "media": [
          "0430c33fa024d504e6bf0e04eb2b4b06",
          "40c3df8e2cc7c99f253d98ac4e15a934",
          "0569159201522f2f0c01abb5e7ec393a",
          "61c2f59d5b7044ed78142a660c0370fb",
          "b485aa74466c82f43d672544ee896312",
          "6aeda675990ebbc5065462ba976245d4"
        ]
      }
    },
    {
      "type": "Feature",
      "geometry": {
        "type": "Point",
        "coordinates": [
          -75.14455586017863,
          39.98354922299624
        ]
      },
      "properties": {
        "mural_name": "Art is Power",
        "artist": "Danny Torres",
        "address": "2108 N 6th St, Philadelphia, Pennsylvania, 19122, USA",
        "media": [
          "f1a26431a779b7c4a3f8decba3dff1d7"
        ]
      }
    },
    {
      "type": "Feature",
      "geometry": {
        "type": "Point",
        "coordinates": [
          -75.20608072958555,
          39.96536913826089
        ]
      },
      "properties": {
        "mural_name": "Art Makes Me Confident: A Youth Artistic Rebuttal",
        "artist": "Amy Scheidegger",
        "address": "4118 Lancaster Ave, Philadelphia, Pennsylvania, 19104, USA",
        "media": [
          "692ee9b16618046b96811bcc765f5e93",
          "46aa9d73a6955081aed43564c432a764",
          "c39cb212be7001311d40e72c433b5070"
        ]
      }
    },
    {
      "type": "Feature",
      "geometry": {
        "type": "Point",
        "coordinates": [
          -75.1691710602755,
          39.943452639800554
        ]
      },
      "properties": {
        "mural_name": "Art Sanctuary",
        "artist": "Ernel Martinez",
        "address": "628 S 16th St, Philadelphia, Pennsylvania, 19146, USA",
        "media": [
          "a2ce735bbc0c32e3ac16130e97481fbc",
          "64b6e5ea5dfdf3eefbe9b157cf4a52ed",
          "37d02524eb55929e1c89255f668f6695"
        ]
      }
    },
    {
      "type": "Feature",
      "geometry": {
        "type": "Point",
        "coordinates": [
          -75.15881170835694,
          39.969818615328606
        ]
      },
      "properties": {
        "mural_name": "ARTsolutely Awesome North Philly, Yeah!",
        "artist": "Marcus Akinlana",
        "address": "1516 Parrish St, Philadelphia, Pennsylvania, 19130, USA",
        "media": [
          "ede22dddc6911b53018e257f12a3ad37",
          "d44b5b334fa698e311220e7e179995bb",
          "3641b600e11fa2e5320b64fd3acf93be",
          "34bc99781d9a3b97d741c7b280ef7476"
        ]
      }
    },
    {
      "type": "Feature",
      "geometry": {
        "type": "Point",
        "coordinates": [
          -75.153141,
          39.961281
        ]
      },
      "properties": {
        "mural_name": "Aspect 281",
        "artist": "Carolyn Healey",
        "address": "900 Spring Garden St, Philadelphia, Pennsylvania, 19107, USA",
        "media": [
          "c8089064cf4be7f8d494aab8d7bc184a",
          "4da4af8ad9f076a82ed7fefc0abd4ea1",
          "849e066279918baf3e960e44d23f59dc",
          "37e3b94fcadb48abcca091caf8a059aa",
          "9b93ecd07c9a8a14b6a406d81537de79"
        ]
      }
    },
    {
      "type": "Feature",
      "geometry": {
        "type": "Point",
        "coordinates": [
          -75.21753176971605,
          39.966133976458565
        ]
      },
      "properties": {
        "mural_name": "Aspen Farms",
        "artist": "Robert Bruce Bullock",
        "address": "4835 Aspen St, Philadelphia, Pennsylvania, 19139, USA",
        "media": [
          "b5fc8c61d3c8138023f26b4b630f6d34"
        ]
      }
    },
    {
      "type": "Feature",
      "geometry": {
        "type": "Point",
        "coordinates": [
          -75.23278274400145,
          39.96527072637348
        ]
      },
      "properties": {
        "mural_name": "Aspiration",
        "artist": "Dennis Haugh",
        "address": "5630 Vine St, Philadelphia, Pennsylvania, 19139, USA",
        "media": [
          "01e18e2f2fb53d2e1de1316a1a3ef039",
          "fa79b56f30b60cdf8e7602c0d3c73db9"
        ]
      }
    },
    {
      "type": "Feature",
      "geometry": {
        "type": "Point",
        "coordinates": [
          -75.178199,
          39.938102
        ]
      },
      "properties": {
        "mural_name": "ASpire: No Limits",
        "artist": "Ernel Martinez",
        "address": "2054 Ellsworth St, Philadelphia, Pennsylvania, 19146, USA",
        "media": [
          "cb75c6fb142dc3f5130ae17ce9c3c493",
          "8504667b7ed0f4b8b55a42f406041c7c",
          "a151998a18642dc6e5e13574350a03a5"
        ]
      }
    },
    {
      "type": "Feature",
      "geometry": {
        "type": "Point",
        "coordinates": [
          -75.14640719281503,
          39.92117047369477
        ]
      },
      "properties": {
        "mural_name": "Asthma Awareness Mural",
        "artist": "David McShane",
        "address": "10 Snyder Ave, Philadelphia, Pennsylvania, 19148, USA",
        "media": [
          "89ff0dc15b210384e0dea08d49fbc89a"
        ]
      }
    },
    {
      "type": "Feature",
      "geometry": {
        "type": "Point",
        "coordinates": [
          -75.01351045935603,
          40.03469754331769
        ]
      },
      "properties": {
        "mural_name": "At the Crossroads",
        "artist": "Ernel Martinez",
        "address": "8301 State Rd, Philadelphia, Pennsylvania, 19136, USA",
        "media": [
          "f9309bb74d701be5ee2f18d2a3386b25",
          "b19037693e3e3e87b454501f05d85f97"
        ]
      }
    },
    {
      "type": "Feature",
      "geometry": {
        "type": "Point",
        "coordinates": [
          -75.16602344493069,
          39.949843374887806
        ]
      },
      "properties": {
        "mural_name": "AT&T Storefront",
        "artist": "Mary Enoch Elizabeth Baxter, aka Isis Tha Saviour",
        "address": "1501 Walnut St, Philadelphia, Pennsylvania, 19102, USA",
        "media": [
          "bb1b0774c10f511b158a0f2744c7713f",
          "e115cd1a6838c7860b701fcae06b4d77",
          "09c6d25afa6e11a4f4547d369cd4b100",
          "3d961117092d460605c05297af75704d",
          "db098f1ca3eae6d9d9dda7609030f643"
        ]
      }
    },
    {
      "type": "Feature",
      "geometry": {
        "type": "Point",
        "coordinates": [
          -75.15696908673412,
          39.94209125180246
        ]
      },
      "properties": {
        "mural_name": "Autumn",
        "artist": "David Guinn",
        "address": "629 S 9th St, Philadelphia, Pennsylvania, 19147, USA",
        "media": [
          "42a9ebb53ea43cf102a0cc2147ebd5ef",
          "72ef5625e04045c89c2a528aa2529df6",
          "e6f080cf831c576ace83b3e05c4c6aff"
        ]
      }
    },
    {
      "type": "Feature",
      "geometry": {
        "type": "Point",
        "coordinates": [
          -75.1562570179471,
          39.96444966353558
        ]
      },
      "properties": {
        "mural_name": "Autumn Cascade",
        "artist": "Kenneth Millington",
        "address": "1108 Wallace St, Philadelphia, Pennsylvania, 19123, USA",
        "media": [
          "285f1b2583f677e826789749cdeef156",
          "e52825f448179eaa9627b0e97773c44d"
        ]
      }
    },
    {
      "type": "Feature",
      "geometry": {
        "type": "Point",
        "coordinates": [
          -75.15465932825364,
          39.939336448708154
        ]
      },
      "properties": {
        "mural_name": "Autumn Revisited",
        "artist": "David Guinn",
        "address": "719 Catharine St, Philadelphia, Pennsylvania, 19147, USA",
        "media": [
          "befe781abd494c6399c6b66671ca35c6",
          "8544409bb464e6b249407aea26f6f793",
          "ca3337a3e41d61dd6ee152af1ca6ede7",
          "7e6babf29cd13d2d409efcf89fa76897",
          "08b469ddf9e8db109767ac202bbe635b",
          "1c907ebf91d449dd600a8cecda5b5986",
          "74fca6e155328f4b433a0bca67a0953f",
          "7fbe46f96f9b80ef251e4a1049703636"
        ]
      }
    },
    {
      "type": "Feature",
      "geometry": {
        "type": "Point",
        "coordinates": [
          -75.08461250279043,
          40.07556310191845
        ]
      },
      "properties": {
        "mural_name": "Awakening (The Hope Murals Project)",
        "artist": "Cathleen Hughes",
        "address": "7931 Oxford Ave, Philadelphia, Pennsylvania, 19111, USA",
        "media": [
          "10f95299f49e50ed47f868596dabcccc"
        ]
      }
    },
    {
      "type": "Feature",
      "geometry": {
        "type": "Point",
        "coordinates": [
          -75.17661029571724,
          39.94197508106909
        ]
      },
      "properties": {
        "mural_name": "B is for Butterfly",
        "artist": "Shari Hersh",
        "address": "2000 Catharine St, Philadelphia, Pennsylvania, 19146, USA",
        "media": [
          "bd9f969123df65240e2a96dbb041aa1d",
          "355a056754ca9778eb71a5457d2fe067",
          "63552521e2d678215012469c2e478b54",
          "3cea32c76eae86ffaf7b8298692a9f3b",
          "c034d2e5c2e2e0ff9dd53c528c853432",
          "3c9457e9b8904e2b07253f69bb09904c",
          "5a61400fa7b326a1125b0b09a1208aa7",
          "e06e7d7f2b4a7c2c18017ba261cad340",
          "80b1da04655e3254e5e961a8074dacdf",
          "ecebdd0e3eaf51d341f6e76cd85f7084",
          "3393edff4d3e46a63a1c006b1a66ed30",
          "a8197a183549c04ba6930a93f4a898d9",
          "f27a439e52a4b9d121e430b718297168",
          "0afc9fda5bd889cf4afe611202097dfa",
          "5a62ae1a6413236c5f1c1335bf20e126",
          "ce7ffebf8ee7c8f0173eeaf967851c56"
        ]
      }
    },
    {
      "type": "Feature",
      "geometry": {
        "type": "Point",
        "coordinates": [
          -75.21552024274699,
          39.957039426165785
        ]
      },
      "properties": {
        "mural_name": "B.R.I.D.G.E.: Bringing Race Into Dialogue for Greater Engagement",
        "artist": "Parris Stancell",
        "address": "4702 Chestnut St, Philadelphia, Pennsylvania, 19139, USA",
        "media": [
          "330ab2d4ee1c736da8aafb0e72e33419",
          "b9f83edbdb17b68d3eb7bbed04c452b6"
        ]
      }
    },
    {
      "type": "Feature",
      "geometry": {
        "type": "Point",
        "coordinates": [
          -75.15882018174807,
          39.9356003111764
        ]
      },
      "properties": {
        "mural_name": "Be A Friend To Me",
        "artist": "Carlos \"Calo\" Rosa",
        "address": "1130-32 S 9th St, Philadelphia, Pennsylvania, 19147, USA",
        "media": [
          "cc0de35a82a2632ee89025e2a8cb5893",
          "cc0de35a82a2632ee89025e2a8cb5893",
          "aa574529155f159d957140dbeedabdb4",
          "3cd796cc4ae94982dda893f95a0085a9",
          "e4b844ca96fbbee92525f6f544acc92c",
          "baea7ffb757654763184a245928d1270",
          "8289a0ac7df36b50e9c973eca3ba8e89"
        ]
      }
    },
    {
      "type": "Feature",
      "geometry": {
        "type": "Point",
        "coordinates": [
          -75.16875724738392,
          39.989434802795955
        ]
      },
      "properties": {
        "mural_name": "Be Kind To Animals (2253 North 22nd Street)",
        "artist": "Willis \"Nomo\" Humphrey",
        "address": "2253 N 22nd St, Philadelphia, Pennsylvania, 19132, USA",
        "media": [
          "6bc214b590dbf089c197d1d83b68f278"
        ]
      }
    },
    {
      "type": "Feature",
      "geometry": {
        "type": "Point",
        "coordinates": [
          -75.12058712558603,
          40.00054570688319
        ]
      },
      "properties": {
        "mural_name": "Be Kind to Animals (McVeigh Recreation Center)",
        "artist": "David Guinn",
        "address": "400-64 E Ontario St, Philadelphia, Pennsylvania, 19134, USA",
        "media": [
          "12929d538a702c35622dc887b8671f9b"
        ]
      }
    },
    {
      "type": "Feature",
      "geometry": {
        "type": "Point",
        "coordinates": [
          -75.10448136043215,
          40.03494165221765
        ]
      },
      "properties": {
        "mural_name": "Be the Change",
        "artist": "Eliseo Art Silva",
        "address": "5401 Tabor Rd, Philadelphia, Pennsylvania, 19120",
        "media": [
          "ef4e77a2168bcbee651244ac6b106b25",
          "52f796458fd016b9ae0ddd387a67221c",
          "4808320094ed9ee4576025fc1db7c96c"
        ]
      }
    },
    {
      "type": "Feature",
      "geometry": {
        "type": "Point",
        "coordinates": [
          -75.17393631862733,
          39.9273925058759
        ]
      },
      "properties": {
        "mural_name": "Behold, the Open Door",
        "artist": "Jonathan Laidacker",
        "address": "1629 Snyder Ave, Philadelphia, Pennsylvania, 19145, USA",
        "media": [
          "c1521b475cb1c3a0e27ff9e420491b6b"
        ]
      }
    },
    {
      "type": "Feature",
      "geometry": {
        "type": "Point",
        "coordinates": [
          -75.16234088272292,
          39.94710067762508
        ]
      },
      "properties": {
        "mural_name": "Being & Becoming",
        "artist": "Eva Wǒ",
        "address": "1315 Spruce St., Philadelphia, Pennsylvania, 19107, USA",
        "media": [
          "d51c7ee3d36ea4da673230752ab4756b",
          "cdb1aa2ec1431b457cd1a37f9c203380"
        ]
      }
    },
    {
      "type": "Feature",
      "geometry": {
        "type": "Point",
        "coordinates": [
          -75.15599232402386,
          40.04167663715967
        ]
      },
      "properties": {
        "mural_name": "Belfield Recreation Center Interior Murals",
        "artist": "Shaun Durbin",
        "address": "2109 W Chew Ave, Philadelphia, Pennsylvania, 19138, USA",
        "media": [
          "b371e12e660dd955a6a467637800a142",
          "cc823ef994da90a1a5503df66f33ad06",
          "3f38b067b64c782a43538cf706dbb1d3",
          "dc40e8fbeda88c76f0b8a103cbe8d2d1"
        ]
      }
    },
    {
      "type": "Feature",
      "geometry": {
        "type": "Point",
        "coordinates": [
          -75.18482797877371,
          39.98942952489871
        ]
      },
      "properties": {
        "mural_name": "Believe",
        "artist": "James Burns",
        "address": "2137 N 32nd St, Philadelphia, Pennsylvania, 19121, USA",
        "media": [
          "5fa8f9d639c965f0348fe35eb954d25c",
          "e09aae0f2f44b92d4f74de8f4f2a4fd5",
          "8399c90c7c7d3574878495736603f514"
        ]
      }
    },
    {
      "type": "Feature",
      "geometry": {
        "type": "Point",
        "coordinates": [
          -75.12870356471907,
          40.01613263511522
        ]
      },
      "properties": {
        "mural_name": "Believe, Hope, Dream",
        "artist": "Betsy Z. Casañas",
        "address": "4301 Rising Sun Ave, Philadelphia, Pennsylvania, 19140, USA",
        "media": [
          "c90645656d87fc5a1be37b18834f1db5",
          "41376cd7ac52dd06920947972bcba5b5",
          "68c6841589a1fb1ff4e9c973ae1cfd41"
        ]
      }
    },
    {
      "type": "Feature",
      "geometry": {
        "type": "Point",
        "coordinates": [
          -75.13989458190977,
          39.96781806833
        ]
      },
      "properties": {
        "mural_name": "Bell's Pond",
        "artist": "Frank Hyder",
        "address": "1050 N 2nd St, Philadelphia, Pennsylvania, 19123, USA",
        "media": [
          "d7375ec291254ddc17f400bacb441f5b"
        ]
      }
    },
    {
      "type": "Feature",
      "geometry": {
        "type": "Point",
        "coordinates": [
          -75.4288355693174,
          40.23559770286901
        ]
      },
      "properties": {
        "mural_name": "Bernard Hopkins",
        "artist": "Eric Okdeh",
        "address": "611 Gravel Pike, Collegeville, Pennsylvania, 19426, USA",
        "media": [
          "cbfe415b8b4300cdd2f063e9d6f386fa",
          "2579d25035f26e4bc79fbb6aa5c34622",
          "a482826d010b82ee425d3b921234e1fd"
        ]
      }
    },
    {
      "type": "Feature",
      "geometry": {
        "type": "Point",
        "coordinates": [
          -75.17922130309118,
          39.979150139787926
        ]
      },
      "properties": {
        "mural_name": "Bessie Bentley",
        "artist": "Peter Pagast",
        "address": "1507 N 27th St, Philadelphia, Pennsylvania, 19121, USA",
        "media": [
          "f9b049d84340d433425cb831e8315707"
        ]
      }
    },
    {
      "type": "Feature",
      "geometry": {
        "type": "Point",
        "coordinates": [
          -75.19097177941882,
          40.05978752570195
        ]
      },
      "properties": {
        "mural_name": "Bioluminescence",
        "artist": "Sara Steele",
        "address": "7174 Germantown Ave, Philadelphia, Pennsylvania, 19119, USA",
        "media": [
          "9e45ea5851e91873c5f76cfbe57f61f8"
        ]
      }
    },
    {
      "type": "Feature",
      "geometry": {
        "type": "Point",
        "coordinates": [
          -75.23401055128268,
          39.91902296465698
        ]
      },
      "properties": {
        "mural_name": "Birds + Bees",
        "artist": "Carolina Gomez",
        "address": "Buist Ave & S 68th S, Philadelphia, Pennsylvania, 19142, USA",
        "media": [
          "56aa1b9ab0fd0b9f1e159bc9fda3d340",
          "b5f7d2070b8f1a329801108d69459a15",
          "d722c8f98335c41074ccd81d520f88b5",
          "bb9cf895a2b537a25ed5133c8bc29e23",
          "3414a83df7664a38ef3ef873072f69a6"
        ]
      }
    },
    {
      "type": "Feature",
      "geometry": {
        "type": "Point",
        "coordinates": [
          -75.14638579422186,
          39.97345058278967
        ]
      },
      "properties": {
        "mural_name": "Birds, Bees, Flowers, and Trees",
        "artist": "Ana Uribe",
        "address": "1410 N 6th St, Philadelphia, Pennsylvania, 19122, USA",
        "media": [
          "266feff780fc62e6ea9a287240b08a94"
        ]
      }
    },
    {
      "type": "Feature",
      "geometry": {
        "type": "Point",
        "coordinates": [
          -75.16700313192622,
          39.99039295019954
        ]
      },
      "properties": {
        "mural_name": "Black American Gothic",
        "artist": "Jane Golden",
        "address": "2337 N 21st St, Philadelphia, Pennsylvania, 19132, USA",
        "media": [
          "d7fe1923dffaee89d35e731b17fe5a4b",
          "3ac752daa3e9c5151923f0fcdd42d63b"
        ]
      }
    },
    {
      "type": "Feature",
      "geometry": {
        "type": "Point",
        "coordinates": [
          -75.204971,
          39.974357
        ]
      },
      "properties": {
        "mural_name": "Black Family Reunion",
        "artist": "Marie Alarcón",
        "address": "4022 Parkside Ave., Philadelphia, Pennsylvania, 19131, USA",
        "media": [
          "dabeeecfcdf494272995f12285e5c4f4",
          "396115f21089c0c2140cddebe2727e3c",
          "5de8a4c550263233a2302b9c383e8a3e",
          "cd8a7c2d03e362c43423655945afdd06",
          "02db9840eee2f62f1d594bace0a743f2"
        ]
      }
    },
    {
      "type": "Feature",
      "geometry": {
        "type": "Point",
        "coordinates": [
          -75.204971,
          39.974357
        ]
      },
      "properties": {
        "mural_name": "Black Family Reunion / Heavenly Hall",
        "artist": "Jane Golden",
        "address": "4022 Parkside Ave, Philadelphia, Pennsylvania, 19104, USA",
        "media": [
          "2ad27d497d17943f8f5f6c77e5bd0185",
          "d75aad0ca42eb74574d9d1709e0aa6e6",
          "bd2ac98f3d242dc27fc43ff5f0bd53e3",
          "bd2ac98f3d242dc27fc43ff5f0bd53e3"
        ]
      }
    },
    {
      "type": "Feature",
      "geometry": {
        "type": "Point",
        "coordinates": [
          -75.18686900260148,
          39.99493236711943
        ]
      },
      "properties": {
        "mural_name": "Black Family Reunion / I am a Man",
        "artist": "Jane Golden",
        "address": "3367 Ridge Ave, Philadelphia, Pennsylvania, 19132, USA",
        "media": [
          "850a22b17af380540e213d655180896c",
          "4743e17830e1c993d6469e2808097ed5",
          "40d539d845e64132f2e22751e1654c6b"
        ]
      }
    },
    {
      "type": "Feature",
      "geometry": {
        "type": "Point",
        "coordinates": [
          -75.19636793024758,
          39.956282127371836
        ]
      },
      "properties": {
        "mural_name": "Black Holes",
        "artist": "Ryan McGinness",
        "address": "3701 Market St, Philadelphia, Pennsylvania, 19104, USA",
        "media": [
          "7798cad3e3a9c5f1228d96f7d6330e85",
          "db3a6374dda6373a8df8a8a6cab8f9ce",
          "f5977a5e4ebd9bfa928fd79b16c220aa"
        ]
      }
    },
    {
      "type": "Feature",
      "geometry": {
        "type": "Point",
        "coordinates": [
          -75.15542992958584,
          39.9590707482564
        ]
      },
      "properties": {
        "mural_name": "Blatt Tire",
        "artist": "Joshua Kaufman",
        "address": "1000 Ridge Avenue, Philadelphia, Pennsylvania, 19123, USA",
        "media": [
          "52c35f9362b97dfe76a850489e0b0414",
          "943703618c08eb86cd826bee6e8b6722",
          "56d818ef94dcd6ff3327be24e7fd7a38",
          "9a8ebb8269076f4b13c025c1d1961d1e",
          "5e5dc9b4ff459672f20eaea2d67501dc",
          "036905db437c5100dfe23fe3b9f1f8a4"
        ]
      }
    },
    {
      "type": "Feature",
      "geometry": {
        "type": "Point",
        "coordinates": [
          -75.222871,
          39.939509
        ]
      },
      "properties": {
        "mural_name": "Bloom",
        "artist": "Benjamin Volta",
        "address": "5460 Chester Ave, Philadelphia, Pennsylvania, 19143, USA",
        "media": [
          "cd26e69a15901eb03e77cddceb76d157",
          "26f1862180ede3924124361f0af43fd6",
          "fcdb3017f41c530d91ab95b03d63f934"
        ]
      }
    },
    {
      "type": "Feature",
      "geometry": {
        "type": "Point",
        "coordinates": [
          -75.23559441199517,
          39.95541570756051
        ]
      },
      "properties": {
        "mural_name": "Blooming Futures",
        "artist": "Athena Scott",
        "address": "5640 Spruce St, Philadelphia, Pennsylvania, 19139, USA",
        "media": [
          "d43441095d239119744638ead1b41542",
          "14a31611f9b405d00a24ae7add6f4865",
          "f48bc8da94cd1c24ede0d6420b921ced"
        ]
      }
    },
    {
      "type": "Feature",
      "geometry": {
        "type": "Point",
        "coordinates": [
          -75.2634531,
          39.9723944
        ]
      },
      "properties": {
        "mural_name": "Blossom",
        "artist": "Brad Carney",
        "address": "1300 N 75th St, Philadelphia, Pennsylvania, 19151, USA",
        "media": [
          "b8777d05141c4575a703c63eccccdea6",
          "5a732aa350867ae598992c2f62cca53d",
          "199b01c30b782350fff52c83172f4f64",
          "978dcf80a51f5dbb78296086303f096a",
          "48b6ef995b7757f54e9e653851306c53"
        ]
      }
    },
    {
      "type": "Feature",
      "geometry": {
        "type": "Point",
        "coordinates": [
          -75.21235865916971,
          39.940816040805124
        ]
      },
      "properties": {
        "mural_name": "Blossom at Bartram!",
        "artist": "Carlos \"Calo\" Rosa",
        "address": "S 49th St & Woodland Ave, Philadelphia, Pennsylvania, 19143, USA",
        "media": [
          "41efa52ec606dd143a6901373101d5f6",
          "e8b9740ce82a188ebf4d7c87ba16d416",
          "921a76e183e6c35b99bbd40cf7d913e2"
        ]
      }
    },
    {
      "type": "Feature",
      "geometry": {
        "type": "Point",
        "coordinates": [
          -75.12089636449927,
          40.02163396467933
        ]
      },
      "properties": {
        "mural_name": "Blossoming Diversity",
        "artist": "Carlos \"Calo\" Rosa",
        "address": "221 E Wyoming Ave, Philadelphia, Pennsylvania, 19120, USA",
        "media": [
          "a10a2e80829ef873836539d4c63b3fce",
          "b5fe58859c80c4400b6e3583ba01db7b"
        ]
      }
    },
    {
      "type": "Feature",
      "geometry": {
        "type": "Point",
        "coordinates": [
          -75.23349356163304,
          39.96782145649223
        ]
      },
      "properties": {
        "mural_name": "Blue Stream",
        "artist": "Michael Schwartz",
        "address": "5638 Haverford Ave, Philadelphia, Pennsylvania, 19131, USA",
        "media": [
          "f6bd561530212dd2981c86ca80d08d13"
        ]
      }
    },
    {
      "type": "Feature",
      "geometry": {
        "type": "Point",
        "coordinates": [
          -75.13654511644316,
          39.98757385196997
        ]
      },
      "properties": {
        "mural_name": "Blueprint North",
        "artist": "Cesar Viveros",
        "address": "2411 N American St., Philadelphia, Pennsylvania, 19133, USA",
        "media": [
          "7b935c560acf9a23e84052e7ce221101",
          "a4e05617da8de0356990d06490791974",
          "2593fdf0b222437088550286c177d187",
          "764cfd3cb70602ef68f9621dd8b98036"
        ]
      }
    },
    {
      "type": "Feature",
      "geometry": {
        "type": "Point",
        "coordinates": [
          -75.21057404825062,
          39.94348188167027
        ]
      },
      "properties": {
        "mural_name": "Boat People",
        "artist": "Claes Gabriel",
        "address": "4636 Woodlawn Ave, Philadelphia, Pennsylvania, 19143, USA",
        "media": [
          "f5eb00b36a9e45b49c46c35fc1488431",
          "d34cec9972ce8b1aa4f277d1e330b582"
        ]
      }
    },
    {
      "type": "Feature",
      "geometry": {
        "type": "Point",
        "coordinates": [
          -75.13344577500501,
          39.99181079126836
        ]
      },
      "properties": {
        "mural_name": "Bomba y Plena",
        "artist": "Betsy Z. Casañas",
        "address": "161 W Lehigh Ave, Philadelphia, Pennsylvania, 19133, USA",
        "media": [
          "9b85111248b229350a140e9492780d95"
        ]
      }
    },
    {
      "type": "Feature",
      "geometry": {
        "type": "Point",
        "coordinates": [
          -75.17403954548882,
          39.93259680474885
        ]
      },
      "properties": {
        "mural_name": "Born Again",
        "artist": "Cliff Eubanks",
        "address": "1450 S Bouvier St, Philadelphia, Pennsylvania, 19146, USA",
        "media": [
          "7764e98304482f0a0868118c71544388"
        ]
      }
    },
    {
      "type": "Feature",
      "geometry": {
        "type": "Point",
        "coordinates": [
          -75.15523744568428,
          39.95880214903176
        ]
      },
      "properties": {
        "mural_name": "Bound Together",
        "artist": "Tim McFarlane",
        "address": "1010 Callowhill St, Philadelphia, Pennsylvania, 19123, USA",
        "media": [
          "85a95f689034ab0fe2e30cfe527d6176",
          "17487582d813ed4f658453a7e01bb38b",
          "bb396d1b54b4996e91e267fdd1c37379",
          "e099a05418c5a4e35f3cd35a1866db48"
        ]
      }
    },
    {
      "type": "Feature",
      "geometry": {
        "type": "Point",
        "coordinates": [
          -75.1702302691184,
          40.065513903327805
        ]
      },
      "properties": {
        "mural_name": "Bouquet of Gratitude",
        "artist": "Serena Saunders (aka MsPassionArt)",
        "address": "7701 Mansfield Ave, Philadelphia, Pennsylvania, 19150, USA",
        "media": [
          "80d626b825fe61992543f0189227be49",
          "d37ed6e0a02bdb163197944cf397c849",
          "a542f4e9d584c305d001787058c2aac0",
          "af319d03817c9ba51edfdd744f2571be"
        ]
      }
    },
    {
      "type": "Feature",
      "geometry": {
        "type": "Point",
        "coordinates": [
          -75.20213480074968,
          39.95884358636603
        ]
      },
      "properties": {
        "mural_name": "Boy With Raised Arm",
        "artist": "Sidney Goodman",
        "address": "40 N 40th St, Philadelphia, Pennsylvania, 191904, USA",
        "media": [
          "700213ab6e0e89a379eac228c3eaedbf",
          "bccdbec68db0c3ccad768ddcb7907e54",
          "50c72369d2d4efd35a77056608daba26",
          "400bac91c04501b8dc83b1f9f24a52b0"
        ]
      }
    },
    {
      "type": "Feature",
      "geometry": {
        "type": "Point",
        "coordinates": [
          -75.18399931415918,
          39.99059423911778
        ]
      },
      "properties": {
        "mural_name": "Boy With Raised Arm",
        "artist": "Sidney Goodman",
        "address": "3133 Ridge Ave, Philadelphia, Pennsylvania, 19121, USA",
        "media": [
          "5161f4f7eecda1c5fc237a370b135cdb",
          "bb36d92a2d4d44024ac8e23b4660b4d5"
        ]
      }
    },
    {
      "type": "Feature",
      "geometry": {
        "type": "Point",
        "coordinates": [
          -75.20161212217359,
          39.9593787236918
        ]
      },
      "properties": {
        "mural_name": "Boy With Raised Arm",
        "artist": "Sidney Goodman",
        "address": "Powelton Ave & N 40th St, Philadelphia, Pennsylvania, 19104, USA",
        "media": [
          "350a074bd715444cb9a115adc6158add"
        ]
      }
    },
    {
      "type": "Feature",
      "geometry": {
        "type": "Point",
        "coordinates": [
          -75.15245171556924,
          39.94231457088438
        ]
      },
      "properties": {
        "mural_name": "Brazilian Rainforest",
        "artist": "Dietrich L. Adonis",
        "address": "601 South St, Philadelphia, Pennsylvania, 19147, USA",
        "media": [
          "3fdc9a839a7118ed5e455f9dddc2e088",
          "e4a540c18c044fcf85e0604ad5c7d31c"
        ]
      }
    },
    {
      "type": "Feature",
      "geometry": {
        "type": "Point",
        "coordinates": [
          -75.22619005733074,
          39.95216609455888
        ]
      },
      "properties": {
        "mural_name": "Breaking Chains",
        "artist": "KC White",
        "address": "500 S 52nd St, Philadelphia, Pennsylvania, 19143, USA",
        "media": [
          "eb4223c7d0e6cbc0d536c0fc93dc1926",
          "2d9e38eece9857797a29b8068a979cdc",
          "74191a65f7d9ab1845310a5069edcd26"
        ]
      }
    },
    {
      "type": "Feature",
      "geometry": {
        "type": "Point",
        "coordinates": [
          -75.22458577,
          39.93273017
        ]
      },
      "properties": {
        "mural_name": "Bridging the Gap",
        "artist": "Willis \"Nomo\" Humphrey",
        "address": "5741 Woodland Ave, Philadelphia, Pennsylvania, 19143, USA",
        "media": [
          "8b11e17775e47129b3807e03fd461068",
          "6219cefef39a615603bf35c3edb2933c",
          "6edf1fc97d75c19c06914931577e9712",
          "ce60ea62363fdd84b5ae4c13d7244b94",
          "4422e0a9a9ca665e9b6a0492de868e90"
        ]
      }
    },
    {
      "type": "Feature",
      "geometry": {
        "type": "Point",
        "coordinates": [
          -75.16992985471347,
          40.029908174017656
        ]
      },
      "properties": {
        "mural_name": "Brighten the Corners (Greene Street Wall)",
        "artist": "James Burns",
        "address": "5224 Greene St, Philadelphia, Pennsylvania, 19144, USA",
        "media": [
          "bef84a8e933a394c5c72d78f3d9ca3e4",
          "bef84a8e933a394c5c72d78f3d9ca3e4"
        ]
      }
    },
    {
      "type": "Feature",
      "geometry": {
        "type": "Point",
        "coordinates": [
          -75.16996067966299,
          40.02998982328611
        ]
      },
      "properties": {
        "mural_name": "Brighten the Corners (Queen Lane Wall)",
        "artist": "James Burns",
        "address": "114 W Queen Ln, Philadelphia, Pennsylvania, 19144, USA",
        "media": [
          "d6dbbe6712e0532d7de7282dddd7c843",
          "477eeda33c5ffc72958c14d769b8b3e9"
        ]
      }
    },
    {
      "type": "Feature",
      "geometry": {
        "type": "Point",
        "coordinates": [
          -75.1690477,
          39.9654291
        ]
      },
      "properties": {
        "mural_name": "Bring Your Own Bag: Billboard Project",
        "artist": "Margaret Kearney",
        "address": "1727-29 Mt. Vernon Street, Philadelphia, Pennsylvania, 19107, USA",
        "media": [
          "53c6c0b9f3eae2bf5c856c08e43c2563",
          "fd8f6212e0614646ed2487deecb2ffec",
          "f7dcd216bdefd6f699069ddde127726a",
          "e083d0b31256ebabcda67ebb2a974b06",
          "e843ec14bf11f7ad87d0bbeb1b816b66",
          "b4deefeb62df3d5e23b6c999f0c3113a"
        ]
      }
    },
    {
      "type": "Feature",
      "geometry": {
        "type": "Point",
        "coordinates": [
          -75.14974170208195,
          39.99590719730291
        ]
      },
      "properties": {
        "mural_name": "Bringing the Past to the Future",
        "artist": "Cavin Jones",
        "address": "1201 W Rush St, Philadelphia, Pennsylvania, 19133, USA",
        "media": [
          "6cb91b8b12200676939b6b0bda91b168"
        ]
      }
    },
    {
      "type": "Feature",
      "geometry": {
        "type": "Point",
        "coordinates": [
          -75.16724528725814,
          39.95829598868306
        ]
      },
      "properties": {
        "mural_name": "Broad Street Ministry Handwashing Station (254 N 17th St)",
        "artist": "Nilé Livingston",
        "address": "254 N 17th St, Philadelphia, Pennsylvania, 19103, USA",
        "media": [
          "06553ebe1a71de0dc24972292314eceb"
        ]
      }
    },
    {
      "type": "Feature",
      "geometry": {
        "type": "Point",
        "coordinates": [
          -75.12318997561852,
          39.99150661498155
        ]
      },
      "properties": {
        "mural_name": "Broad Street Ministry Handwashing Station (2774 Kensington Ave)",
        "artist": "NDA",
        "address": "2774 Kensington Ave., Philadelphia, Pennsylvania, 19134, USA",
        "media": [
          "c533304721ffa14e9ed76266d22ed648",
          "40d70458c1ca648ee9d6e2d7b6f51e53"
        ]
      }
    },
    {
      "type": "Feature",
      "geometry": {
        "type": "Point",
        "coordinates": [
          -75.16442565842236,
          39.946243459010766
        ]
      },
      "properties": {
        "mural_name": "Broad Street Ministry Handwashing Station (315 S Broad St)",
        "artist": "Dora Cuenca",
        "address": "315 S Broad St, Philadelphia, Pennsylvania, 19107, USA",
        "media": [
          "f99c21cf1034a237714f15e615818540",
          "c14bf1a6f30c8c70f0e92ddc3c24d549"
        ]
      }
    },
    {
      "type": "Feature",
      "geometry": {
        "type": "Point",
        "coordinates": [
          -75.15639911027556,
          39.94291319357586
        ]
      },
      "properties": {
        "mural_name": "Broad Street Ministry Handwashing Station (839 South St)",
        "artist": "Symone Salib",
        "address": "839 South Street, Philadelphia, Pennsylvania, 19147, USA",
        "media": [
          "16f6d44c7faa2082b4a52ee376df935d",
          "647a139bd66f7d2d40d7d377bc66e159"
        ]
      }
    },
    {
      "type": "Feature",
      "geometry": {
        "type": "Point",
        "coordinates": [
          -75.14837649391058,
          39.96178853424212
        ]
      },
      "properties": {
        "mural_name": "Brotherly Love",
        "artist": "Raheen Saladeen Johnson, aka King Saladeen",
        "address": "601 Spring Garden St, Philadelphia, Pennsylvania, 19123, USA",
        "media": [
          "cabf2ef768cfe51fbc1b9fb3557ae15c",
          "126966b60806fcace757365c00031c3b"
        ]
      }
    },
    {
      "type": "Feature",
      "geometry": {
        "type": "Point",
        "coordinates": [
          -75.14830342211705,
          39.96174131569781
        ]
      },
      "properties": {
        "mural_name": "Building America: German-American Immigration & Contributions to the New World",
        "artist": "Michael Webb",
        "address": "605 Spring Garden St, Philadelphia, Pennsylvania, 19123, USA",
        "media": [
          "618c8f705493be717bd0c14d4b84f3cf"
        ]
      }
    },
    {
      "type": "Feature",
      "geometry": {
        "type": "Point",
        "coordinates": [
          -75.1476389203207,
          39.95464685801354
        ]
      },
      "properties": {
        "mural_name": "Building Connections through Time",
        "artist": "Brad Carney",
        "address": "N 5th St & Race St, Philadelphia, Pennsylvania, 19106, USA",
        "media": [
          "bd59ad8a30ec52cc730fb72157ef0d37",
          "aaf3137a8e1cb18e129bfc969662798a",
          "0fe47e52837a9decfb4531c4d10a4a55",
          "e98ba2ed1d605fdfb13095a76aea74d2",
          "1bd65359efa6e773be5bac2c15f0f816"
        ]
      }
    },
    {
      "type": "Feature",
      "geometry": {
        "type": "Point",
        "coordinates": [
          -75.1396623620283,
          39.97086296172451
        ]
      },
      "properties": {
        "mural_name": "Building Connections: Walls of Identity, Walls of Pride",
        "artist": "Ernel Martinez",
        "address": "204 W Thompson Street, Philadelphia, Pennsylvania, 19122, USA",
        "media": [
          "b09e0f377153a4ea5da5135c859ca3cc",
          "bf8545f0bd0dc8022aabd870a475311c",
          "bc5cb3e9f4e97e5064cf8458a97e5fbc",
          "5e0b8ee308ca3647380f9a639a7531e8",
          "c4c12736c82c05a681f0ba1ab5c547de",
          "c595ffaf65e61ddc33e64daa09f9c046"
        ]
      }
    },
    {
      "type": "Feature",
      "geometry": {
        "type": "Point",
        "coordinates": [
          -75.18015706753631,
          40.03014944907692
        ]
      },
      "properties": {
        "mural_name": "Building Germantown",
        "artist": "Jonathan Laidacker",
        "address": "310 West Chelten Ave, Philadelphia, Pennsylvania, 19120, USA",
        "media": [
          "2a7343dc84588a2b0a4872eb86d8c2a1"
        ]
      }
    },
    {
      "type": "Feature",
      "geometry": {
        "type": "Point",
        "coordinates": [
          -75.17157933403716,
          39.98372473932353
        ]
      },
      "properties": {
        "mural_name": "Building Inspiration",
        "artist": "Brad Carney",
        "address": "1860 N 23rd Street, Philadelphia, Pennsylvania, 19121, USA",
        "media": [
          "a478f61e483e5c32ed00bdc247e031ff",
          "218dc59f6f64b7499bd451ba261a1edb",
          "ca7273620b739b23f45de39891b39012"
        ]
      }
    },
    {
      "type": "Feature",
      "geometry": {
        "type": "Point",
        "coordinates": [
          -75.13567377791111,
          39.98395576951167
        ]
      },
      "properties": {
        "mural_name": "Butterflies of the Caribbean",
        "artist": "Salvador Gonzáles Escalona",
        "address": "163 Susquehanna Ave, Philadelphia, Pennsylvania, 19122, USA",
        "media": [
          "90a625bee47326cbaf89765088dad0a0"
        ]
      }
    },
    {
      "type": "Feature",
      "geometry": {
        "type": "Point",
        "coordinates": [
          -75.18273461631246,
          39.903470833249166
        ]
      },
      "properties": {
        "mural_name": "Butterfly Lakes",
        "artist": "Serena Saunders (aka MsPassionArt)",
        "address": "1500 Pattison Ave & S Broad St, Philadelphia, Pennsylvania, 19145, USA",
        "media": [
          "ceceb0997130e6437dc8357a4bf329fe",
          "800b7f08bcf9d56c85f7d1443c439087",
          "45bb3ce8423db70cb705457a31a02a45",
          "aaf6e9062a5fcbe62acc19972cfe1f25",
          "166b39b27f85b0d13978f0dff98dc3d9",
          "6ca12e26ee3cc7d5d4f2fd9a0ecf0d8f",
          "6b753c97a3d911e7434fa84d2c5ab70b",
          "bdab1450302167c72c164ac794b212d6",
          "001f30db99185b24813187265a49b32a"
        ]
      }
    },
    {
      "type": "Feature",
      "geometry": {
        "type": "Point",
        "coordinates": [
          -75.1554820160942,
          39.96064135556057
        ]
      },
      "properties": {
        "mural_name": "Buttonwood Hill",
        "artist": "Miriam Singer",
        "address": "1016 Buttonwood St, Philadelphia, Pennsylvania, 19123, USA",
        "media": [
          "0d4e54368cbfeb149fc07f87661eba1c",
          "0e47e2aa5fdc2d5ce20a5f785328ab8a",
          "c3bdda34379c1a0012b20861e3e0cf58"
        ]
      }
    },
    {
      "type": "Feature",
      "geometry": {
        "type": "Point",
        "coordinates": [
          -75.14060676095845,
          39.95703464566518
        ]
      },
      "properties": {
        "mural_name": "Callowhill Street underpass mural (title unknown)",
        "artist": "Dietrich L. Adonis",
        "address": "114-112 Callowhill St, Philadelphia, Pennsylvania, 19123, USA",
        "media": [
          "07d89b18ed615f8ac3b1707158e16936"
        ]
      }
    },
    {
      "type": "Feature",
      "geometry": {
        "type": "Point",
        "coordinates": [
          -75.2161093854051,
          39.957902780071244
        ]
      },
      "properties": {
        "mural_name": "Calm Consideration of Our Existence",
        "artist": "Parris Stancell",
        "address": "4721 Chestnut St, Philadelphia, Pennsylvania, 19139, USA",
        "media": [
          "f0dec56e7f1a50a0b98e9fc66af654de",
          "f8cbce77310274f1051eb27a01f087e5",
          "fcd7bfb80d9fbb8bc3715283b4b3117c",
          "695051faa624e3e617fa4a953c2306e9",
          "39eeceb3ed0bf5e25c6db2ff4826ccde",
          "04c85b60adba029e7150f742ae381635",
          "05e0f32bb41b591677916e84ca251435",
          "a86233540979da2ca08c692812b59745",
          "04c85b60adba029e7150f742ae381635"
        ]
      }
    },
    {
      "type": "Feature",
      "geometry": {
        "type": "Point",
        "coordinates": [
          -75.23085227025655,
          39.92153867065477
        ]
      },
      "properties": {
        "mural_name": "Calm Your Mind",
        "artist": "Kah Yangni",
        "address": "6601 Elmwood Ave, Philadelphia, Pennsylvania, 19142, USA",
        "media": [
          "89d1f9e28502705d1278d6ccc358628d",
          "d0a40d525046115a35ce121f2dda74b7",
          "00e61a891a022e302e4c034aee95be23",
          "128d9cd53487bf0657533807b27da544",
          "59bf99733672ad73d679d9463871797f",
          "b43346612cc17d7574d1ddd5178bf5e1",
          "0b62078a27dd5b170a1b71942cad7d5b",
          "c040b0541a89ddc4989de6d2e647bfea"
        ]
      }
    },
    {
      "type": "Feature",
      "geometry": {
        "type": "Point",
        "coordinates": [
          -75.142231230949,
          39.98167919111348
        ]
      },
      "properties": {
        "mural_name": "Camilla's Dream",
        "artist": "Josef Norris",
        "address": "445 W Norris St, Philadelphia, Pennsylvania, 19122, USA",
        "media": [
          "f189281e295d4b4afd36ea53ee638952"
        ]
      }
    },
    {
      "type": "Feature",
      "geometry": {
        "type": "Point",
        "coordinates": [
          -75.1554820160942,
          39.96064135556057
        ]
      },
      "properties": {
        "mural_name": "Can we call this life?",
        "artist": "Martha Rich",
        "address": "1016 Buttonwood St, Philadelphia, Pennsylvania, 19123, USA",
        "media": [
          "996664f4457330de3a749e8b32ed014e",
          "caf47c8e69cd05fc30bcf29d2dbed936",
          "ea9c80e9fb93a8ab34b785d65c265132"
        ]
      }
    },
    {
      "type": "Feature",
      "geometry": {
        "type": "Point",
        "coordinates": [
          -75.1720882802173,
          39.9750482018898
        ]
      },
      "properties": {
        "mural_name": "Cancer Support For Life",
        "artist": "Cesar Viveros",
        "address": "N 22nd St & College Ave, Philadelphia, Pennsylvania, 19121, USA",
        "media": [
          "9298c72db2d40c46bb4da5cafedf2bab",
          "211db2bd30ae0ee545d6ca497f71dc2e"
        ]
      }
    },
    {
      "type": "Feature",
      "geometry": {
        "type": "Point",
        "coordinates": [
          -75.14597693863404,
          39.9832665081149
        ]
      },
      "properties": {
        "mural_name": "Career",
        "artist": "Felix Osiemi",
        "address": "2000 N 7th St, Philadelphia, Pennsylvania, 19122, USA",
        "media": [
          "b326a4fb7f728a5b7ab3e3d4ef7b4aec",
          "41f741849e560e6fe4e5f7b04dcb0853"
        ]
      }
    },
    {
      "type": "Feature",
      "geometry": {
        "type": "Point",
        "coordinates": [
          -75.14191236120622,
          39.99403978305771
        ]
      },
      "properties": {
        "mural_name": "Caribbean Explosion",
        "artist": "Frito Bastien",
        "address": "601 W Somerset St, Philadelphia, Pennsylvania, 19133, USA",
        "media": [
          "ff63df4fdba949b880f755afbfa0b42b"
        ]
      }
    },
    {
      "type": "Feature",
      "geometry": {
        "type": "Point",
        "coordinates": [
          -75.14221290384165,
          39.97998851386773
        ]
      },
      "properties": {
        "mural_name": "Caribbean Sunrise",
        "artist": "Ana Uribe",
        "address": "429 W Berks St, Philadelphia, Pennsylvania, 19122, USA",
        "media": [
          "299ea5f0575792e1b47843edd6dc90c3"
        ]
      }
    },
    {
      "type": "Feature",
      "geometry": {
        "type": "Point",
        "coordinates": [
          -75.177150750966,
          39.92475263937446
        ]
      },
      "properties": {
        "mural_name": "Caring, Rising, Soaring: Girard School Murals",
        "artist": "David McShane",
        "address": "1800 Snyder Ave, Philadelphia, Pennsylvania, 19145, USA",
        "media": [
          "def64181f41d3d31c12c86dbcc1f5b7e",
          "0ad6f4daa25748f77962bbcc9abe5e7a",
          "09ba94dad4fd19c7ac23d19eff818b5d",
          "622695bc5971ab7a29d14a53f9f5f9ef",
          "0079aad0e885e95e93fba28099f3dd67",
          "aa4ab2a9dd13814b2f64b73e2125f669",
          "0ad6f4daa25748f77962bbcc9abe5e7a",
          "bc46d8dd49ca1d9f2894bf9362d1ef9f",
          "ebd9888cd069a743492e6e5584cae30a",
          "7c9e50fa8babdb28ec79d47edd55a22e",
          "bca6076f117bd0b95f183fd551f90807",
          "413d31c7a8487b10b6c99eca2b03b85c",
          "1a7b1cbf02d3fe4eedac34efab2ee84b",
          "fba26cca7ff18224d8958593108c3453",
          "719dacf05548d56c77cb5c1de2ed1977",
          "a2ea8dc766e27d12718e3d6d4c522109",
          "20af18a06c25b5e530a713bc1703ef25",
          "94f740ad3474488114c9576e840b874a"
        ]
      }
    },
    {
      "type": "Feature",
      "geometry": {
        "type": "Point",
        "coordinates": [
          -75.15568893192729,
          39.959983043313066
        ]
      },
      "properties": {
        "mural_name": "Caught out There",
        "artist": "Kid Hazo",
        "address": "1027 Ridge Ave, Philadelphia, Pennsylvania, 19123, USA",
        "media": [
          "5293a6c317f7ce3f8c07ad671cb033bb",
          "2eecc9801ec4baaa9212fd98af0e8d00"
        ]
      }
    },
    {
      "type": "Feature",
      "geometry": {
        "type": "Point",
        "coordinates": [
          -75.1720882802173,
          39.9750482018898
        ]
      },
      "properties": {
        "mural_name": "Cecil B. Moore Freedom Fighters",
        "artist": "Felix St. Fort",
        "address": "N 22nd St & College Ave, Philadelphia, Pennsylvania, 19121, USA",
        "media": [
          "c14f78b51403eefa9e25882c4ffa147c",
          "a90aa9c4f7a316373b075fd15a8960a6",
          "cda639e9025889e10869f370474cd0ce",
          "08f5b0590338215c321c991e54e1b7ed",
          "275c5ffbcd2155f2cbd7caa4e2b3bdc8"
        ]
      }
    },
    {
      "type": "Feature",
      "geometry": {
        "type": "Point",
        "coordinates": [
          -75.22264808848716,
          39.948020438285134
        ]
      },
      "properties": {
        "mural_name": "Cedar Park",
        "artist": "Karl Yoder",
        "address": "4928 Baltimore Ave, Philadelphia, Pennsylvania, 19143, USA",
        "media": [
          "463d87405a174ba238e15e8e9e3128d0"
        ]
      }
    },
    {
      "type": "Feature",
      "geometry": {
        "type": "Point",
        "coordinates": [
          -75.22268954143965,
          39.948284087314306
        ]
      },
      "properties": {
        "mural_name": "Cedar Park Mosaics",
        "artist": "Jonny Buss",
        "address": "4917-53 Baltimore Ave, Philadelphia, Pennsylvania, 19143, USA",
        "media": [
          "993fb6de006a86ffa6dc51148a6dfe55"
        ]
      }
    },
    {
      "type": "Feature",
      "geometry": {
        "type": "Point",
        "coordinates": [
          -75.13953715891363,
          39.99369324265263
        ]
      },
      "properties": {
        "mural_name": "Celebrando Nuestra Cultura - Celebrating Our Culture",
        "artist": "Jason Slowik",
        "address": "2757 N 5th St, Philadelphia, Pennsylvania, 19133, USA",
        "media": [
          "749bf1a4ba76e7491639f540a77c0bdb"
        ]
      }
    },
    {
      "type": "Feature",
      "geometry": {
        "type": "Point",
        "coordinates": [
          -75.16772897376771,
          39.926118332646865
        ]
      },
      "properties": {
        "mural_name": "Celebrating Abruzzo",
        "artist": "Brian Senft",
        "address": "1927 E Passyunk Ave, Philadelphia, Pennsylvania, 19148, USA",
        "media": [
          "2eec734462287d860a8366e6007bbe11",
          "d3924d1b095e6688500cffa1d336f027"
        ]
      }
    },
    {
      "type": "Feature",
      "geometry": {
        "type": "Point",
        "coordinates": [
          -75.1555300411463,
          40.008023889058386
        ]
      },
      "properties": {
        "mural_name": "Celebrating Nicetown",
        "artist": "Cavin Jones",
        "address": "3535 N 17th St, Philadelphia, Pennsylvania, 19140, USA",
        "media": [
          "eb96d72bd1d70a78687e40f749d94d2a"
        ]
      }
    },
    {
      "type": "Feature",
      "geometry": {
        "type": "Point",
        "coordinates": [
          -75.17055551684906,
          39.953884938887725
        ]
      },
      "properties": {
        "mural_name": "Celebrating Social Equity and the Center City Community",
        "artist": "Felix St. Fort",
        "address": "1835 Market St, Philadelphia, Pennsylvania, 19103, USA",
        "media": [
          "5d3878b149d6bb9ff98008ee600069df",
          "89c336253f6735af1152997939ee2817",
          "134065c4d6a2129eee77e87dba76f912",
          "b21cfed85036350c1cdc32e8ef5e48b4",
          "b694eb88f3882a55831e1655fc758747"
        ]
      }
    },
    {
      "type": "Feature",
      "geometry": {
        "type": "Point",
        "coordinates": [
          -75.06954312825039,
          40.03857077518273
        ]
      },
      "properties": {
        "mural_name": "Celebrating the Northeast",
        "artist": "Emilie Ledieu",
        "address": "1601 Hellerman St, Philadelphia, Pennsylvania, 19149, USA",
        "media": [
          "25398bb3551d9ef78c7dbae1ae02e8f2",
          "bc3238cd1c4a462303e3564b5ea6c103",
          "35c35fd567247695fd914fbf31121424",
          "c5d6200a7c720e32ec3aaefacc94fb73",
          "a307efd5ffe261a319aeda20e48d04c0",
          "44723c587dfdfeb4fade43e48dafd619",
          "84e251d0b7005c3a3b6e7d8fe71d3b1f",
          "962a61ed35534f208a39e880ff290d4c",
          "2cbe62dd3ad5d9be2ca26827792c7c1a"
        ]
      }
    },
    {
      "type": "Feature",
      "geometry": {
        "type": "Point",
        "coordinates": [
          -75.16354767561977,
          39.95296446809859
        ]
      },
      "properties": {
        "mural_name": "Center City Emergency Hubs",
        "artist": "Darin Rowland",
        "address": "1400 John F. Kennedy Blvd, Philadelphia, Pennsylvania, 19107, USA",
        "media": [
          "d4ab6fd63662bfea6df09eda2b4c654f",
          "783e44e2d2912bc2378998322e07b1f0",
          "6503cc9faae55fb5dd22c236b4e373d8",
          "b69bf053829836db36b65a343f54ddb3",
          "92b1b3a4e73e1a070f5ace5d41bd98e8",
          "dcb6934db5fc6cebf1bc1d6d8fe16c7a",
          "96276604a0099500eac0b2752facc88e",
          "e802a22ca8d2222bb61a4becef7b084d"
        ]
      }
    },
    {
      "type": "Feature",
      "geometry": {
        "type": "Point",
        "coordinates": [
          -75.1690477,
          39.9654291
        ]
      },
      "properties": {
        "mural_name": "Center City Storefront Artwork Initiative",
        "artist": "Miriam Singer",
        "address": "1727-29 Mt. Vernon Street, Philadelphia, Pennsylvania, 19107, USA",
        "media": [
          "308936756a2a60641f5bce100e1957f6",
          "5d0d76c070bc026f34e667a156dc5398",
          "8b367b641274be17767510c6d4d24488",
          "cf8ae5009a45fcf49570f415bf1b1fd2",
          "f3636121a46537e72a3b3a1832fe233b",
          "87e80af39f7a05b78e448b41d5d98cb8",
          "008faf3c9f6bfd96e749fe013b9dd1d8",
          "7ea80432106002136c74d748880bcab9",
          "32990e04e18644c948281f699637967e",
          "786701d4e4cf69146457e8a4ddfd96fa",
          "fa64e2f4e15cc45d8fb05f696f584437",
          "2c209e13d698d30d4ce68cd64dd8d191",
          "1bf283c616c8b22435253e90d398eb0d",
          "24657e7e0e486ab77915771494e8db03",
          "11017628b3c7e07f5a363cbc19a005f3",
          "b6b4830010a29d9c0a44d03aaee97c3c",
          "9ed735a06d39bf2889f478ea37fa0df3",
          "2282eb17c339bacfa4dcbf86767dc35e",
          "b1c9867afeae8a343d80955195079c17",
          "bbf684445205d7f33a298e59a83a3fa0",
          "59b593215eedd0028dc29fce9e15be79",
          "d0f47f903a1fdb1d760f85862cb8f809",
          "ac86093e075eb76d6da8b04a13a3386a"
        ]
      }
    },
    {
      "type": "Feature",
      "geometry": {
        "type": "Point",
        "coordinates": [
          -75.17150159659957,
          39.894181088736566
        ]
      },
      "properties": {
        "mural_name": "Central Green",
        "artist": "Nate Harris",
        "address": "Rouse Blvd, Philadelphia, Pennsylvania, 19112, USA",
        "media": [
          "39029438355251e3ea51f6ab653046fd",
          "17e9102642b45ebb9a459bb0c03ac635",
          "f60e54c846158c2123b31ad7c96cbea8",
          "16d614895eef4964c095226d6bfe5d59",
          "5d9f9e90d48332a4634078324c5fb1b4",
          "ac50d22ec0a4cc29b53285f2bdba852c"
        ]
      }
    },
    {
      "type": "Feature",
      "geometry": {
        "type": "Point",
        "coordinates": [
          -75.16341173141642,
          39.93856067808501
        ]
      },
      "properties": {
        "mural_name": "Chakaba: Spirit of Children",
        "artist": "Mike Smash",
        "address": "1200 Carpenter St, Philadelphia, Pennsylvania, 19147, USA",
        "media": [
          "ce7b6d09e62bd98841733127f18d7359"
        ]
      }
    },
    {
      "type": "Feature",
      "geometry": {
        "type": "Point",
        "coordinates": [
          -75.20978172202928,
          39.962058643131975
        ]
      },
      "properties": {
        "mural_name": "Chalfont Playground murals",
        "artist": "Jason Slowik",
        "address": "4330-40 Deerpath Ln, Philadelphia, Pennsylvania, 19154, USA",
        "media": [
          "2297c35bb43f2fb4125262b07291eb9e"
        ]
      }
    },
    {
      "type": "Feature",
      "geometry": {
        "type": "Point",
        "coordinates": [
          -75.1644682020743,
          39.95407629249831
        ]
      },
      "properties": {
        "mural_name": "Chalk Talk",
        "artist": "Wing Young Hule",
        "address": "1401 John F Kennedy Blvd, Philadelphia, Pennsylvania, 19102, USA",
        "media": [
          "773e47155134180db21d5758fd28a6ea",
          "a5bcce640cffe87956eda64812b98eb1",
          "5a00fe68797142219a752a8047e1693d",
          "e9716d0626253cfa99a00a54b00a0309",
          "df61fa4d6fcc115a20f45e281c192d7e",
          "1bbed95bf060bf9af02cf4639ed5beec",
          "6dbb300f5dd15af9e177429f4735653e",
          "788ceee864aa9d7eb959c90af6a21cbd",
          "7c00120ee1e45d486ffc0136eee4bfb0",
          "6635da398c111042e6b894bc4d8c7921",
          "6bb74918408614526c856aa231e429d4",
          "687fe9330d4d5101d5a46f25ea55c69a",
          "dd534b297b3c31589056f680d6c5c3bb",
          "8506346efc9cda826e8a6f431821f3ab",
          "3864be86937e1dc2016cb888e5c22977"
        ]
      }
    },
    {
      "type": "Feature",
      "geometry": {
        "type": "Point",
        "coordinates": [
          -75.1789245049746,
          40.00001889244184
        ]
      },
      "properties": {
        "mural_name": "Chalmer's Field",
        "artist": "Robert Minervini",
        "address": "3001 W Lehigh Ave, Philadelphia, Pennsylvania, 19132, USA",
        "media": [
          "748e454e0a7f5f734290e89df438bc48"
        ]
      }
    },
    {
      "type": "Feature",
      "geometry": {
        "type": "Point",
        "coordinates": [
          -75.16354767561977,
          39.95296446809859
        ]
      },
      "properties": {
        "mural_name": "Changing Seasons, Lasting Symbols",
        "artist": "Eric Okdeh",
        "address": "1400 John F. Kennedy Blvd, Philadelphia, Pennsylvania, 19107, USA",
        "media": [
          "6fb82b4d450146f82df2eebd0dbd7262",
          "e26232a57905353a3f0968c13a051e14",
          "a2afb197f6fe24ce1e7f48f23c11f58c",
          "8b188dd8598c94cc502db45117c41f8c",
          "212dabc1e6e3f85264c031200f64268e",
          "49a968667ffb48d837cf71ac76dbd0d4"
        ]
      }
    },
    {
      "type": "Feature",
      "geometry": {
        "type": "Point",
        "coordinates": [
          -75.18492377139289,
          39.9746215941607
        ]
      },
      "properties": {
        "mural_name": "Charnae Wise Memorial Garden",
        "artist": "Parris Stancell",
        "address": "933 N 30th St, Philadelphia, Pennsylvania, 19130, USA",
        "media": [
          "f9671907ba5ff9842c316de95474d187",
          "31b370b5ff2129171f0e667a0b98a21c",
          "71180adb9a586bf2420aa18ee75cd191"
        ]
      }
    },
    {
      "type": "Feature",
      "geometry": {
        "type": "Point",
        "coordinates": [
          -75.18534930577434,
          39.980726725343054
        ]
      },
      "properties": {
        "mural_name": "Children Are the Future",
        "artist": "Parris Stancell",
        "address": "3048 W Oxford St, Philadelphia, Pennsylvania, 19121, USA",
        "media": [
          "cb346d0fdea8f59b5098250254a49c42"
        ]
      }
    },
    {
      "type": "Feature",
      "geometry": {
        "type": "Point",
        "coordinates": [
          -75.16927794612904,
          39.94255012287344
        ]
      },
      "properties": {
        "mural_name": "Children of Philadelphia",
        "artist": "Burton J. Dodge",
        "address": "726 S 16th St, Philadelphia, Pennsylvania, 19146, USA",
        "media": [
          "9103a91ed4d90e733989a28c6ed2407a"
        ]
      }
    },
    {
      "type": "Feature",
      "geometry": {
        "type": "Point",
        "coordinates": [
          -75.16511155767142,
          39.99019659848367
        ]
      },
      "properties": {
        "mural_name": "Children's Garden",
        "artist": "Jane Golden",
        "address": "2331 N 20th St, Philadelphia, Pennsylvania, 19132, USA",
        "media": [
          "4c681d64eb06cc1d5eda146c53c71de1"
        ]
      }
    },
    {
      "type": "Feature",
      "geometry": {
        "type": "Point",
        "coordinates": [
          -75.24149331126685,
          39.957601353370784
        ]
      },
      "properties": {
        "mural_name": "Choices",
        "artist": "Cavin Jones",
        "address": "245 S 60th St, Philadelphia, Pennsylvania, 19139, USA",
        "media": [
          "e9a5930cc8ab56455d6ceb27332427bc",
          "8c6713fdc71dbef4e77635a2373d30e9"
        ]
      }
    },
    {
      "type": "Feature",
      "geometry": {
        "type": "Point",
        "coordinates": [
          -75.15923587512899,
          39.92632839659585
        ]
      },
      "properties": {
        "mural_name": "Choose Love",
        "artist": "Sabina Louis Pierce",
        "address": "1818 S 8th st, Philadelphia, Pennsylvania, 19148, USA",
        "media": [
          "4fa79dde25c7c4e543307871bc725956",
          "3da464f55a014c5d3f8ba23343d4b24c",
          "bbf320c072574b660b38afd07bb477f6"
        ]
      }
    },
    {
      "type": "Feature",
      "geometry": {
        "type": "Point",
        "coordinates": [
          -75.03397978856671,
          40.03031058907899
        ]
      },
      "properties": {
        "mural_name": "Christa Lewis Memorial (Russo Park)",
        "artist": "Philadelphia Anti-Graffiti Network (PAGN)",
        "address": "7300 Torresdale Ave, Philadelphia, Pennsylvania, 19135, USA",
        "media": [
          "29199b6d616999bc7be4b3434c681d06"
        ]
      }
    },
    {
      "type": "Feature",
      "geometry": {
        "type": "Point",
        "coordinates": [
          -75.03397978856671,
          40.03031058907899
        ]
      },
      "properties": {
        "mural_name": "Christa's Mural (reenvisioning)",
        "artist": "Cody Stuhltrager",
        "address": "7300 Torresdale Ave, Philadelphia, Pennsylvania, 19135, USA",
        "media": [
          "345d237ac7c7ec466d4b169338dcff25",
          "9236f49701e5ce5479f119d23c13ffc5",
          "41e02ec7bcb56bb6656ff46078b78493"
        ]
      }
    },
    {
      "type": "Feature",
      "geometry": {
        "type": "Point",
        "coordinates": [
          -75.14219066114597,
          39.96527554550666
        ]
      },
      "properties": {
        "mural_name": "Cinema Verde",
        "artist": "Dennis Haugh",
        "address": "911 N 3rd St, Philadelphia, Pennsylvania, 19123, USA",
        "media": [
          "61d85f27259edcc3345479ebbdfcc768"
        ]
      }
    },
    {
      "type": "Feature",
      "geometry": {
        "type": "Point",
        "coordinates": [
          -75.14890144307739,
          39.95720495789958
        ]
      },
      "properties": {
        "mural_name": "City in Retrospect (Ben Franklin Bridge Wall)",
        "artist": "Jared Bader",
        "address": "6th St & Wood St, Philadelphia, Pennsylvania, 19123, USA",
        "media": [
          "f2aafdd27c49007827c653210b349c31",
          "f91c4f760d1ee9dea41d689210fab7fc",
          "46b290d91e3de43e5c6f5bb2f56d9dd2",
          "8de5288cd295456318499d1f72ee7faf",
          "78e5ae228a2c1f507cef2224bdce1790"
        ]
      }
    },
    {
      "type": "Feature",
      "geometry": {
        "type": "Point",
        "coordinates": [
          -75.01809291609034,
          40.07593599124417
        ]
      },
      "properties": {
        "mural_name": "City of Champions Mural",
        "artist": "David McShane",
        "address": "2701 Grant Ave, Philadelphia, Pennsylvania, 19114, USA",
        "media": [
          "92bad41bb0a2848610eddb27ec1f3f78",
          "add5669ba59dd8d4bf1f3ace967b815a",
          "e01328a844d69657605290f6128b33ef",
          "292426eda769e8a33b9e22b9351fe3a3",
          "164c03abf2474efbe29c744a470e52d9"
        ]
      }
    },
    {
      "type": "Feature",
      "geometry": {
        "type": "Point",
        "coordinates": [
          -75.1644682020743,
          39.95407629249831
        ]
      },
      "properties": {
        "mural_name": "City of Innovation",
        "artist": "Eric Okdeh",
        "address": "1401 John F Kennedy Blvd, Philadelphia, Pennsylvania, 19102, USA",
        "media": [
          "57c0343b68cac77677523d916b83614f",
          "ec0c60a56716d943be78ba41c77c0cb7",
          "44fa61512a632814167caaab5e89c2b1",
          "c239c5ff5a968f04951c2395ee41f5f2",
          "fbb760e2218b418170450fa6b5d6be9d"
        ]
      }
    },
    {
      "type": "Feature",
      "geometry": {
        "type": "Point",
        "coordinates": [
          -75.16360856666986,
          39.95245643457743
        ]
      },
      "properties": {
        "mural_name": "Civic Views",
        "artist": "Emilio Martínez Poppe",
        "address": "1400 John F. Kennedy Blvd, Philadelphia, Pennsylvania, 19107, USA",
        "media": [
          "2133694796ca3738d1e23c182554ff1c",
          "f15811b1f63bfd5e190fba933f17597c",
          "42f1c633b3697a08aff5be57fa0f1957",
          "489d545f3032536302e88961dfaec785",
          "8892b199655b336968ba0e9664b971c7",
          "fb911bdf8bb51de8f840c76037c7de97",
          "70c2aa2c26c2fd760c2ab3d07668a168",
          "c59cb11280c2a942924affce3a7b38c5",
          "ad966a2e86387ec9cef0b36f83f7b14b",
          "b1af8f06f15d49bc8e6b5a92a9e35b7a",
          "bf280141105511edaae3c3bced58f529",
          "073b4d07f6d81e8b5b2f1686911a4b41",
          "32c630687eb4f29e428fe52b180add78",
          "9d991d2233850b252e789701c8fda498",
          "84679905d988c2e2385ebcc59e8226f2",
          "a96c7304dea260f859e5a6ab6e6909c8",
          "58614fc9538dd3d9a6fdecacba9481e2",
          "8674222beb3f27c43f1efd3e153b1324",
          "91b44e35d9dd7c06052c9e82eb684052",
          "f9f3e5747d56ed4314dbe29fbb24e411",
          "6d6bedd4ad2efca197225d497335d6a7",
          "842162dcb3d2fb89fbaba273d1254375",
          "768313b47dbf952f62966e93aa0185ca"
        ]
      }
    },
    {
      "type": "Feature",
      "geometry": {
        "type": "Point",
        "coordinates": [
          -75.1750938357436,
          39.93732747147433
        ]
      },
      "properties": {
        "mural_name": "Civil Rights in Education (Reenvisioning)",
        "artist": "Eric Okdeh",
        "address": "1157 S 19th St, Philadelphia, Pennsylvania, 19146, USA",
        "media": [
          "8990b1448d34bf75413ca2d24676a6fb"
        ]
      }
    },
    {
      "type": "Feature",
      "geometry": {
        "type": "Point",
        "coordinates": [
          -75.14716576099104,
          39.99636298369579
        ]
      },
      "properties": {
        "mural_name": "Civil Rights Mural",
        "artist": "Cavin Jones",
        "address": "2904 Germantown Ave, Philadelphia, Pennsylvania, 19133, USA",
        "media": [
          "04a8a68d8ba36d17c81b82cef4786301"
        ]
      }
    },
    {
      "type": "Feature",
      "geometry": {
        "type": "Point",
        "coordinates": [
          -75.19199145868456,
          40.06099074584796
        ]
      },
      "properties": {
        "mural_name": "Clash Power II",
        "artist": "Oluwafemi",
        "address": "7236 Germantown Ave, Philadelphia, Pennsylvania, 19119, USA",
        "media": [
          "32a6dc51b8ab425512c809bb2cde5d84",
          "fabe62db134e8dea8746e94bfeda4482"
        ]
      }
    },
    {
      "type": "Feature",
      "geometry": {
        "type": "Point",
        "coordinates": [
          -75.1690477,
          39.9654291
        ]
      },
      "properties": {
        "mural_name": "Cleaner, Greener, Brighter Futures",
        "artist": "Saloua Amara",
        "address": "1727-29 Mt. Vernon Street, Philadelphia, Pennsylvania, 19107, USA",
        "media": [
          "e98a843ca822160afee9f74064e1ce30",
          "f734c2d33b17ed757eb2f8f9c2db5ce4",
          "ce8f94b42a781c9b9ed39ab5cde6af67",
          "7d76ee2134aea1fd4669de9e3e047b79",
          "a002151fbb8e5f3e89c1636028c69289",
          "40bcb0bc2dd2bff4deeca23a63bed0c9",
          "faa51bc43bbb08217baf1ccd157a402c"
        ]
      }
    },
    {
      "type": "Feature",
      "geometry": {
        "type": "Point",
        "coordinates": [
          -75.13960265005772,
          39.97870744756888
        ]
      },
      "properties": {
        "mural_name": "Climate Justice in Lenapehoking",
        "artist": "Eurhi Jones",
        "address": "1800 N American St, Philadelphia, Pennsylvania, 19122, USA",
        "media": [
          "f8af62038297fd03a5581108af888314",
          "6526e455361872aefc5728cc306013d9",
          "7af2f80ada50d1cd69a867d7da876741",
          "bcc1273bfc091dbb2a046ecf0f5b77f0",
          "3e18eea839f221711395de9194fe78c6",
          "5eb6d930148330322b30a1c273aa2732",
          "dd833c44ff72bbc59ba5964e4c5dfe98",
          "3818d09e5a7df6efc8303aad096e9954",
          "5d9dd6b484f1370d37c9039adc444f3e",
          "8742a05751dec3ac4d315a82f8987733",
          "44c9c6712bcf05861dc95b0ec25f4411"
        ]
      }
    },
    {
      "type": "Feature",
      "geometry": {
        "type": "Point",
        "coordinates": [
          -75.17380702233609,
          39.95519857452224
        ]
      },
      "properties": {
        "mural_name": "Cloud in Your Teacup",
        "artist": "Adriana Amador-Chacon",
        "address": "2000 Cuthbert St, Philadelphia, Pennsylvania, 19103, USA",
        "media": [
          "f2ed1ffa7f2f2c5d31c339d98bb0186d",
          "25be61c74322b4c785380eddf4caea12",
          "2501ea16d7d3603701f0f7977bcd6586",
          "e167f4f4bdeb87290fd910504ef82c18",
          "2d0e14e2654e85409792998edf9df2c6",
          "392db7a6e87abcc9bfb5298954ff1f0f",
          "f2dc964b1462b9ce710d77c4e2861217",
          "8bc5f1687ad1ee5db4784745d6dc876d",
          "e311b3baada0199d991f55f68ed6bd0a",
          "69604ffeb06afa7e7075717486ce4ef6"
        ]
      }
    },
    {
      "type": "Feature",
      "geometry": {
        "type": "Point",
        "coordinates": [
          -75.18633345236177,
          39.925453061995874
        ]
      },
      "properties": {
        "mural_name": "Coded by Kids",
        "artist": "Priscilla Bell Lamberty",
        "address": "2100 S 24th St, Philadelphia, Pennsylvania, 19145, USA",
        "media": [
          "085dc82c310602f6710176e573db5088",
          "91b8583751df92383d7840be51428600",
          "47bd9e6b70bb21d5d8bfab0e38b40abe",
          "09262b19e071a511878bc99a9d5c21bb",
          "91437673871728503f67d819827aa1a8",
          "b0f4ab7f2bafb402da0b6f7bbf4ede78",
          "5877c7901176687e3020fa8699c0efa2",
          "6cbdb4d0a9fa24796d86dc8567f38d2b",
          "4300d708091fd4ec5b5f741b6890af8f"
        ]
      }
    },
    {
      "type": "Feature",
      "geometry": {
        "type": "Point",
        "coordinates": [
          -75.14219066114597,
          39.96527554550666
        ]
      },
      "properties": {
        "mural_name": "Cohocksink: Stand In The Place Where You Live",
        "artist": "Dennis Haugh",
        "address": "911 N 3rd St, Philadelphia, Pennsylvania, 19123, USA",
        "media": [
          "9fb03b91f9c5206e17c6c738bb957427"
        ]
      }
    },
    {
      "type": "Feature",
      "geometry": {
        "type": "Point",
        "coordinates": [
          -75.23033934696888,
          40.02926536076396
        ]
      },
      "properties": {
        "mural_name": "Coinciding Currents",
        "artist": "Beth Clevenstine",
        "address": "Leverington St & Main St, Philadelphia, Pennsylvania, 19127, USA",
        "media": [
          "b6209b7664f9cf20a6481e91f9ec9db4",
          "b0e5033b72913c43918da52c4fa74f23",
          "79b5ba2302039e243004bd7ddbd8520c",
          "a1412c1303fd50d87ca4ecd8e5030cce"
        ]
      }
    },
    {
      "type": "Feature",
      "geometry": {
        "type": "Point",
        "coordinates": [
          -75.16559836172566,
          39.955423008280434
        ]
      },
      "properties": {
        "mural_name": "Collaborative Efforts",
        "artist": "Charles Barbin",
        "address": "1700 Spring Garden St., Philadelphia, Pennsylvania, 19130, USA",
        "media": [
          "6eb5835e4bab03cbe78bb4fa5b52eb82",
          "bc8e50ab17946c167307cbb9dafa8f9a",
          "045213c3d2ffe59f386525e94058e91a",
          "d2001c7e80528819c8bb6b76e33c2d4e",
          "464e11c8692918ee1f9c52a9df475e6b"
        ]
      }
    },
    {
      "type": "Feature",
      "geometry": {
        "type": "Point",
        "coordinates": [
          -75.16686270260283,
          39.95428444063965
        ]
      },
      "properties": {
        "mural_name": "Color Me Back",
        "artist": "Gabe Tiberino",
        "address": "1617 JFK Blvd, Philadelphia, Pennsylvania, 19103, USA",
        "media": [
          "70ea490cc48aa57875bf81f8bf97f054",
          "2e2dbf23b64496e640b7d3763f0f09b5"
        ]
      }
    },
    {
      "type": "Feature",
      "geometry": {
        "type": "Point",
        "coordinates": [
          -75.20286359079846,
          39.95559081003438
        ]
      },
      "properties": {
        "mural_name": "Colorful Legacy",
        "artist": "Willis \"Nomo\" Humphrey",
        "address": "4008 Chestnut St, Philadelphia, Pennsylvania, 19104, USA",
        "media": [
          "d2fb854185b475c1914c8849b1d62ae1",
          "63aad80a2fad672d3fe5927c243d0dfa"
        ]
      }
    },
    {
      "type": "Feature",
      "geometry": {
        "type": "Point",
        "coordinates": [
          -75.15852830260272,
          39.957213125432176
        ]
      },
      "properties": {
        "mural_name": "Colors of Light",
        "artist": "Josh Sarantitis",
        "address": "247 N 12th St, Philadelphia, Pennsylvania, 19107, USA",
        "media": [
          "ef243bfd018441c66730aafa18212096",
          "7c42983b21ba64aeff21fc4a2d03ca52",
          "6cd0921f2ff8a3948cc267136b0f7d43"
        ]
      }
    },
    {
      "type": "Feature",
      "geometry": {
        "type": "Point",
        "coordinates": [
          -75.15212500131244,
          39.927189660683226
        ]
      },
      "properties": {
        "mural_name": "Columbia Bridge in Summer",
        "artist": "Patrick Conner",
        "address": "1701 S 4th St, Philadelphia, Pennsylvania, 19148, USA",
        "media": [
          "17ef8891cf2bd2d10ae78f71f467c687"
        ]
      }
    },
    {
      "type": "Feature",
      "geometry": {
        "type": "Point",
        "coordinates": [
          -75.15092337622625,
          39.92821925453803
        ]
      },
      "properties": {
        "mural_name": "Columbia Bridge in Summer (reenvisioning)",
        "artist": "Patrick Conner",
        "address": "1600 E Moyamensing Ave, Philadelphia, Pennsylvania, 19148, USA",
        "media": [
          "34ad8452ce1337a4f5270d95b8113795",
          "31adb4f964f4323a1aa3ccc16b295a96"
        ]
      }
    },
    {
      "type": "Feature",
      "geometry": {
        "type": "Point",
        "coordinates": [
          -75.1690477,
          39.9654291
        ]
      },
      "properties": {
        "mural_name": "Come To Your Census, Philly",
        "artist": "Anthony Carlos Molden",
        "address": "1727-29 Mt. Vernon Street, Philadelphia, Pennsylvania, 19107, USA",
        "media": [
          "daac4d8b67ef80cf69b928ee62467542",
          "331d356b8c5c4e9eaaf94c7747299111",
          "eb9a610473a6c98a2501d844d899e06f",
          "288baff2ff4fa0ea3f8684fbfaed845c",
          "be2c4b97b53650aeb4abbb15b9af5fc0",
          "badf2a801d9d792d37e66bf6950d20c3",
          "c8189552cbe2b9d8c2d20d44b8f6bfe4",
          "4c61db0a7938137b74fed29c136e700c",
          "be71a3eeada9a45415781615c2f8bd16",
          "6e6ca0ab8a480192374b01098ac9919d"
        ]
      }
    },
    {
      "type": "Feature",
      "geometry": {
        "type": "Point",
        "coordinates": [
          -75.17446441310946,
          39.95535503484553
        ]
      },
      "properties": {
        "mural_name": "Coming Home",
        "artist": "David Guinn",
        "address": "2042 Arch St, Philadelphia, Pennsylvania, 19103, USA",
        "media": [
          "87a5f8e2bec305d32214b30a4bd34cda",
          "137492d851c038b5e3b82765cc4c82dc",
          "e26647365652cc8b626aafa96ba250ae",
          "1c9efd26ba7fdb99fbe0507f07e8bd80"
        ]
      }
    },
    {
      "type": "Feature",
      "geometry": {
        "type": "Point",
        "coordinates": [
          -75.0722757574625,
          40.03785144952884
        ]
      },
      "properties": {
        "mural_name": "Coming to America and Making it Better",
        "artist": "Eliseo Art Silva",
        "address": "6401 Horrocks St, Philadelphia, Pennsylvania, 19149, USA",
        "media": [
          "86ce53d8924d8158c5c69ba8a4cd971f"
        ]
      }
    },
    {
      "type": "Feature",
      "geometry": {
        "type": "Point",
        "coordinates": [
          -75.17762196567168,
          39.955525181012746
        ]
      },
      "properties": {
        "mural_name": "Commemorating Women in the Visual Arts",
        "artist": "Michelle Angela Ortiz",
        "address": "60 N 23rd St, Philadelphia, Pennsylvania, 19103, USA",
        "media": [
          "9ac54e3101b03f1d11be3953242ab40e",
          "a3cb22a7b31936ea7a2a99eb842ce79b"
        ]
      }
    },
    {
      "type": "Feature",
      "geometry": {
        "type": "Point",
        "coordinates": [
          -75.19425830592361,
          39.935302376115175
        ]
      },
      "properties": {
        "mural_name": "Common Ground",
        "artist": "Josh Sarantitis",
        "address": "3001 Dickinson St, Philadelphia, Pennsylvania, 19146, USA",
        "media": [
          "c19fdeb46c9d3a2ac7793ebc9d09160c",
          "ee060df17e04eb3197f3cd023158290e",
          "4fc1540cee480ae1f2fb1375b2320ad0",
          "2606c9a1cae39d65b6bb0ca80aa66f70",
          "40107d69237ed1061ba8a0994538ab12",
          "fb70401d796d679b309380d89ce741f0"
        ]
      }
    },
    {
      "type": "Feature",
      "geometry": {
        "type": "Point",
        "coordinates": [
          -75.17882287389627,
          39.96407744094902
        ]
      },
      "properties": {
        "mural_name": "Common Ground / Espacio Compartido",
        "artist": "Carlos \"Calo\" Rosa",
        "address": "2451 Benjamin Franklin Pkwy, Philadelphia, Pennsylvania, 19130, USA",
        "media": [
          "8007675586890b2ebc2e8a701a6de85a",
          "d204e895ab16241c9666a03436e4483e",
          "639b744ed54a54c928793b764d7d200e",
          "8fce775d7324649ecc83d5aae30eef4e",
          "a0bf90ed4f83ef486951f6054fcdc7be",
          "4495d4cceba8b0a770d821c41ec27d3b",
          "dd45bd67468aefb7df5b96d48a622e1f"
        ]
      }
    },
    {
      "type": "Feature",
      "geometry": {
        "type": "Point",
        "coordinates": [
          -75.12377314905807,
          40.02917656799417
        ]
      },
      "properties": {
        "mural_name": "Common Ground: The Global Heritage Project",
        "artist": "James Burns",
        "address": "100 E Duncannon Ave, Philadelphia, Pennsylvania, 19120, USA",
        "media": [
          "f368eddfde7d9ab5cfb133f98546e259",
          "903482c8ab1819e1a5871071afad05b3"
        ]
      }
    },
    {
      "type": "Feature",
      "geometry": {
        "type": "Point",
        "coordinates": [
          -75.16139994430044,
          39.96263006294524
        ]
      },
      "properties": {
        "mural_name": "Common Threads",
        "artist": "Meg Saligman",
        "address": "Spring Garden St & N Broad St, Philadelphia, Pennsylvania, 19130, USA",
        "media": [
          "a576a13f6d20e5ec1ad11f6e07e988b8",
          "bc354a56d44363a51268f5111de0fe95",
          "216e28a3736f83285fef228a11452c57",
          "ae71d7d373cb0e9f48cf622ee17a1f4b"
        ]
      }
    },
    {
      "type": "Feature",
      "geometry": {
        "type": "Point",
        "coordinates": [
          -75.20628818488817,
          39.947812880746035
        ]
      },
      "properties": {
        "mural_name": "Communion between a rock and a hard place",
        "artist": "Willis \"Nomo\" Humphrey",
        "address": "4129 Woodland Ave, Philadelphia, Pennsylvania, 19104, USA",
        "media": [
          "f6f1b5d1fb321ff7dc1f7b4c76cf08f5",
          "36ac75488ab557cb482a0f640cb7c88c",
          "df727848bc3289a2b0f83db63429f3f1",
          "af33dcb8f9a7b72a184a68a04e232906",
          "c06f63b4e470473fb107ace271f5105a"
        ]
      }
    },
    {
      "type": "Feature",
      "geometry": {
        "type": "Point",
        "coordinates": [
          -75.15967425894073,
          40.00319440243529
        ]
      },
      "properties": {
        "mural_name": "Compass Map",
        "artist": "Miriam Singer",
        "address": "1831 W Allegheny Ave, Philadelphia, Pennsylvania, 19132, USA",
        "media": [
          "4477813b51de8d91c63c1ff34dee195f",
          "a3691344757eb62a0550b5e6009021b5",
          "d3f074db71018586a54f47755b72a32c",
          "91474742252b65334168c071df1fb263",
          "7c35f6352a91cc7c133013ea5760a271",
          "6b021339cc072b4f4ca9a040f9e5b7f4"
        ]
      }
    },
    {
      "type": "Feature",
      "geometry": {
        "type": "Point",
        "coordinates": [
          -75.16360856666986,
          39.95245643457743
        ]
      },
      "properties": {
        "mural_name": "Compass Rose (Restoration)",
        "artist": "David Salama",
        "address": "1400 John F. Kennedy Blvd, Philadelphia, Pennsylvania, 19107, USA",
        "media": [
          "daf99a4a41693783d9d6ec861ebd02bd",
          "d907269c58bf0e8010b149b15f78524d",
          "9c9ae2859ec797721af9f31365f8296a"
        ]
      }
    },
    {
      "type": "Feature",
      "geometry": {
        "type": "Point",
        "coordinates": [
          -75.2239322474502,
          39.93811497715091
        ]
      },
      "properties": {
        "mural_name": "Compassion",
        "artist": "Ras Malik",
        "address": "1520 S 55th St, Philadelphia, Pennsylvania, 19143, USA",
        "media": [
          "17fe8c66d51bf3b0ccd8644e7db5dbb0"
        ]
      }
    },
    {
      "type": "Feature",
      "geometry": {
        "type": "Point",
        "coordinates": [
          -75.12118893557955,
          39.99675214633448
        ]
      },
      "properties": {
        "mural_name": "Comunidad (Community)",
        "artist": "Kristin Groenveld",
        "address": "3199 D St, Philadelphia, Pennsylvania, 19134, USA",
        "media": [
          "0c391a40a7ba924f9e3f5cdc7881142e",
          "cf6b2141cc758e5aca92ed9921623220"
        ]
      }
    },
    {
      "type": "Feature",
      "geometry": {
        "type": "Point",
        "coordinates": [
          -75.23274521983252,
          40.03224335617255
        ]
      },
      "properties": {
        "mural_name": "Concrete Tree",
        "artist": "Paul Santoleri",
        "address": "4773 Cresson St, Philadelphia, Pennsylvania, 19127, USA",
        "media": [
          "e5102b3f4b5cb667e40ce44875ffec2c",
          "0517866d02f457c20fbdf7e691c5fb35",
          "7c11e0fd0785282af125c9d378f25192",
          "5e16305b64192cf5640d8ce1c713d812",
          "f319fa06f15385ccd7c9ab5d5e20cd41",
          "c55b7995071438b8dd12dbff19767e32",
          "4de131c1b32bc5ca53e4b2b45c8da49c",
          "7b9860b6252251d1b2eeeb6bd1c1cc97",
          "49d7c0c036832f2df4d82d244e9b3c80",
          "6c36b582c1e05f1fcbb9fa84b0f765d2",
          "b44972bfa6948e2f0c047287138ab45f",
          "ce64e4011a593d7135e11968bd0ad09e",
          "7c36ebda4e86ce9ee1df8de20c812a5f",
          "8db1a4c30a5afd0781bfdace4bd51443",
          "1fb9ad7d3baefcd616bb45644978ca10",
          "777852838e74785fd5ee706a1d18d21c",
          "ff0818e3e8abb52b027726998f12158c",
          "699582667fb7db835cc6e01a9a757ed9",
          "3bb1e44ccafcbd8e5c18c0d848a08036",
          "9eb71f5c453d242dc0471934a1c6d3fa",
          "dfe6299846af12299b323b243004af87",
          "97342a9cdeb9a02e8d29fa1df422fea3",
          "cd62f44e0e028efa57863583ae15af7e",
          "6355f4d3c06c20e20db2f7b8deeb4305",
          "80fd1e169b33cedea5497136723731e0",
          "82ad232a4a69d02b7ef491a179522365"
        ]
      }
    },
    {
      "type": "Feature",
      "geometry": {
        "type": "Point",
        "coordinates": [
          -75.23432000014007,
          39.95943823226759
        ]
      },
      "properties": {
        "mural_name": "Contemplation, Clarity, Resilience",
        "artist": "Eric Okdeh",
        "address": "5630 Chestnut St, Philadelphia, Pennsylvania, 19139, USA",
        "media": [
          "d1db7989c887ed0bca3052d3b90119c2",
          "2016fa409b2952a2a2ae7f54a734f2eb"
        ]
      }
    },
    {
      "type": "Feature",
      "geometry": {
        "type": "Point",
        "coordinates": [
          -75.17905876027716,
          39.893889347006805
        ]
      },
      "properties": {
        "mural_name": "Continuous #12",
        "artist": "Destiny Palmer",
        "address": "4701 Intrepid Ave, Philadelphia, Pennsylvania, 19112, USA",
        "media": [
          "1666104799d27af846cd65cb5d025c74",
          "fbcd22e4022128b848c2a9c174431c5e",
          "e7b6c542332bd99bcbc30049f7a2a301",
          "29222e6a08c0c6fed1511569afd2cbfa",
          "34b3dbc338bca5c3b2ee2617cc6fb1b1",
          "6c702ddec2ca949c8cf80e7654d62801",
          "509cd3afd718c1064846e9630e357d41",
          "84f4233a9d38eb454b66a3b8715b61bb",
          "87b9eeaa4f0186d8116795ef7c1bde03",
          "c0047a0765be546628955aa5b09d5604",
          "ce1716e271f4b393cda939f1c8321e76"
        ]
      }
    },
    {
      "type": "Feature",
      "geometry": {
        "type": "Point",
        "coordinates": [
          -75.07644530982523,
          40.040683174068306
        ]
      },
      "properties": {
        "mural_name": "Continuum",
        "artist": "LaToya Peoples",
        "address": "6434 Castor Ave, Philadelphia, Pennsylvania, 19149, USA",
        "media": [
          "2cc0c9a93bfde94a646f35ca2aa8c565",
          "58c3398125a2fee3a2189ffa15f2698f",
          "afadd5d799bf20256227aff080c5d7b4",
          "80eae316ff8ef9c1ed474e1bbabc4c98",
          "03e30b007b47d05bfad643a327ebde2b",
          "f5450535834ce2308fc929b8a9108dee",
          "992f9daf205f0bf23b3a9e46a2e5652a"
        ]
      }
    },
    {
      "type": "Feature",
      "geometry": {
        "type": "Point",
        "coordinates": [
          -75.18469787561996,
          39.94665795970179
        ]
      },
      "properties": {
        "mural_name": "Convergence",
        "artist": "Rebecca Rutstein",
        "address": "500 S 27th St, Philadelphia, Pennsylvania, 19146, USA",
        "media": [
          "1ce6c76ebd45bafdf54e22057337038f",
          "6a1d4293d562b2bcbb35917f76640905",
          "6572970396213d7ab17970dab787d7be",
          "c60421cafd43f4916cc406a18739c37c",
          "794bfef33bc754975829481a4eb0a81d"
        ]
      }
    },
    {
      "type": "Feature",
      "geometry": {
        "type": "Point",
        "coordinates": [
          -75.15735491794814,
          39.933763387517644
        ]
      },
      "properties": {
        "mural_name": "Convergence",
        "artist": "Andréa Grasso",
        "address": "1215 S 8th St, Philadelphia, Pennsylvania, 19147, USA",
        "media": [
          "76f459b361117443b89858ae0985d87b"
        ]
      }
    },
    {
      "type": "Feature",
      "geometry": {
        "type": "Point",
        "coordinates": [
          -75.16260524193032,
          39.93320418808529
        ]
      },
      "properties": {
        "mural_name": "Cops & Kids (Philadelphia Police Department, 3rd & 4th Districts)",
        "artist": "Nema Etebar",
        "address": "1300 S 11th St, Philadelphia, Pennsylvania, 19147, USA",
        "media": [
          "114dd0f0b901f6da07e1e17d27b86ae2",
          "d86b8516b08ba1d473ff137e648467ae",
          "18853945904487c6a47e387c04316829",
          "c104e36c8f7f8af5783e5cd105902fb5",
          "e7eae22f61403997c1c17cc0be00b3a8",
          "a9c025318bd013cfc0f1ce2a131386d8",
          "662b74cd4f0651f860ecbdf3f509537c"
        ]
      }
    },
    {
      "type": "Feature",
      "geometry": {
        "type": "Point",
        "coordinates": [
          -75.1614568796875,
          39.952161621535524
        ]
      },
      "properties": {
        "mural_name": "Cops & Kids (SEPTA, 1234 Market Street)",
        "artist": "Nema Etebar",
        "address": "1301 Market St, Philadelphia, Pennsylvania, 19107, USA",
        "media": [
          "6e2fb95296c07c901f36a8b9aaf968f8",
          "fbc11f51e4a5afd32cac1f6411081850",
          "37c2b235ec191ff2ea536e4cd49769ad",
          "5d103a85424178fd5aa5252f4f079d6f",
          "15d26d921df4db87f594e9346c995a8e",
          "8859db7489ae7f92a05b2f1bf7944300",
          "242798abe7779e80a3e7f7b09798e1a4",
          "7b374e46fc2ab1d7f15ecbff564895d8",
          "fdbd416738309fda0196dcfb96dac071"
        ]
      }
    },
    {
      "type": "Feature",
      "geometry": {
        "type": "Point",
        "coordinates": [
          -75.11277642794535,
          40.02229088364251
        ]
      },
      "properties": {
        "mural_name": "Cops and Kids: Daring to Cross the Waters",
        "artist": "Cesar Viveros",
        "address": "4800 Whitaker Ave, Philadelphia, Pennsylvania, 19124, USA",
        "media": [
          "705f2dc4182c850af934cef469b95e64",
          "4c34a199025693660dacde0e7d33661c"
        ]
      }
    },
    {
      "type": "Feature",
      "geometry": {
        "type": "Point",
        "coordinates": [
          -75.16773181886636,
          39.97104569621675
        ]
      },
      "properties": {
        "mural_name": "CoreStates Art Park mural",
        "artist": "Jane Golden",
        "address": "Perkiomen St & N 19th St, Philadelphia, Pennsylvania, 19130, USA",
        "media": [
          "cb6cfe31c8b7575751625393a7b3d92f"
        ]
      }
    },
    {
      "type": "Feature",
      "geometry": {
        "type": "Point",
        "coordinates": [
          -75.22735158915165,
          39.93504945965516
        ]
      },
      "properties": {
        "mural_name": "Cornerstone Christian Academy",
        "artist": "Eric Okdeh",
        "address": "1939 S 58th St, Philadelphia, Pennsylvania, 19143, USA",
        "media": [
          "4b868df9f6fac7ec99af2079ad4e11b2",
          "b2ce34b789b0d30edfa69c3803c56ba2",
          "8654da29940d8b585483fba9263e4582"
        ]
      }
    },
    {
      "type": "Feature",
      "geometry": {
        "type": "Point",
        "coordinates": [
          -75.17446919644485,
          40.0096739138867
        ]
      },
      "properties": {
        "mural_name": "Cornucopia",
        "artist": "Jonathan Laidacker",
        "address": "2800 Fox St, Philadelphia, Pennsylvania, 19129, USA",
        "media": [
          "303db502478f3a10374097e898236dbc"
        ]
      }
    },
    {
      "type": "Feature",
      "geometry": {
        "type": "Point",
        "coordinates": [
          -75.14732187376646,
          39.96270144467827
        ]
      },
      "properties": {
        "mural_name": "Cosmic Terrarium / Motion Painting Project",
        "artist": "Paul Santoleri",
        "address": "631 N 5th St, Philadelphia, Pennsylvania, 19123, USA",
        "media": [
          "ff922bbbcc7e19fae5a7a0d0b26af39b",
          "08d70d8925d6406a5dbd121540021715",
          "fb91dea5dade049146218d32a4788155",
          "4c8d69a8faa090ac4c4b439b56a34984",
          "e21169de12cb56154e19584b0498fb1e",
          "641e916cf2fa45f07c2ef203c7369c5c",
          "436d69e926b61c1de1ba86fe70196f49",
          "bbfbc9649321514b1e2537a9e8f30ef2",
          "bf22c855c357d3c504f1245f88ce2f50",
          "785b8afe9f809ca8bdea6437e337a775"
        ]
      }
    },
    {
      "type": "Feature",
      "geometry": {
        "type": "Point",
        "coordinates": [
          -75.06101609061578,
          40.02537985494951
        ]
      },
      "properties": {
        "mural_name": "Courage to Learn Gives Wings to Fly: The Henry W. Lawton School Murals",
        "artist": "David McShane",
        "address": "6101 Jackson St, Philadelphia, Pennsylvania, 19135, USA",
        "media": [
          "43707e74fe9a5ca7fe0c8fcef9a28e12",
          "2f5f2d75b944aa32ac69987c4b9fb076",
          "36b381981dc0c839c52bd039d8c41c77",
          "fd102e0ff0550a0abc5a52783f874e98",
          "f9809f1fa89801aea0395c992fa48e87",
          "622f77b36b1e0d1b014eb83d192c772e",
          "779881aaf560907d4407d59c6fc82633",
          "640e415dd33523a537be7ea797a2653f",
          "7032c1458d994e06a0d39e024a8fdae8",
          "ced0632fbfe6b31f28070f5d3d65ea89",
          "a9cd6f86d829f61fe5b4d44b81829551",
          "33f1bfe871d6a25e30d53b79efa1c54e",
          "d9d4228bb7bf3bb052f8c9b92cd79d62",
          "f00eae4e3797c5918e7088d961274705",
          "84da0d6eae69e9fe315daab383b143f0",
          "441276797b0010a2a8fee569b04afa68",
          "e2ad64b2fddbc68844408d04fbe8653e"
        ]
      }
    },
    {
      "type": "Feature",
      "geometry": {
        "type": "Point",
        "coordinates": [
          -75.1690787,
          39.9653724
        ]
      },
      "properties": {
        "mural_name": "COVID & Climate",
        "artist": "Margaret Kearney",
        "address": "1727-29 Mt Vernon St, Philadelphia, Pennsylvania, 19130, USA",
        "media": [
          "2f32c51eee03f4dba13ce4775a872833",
          "e2cd9253549416f92115d2197896761d",
          "d72a7f434d2483d1bab7e71eb1110fc0",
          "78a834c1b61b815b76b91677d93dd85f",
          "591cf6d7ace0eb34e5ecd6249b92c81c"
        ]
      }
    },
    {
      "type": "Feature",
      "geometry": {
        "type": "Point",
        "coordinates": [
          -75.20978172202928,
          39.962058643131975
        ]
      },
      "properties": {
        "mural_name": "Cpl. Jimmy O'Connor Recreation Center Mural",
        "artist": "Damon Bain",
        "address": "4330-40 Deerpath Ln, Philadelphia, Pennsylvania, 19154, USA",
        "media": [
          "0188d1fb4124edae28b888947dc87428",
          "3873bd844fd3964d08396bd2e025ef4a",
          "27c0d70e82c126cb91355e44048fa2a9",
          "d986dc05b8c0fca8e0713306ff3775ab",
          "7dcdbe68431576c2a874cfa52c20a4ba",
          "1bfff65cfc02e58dfb27a5bcc661ea84"
        ]
      }
    },
    {
      "type": "Feature",
      "geometry": {
        "type": "Point",
        "coordinates": [
          -75.15995211193142,
          39.95063350268631
        ]
      },
      "properties": {
        "mural_name": "Cradle",
        "artist": "Diogo Machado, aka Add Fuel",
        "address": "1139 Chestnut St, Philadelphia, Pennsylvania, 19107, USA",
        "media": [
          "f49e1255fcf0cd4dbd75c20343340c2b",
          "06feb76e1e8ce2d1eda61e2fb8f2f266",
          "bc82f28ec3247c1bb4a6579d6ecb87a3",
          "fbc6606dc9752f503772dd2a88f47580",
          "16eec586128b666be51fa00e24003814"
        ]
      }
    },
    {
      "type": "Feature",
      "geometry": {
        "type": "Point",
        "coordinates": [
          -75.15586234624965,
          39.961990353212464
        ]
      },
      "properties": {
        "mural_name": "Creating the Future",
        "artist": "Roldan West",
        "address": "1039 Spring Garden St, Philadelphia, Pennsylvania, 19123, USA",
        "media": [
          "24cb89515196c4a839f885ca70af7adf"
        ]
      }
    },
    {
      "type": "Feature",
      "geometry": {
        "type": "Point",
        "coordinates": [
          -75.13971450279098,
          40.05894142462373
        ]
      },
      "properties": {
        "mural_name": "Creation",
        "artist": "Ann Northrup",
        "address": "6926 Old York Rd, Philadelphia, Pennsylvania, 19126, USA",
        "media": [
          "d10fc73b78fca81b8ec6f0902f45f02c",
          "abf00cbdfd4802139b9f2da48e8967f6"
        ]
      }
    },
    {
      "type": "Feature",
      "geometry": {
        "type": "Point",
        "coordinates": [
          -75.12089636449927,
          40.02163396467933
        ]
      },
      "properties": {
        "mural_name": "Creative Corner",
        "artist": "Chroma Dolls",
        "address": "221 E Wyoming Ave, Philadelphia, Pennsylvania, 19120, USA",
        "media": [
          "f3abe8a0808d1b75e6de3d3e0bef5007",
          "ce2540228ea1d85de6975d0d54d6ffcf",
          "5109e588e8c920c4f1253ca958c2edd1"
        ]
      }
    },
    {
      "type": "Feature",
      "geometry": {
        "type": "Point",
        "coordinates": [
          -75.1644682020743,
          39.95407629249831
        ]
      },
      "properties": {
        "mural_name": "Crown",
        "artist": "Russell Craig",
        "address": "1401 John F Kennedy Blvd, Philadelphia, Pennsylvania, 19102, USA",
        "media": [
          "ab3c1cb8b540ec7dfbd786d536d4a8c2",
          "ed35e78144f9b6d2786d1505cbd74d0c"
        ]
      }
    },
    {
      "type": "Feature",
      "geometry": {
        "type": "Point",
        "coordinates": [
          -75.1644682020743,
          39.95407629249831
        ]
      },
      "properties": {
        "mural_name": "Crown: Freedom",
        "artist": "Russell Craig",
        "address": "1401 John F Kennedy Blvd, Philadelphia, Pennsylvania, 19102, USA",
        "media": [
          "347bb113cbfc4f4cee259ba908fc2e9c"
        ]
      }
    },
    {
      "type": "Feature",
      "geometry": {
        "type": "Point",
        "coordinates": [
          -75.1644682020743,
          39.95407629249831
        ]
      },
      "properties": {
        "mural_name": "Crown: Medusa",
        "artist": "Russell Craig",
        "address": "1401 John F Kennedy Blvd, Philadelphia, Pennsylvania, 19102, USA",
        "media": [
          "1e5e0b4b78df5bc7cc71c8096ace3dc4",
          "1af3e3f17ce496e0cde066af4765c70f"
        ]
      }
    },
    {
      "type": "Feature",
      "geometry": {
        "type": "Point",
        "coordinates": [
          -75.14573417494863,
          39.97323279489902
        ]
      },
      "properties": {
        "mural_name": "Cruz Bay",
        "artist": "Diane Pieri",
        "address": "1431 N 6th St, Philadelphia, Pennsylvania, 19122, USA",
        "media": [
          "74703c3d95cf5255ec43e25d0135c10a",
          "0c606e7b68ff7b38e7c87bc6091e4b03",
          "dc33101252ab42ecb8e144aa908ec4a1",
          "872c8cb13620b943b6b3cff83b691b6b",
          "dcf8855235b6d555f245a9337e46c706",
          "e7be032582520888307da1a299315a9d",
          "0c606e7b68ff7b38e7c87bc6091e4b03"
        ]
      }
    },
    {
      "type": "Feature",
      "geometry": {
        "type": "Point",
        "coordinates": [
          -75.14573417494863,
          39.97323279489902
        ]
      },
      "properties": {
        "mural_name": "Cruz Bay Courtyard mural by Diane Pieri (2006)",
        "artist": "Diane Pieri",
        "address": "1431 N 6th St, Philadelphia, Pennsylvania, 19122, USA",
        "media": [
          "efa2ba54cf2b86e4447d627ea9f37b4d",
          "ebaec5a7506831fc5c3a57a54f01d41a",
          "3fb5be6c392df9123926319f2d931ba2",
          "4cecf6d42a5fa2f06969353325353651",
          "94c21410ecc580d29ae023f1b68d7f0c"
        ]
      }
    },
    {
      "type": "Feature",
      "geometry": {
        "type": "Point",
        "coordinates": [
          -75.14573417494863,
          39.97323279489902
        ]
      },
      "properties": {
        "mural_name": "Cruz Bay Courtyard mural by Shira Walinsky (2000)",
        "artist": "Shira Walinsky",
        "address": "1431 N 6th St, Philadelphia, Pennsylvania, 19122, USA",
        "media": [
          "91f7af8e997571fa0b48bb2e21bb540f"
        ]
      }
    },
    {
      "type": "Feature",
      "geometry": {
        "type": "Point",
        "coordinates": [
          -75.14121794431694,
          39.987083259162766
        ]
      },
      "properties": {
        "mural_name": "Cruzando El Charco / Crossing the Puddle",
        "artist": "Betsy Z. Casañas",
        "address": "2333 N 5th St, Philadelphia, Pennsylvania, 19133, USA",
        "media": [
          "3575568262a6d572c03dfeb343a527b4"
        ]
      }
    },
    {
      "type": "Feature",
      "geometry": {
        "type": "Point",
        "coordinates": [
          -75.14121794431694,
          39.987083259162766
        ]
      },
      "properties": {
        "mural_name": "Cruzando El Charco / Crossing the Puddle",
        "artist": "Betsy Z. Casañas",
        "address": "2333 N 5th St, Philadelphia, Pennsylvania, 19133, USA",
        "media": [
          "f2baa11b06de604dfc4724864edb1347",
          "93a50effa89b4782a93ca954e965624e"
        ]
      }
    },
    {
      "type": "Feature",
      "geometry": {
        "type": "Point",
        "coordinates": [
          -75.15859153143946,
          39.94219351973946
        ]
      },
      "properties": {
        "mural_name": "Crystal Snowscape",
        "artist": "David Guinn",
        "address": "629 S 10th St, Philadelphia, Pennsylvania, 19147, USA",
        "media": [
          "442b9104886cdd739b131191fcfb9025",
          "7343f45eb7a57318e426562ba7a13952",
          "315ca2f7f4201b1bef76c75e9b5332d0",
          "a665eda7cca537b6205ead3912b9ec97",
          "a665eda7cca537b6205ead3912b9ec97"
        ]
      }
    },
    {
      "type": "Feature",
      "geometry": {
        "type": "Point",
        "coordinates": [
          -75.067601542196,
          40.0267210136207
        ]
      },
      "properties": {
        "mural_name": "Cultivate Respect",
        "artist": "Barbara Smolen",
        "address": "5801 Frankford Ave, Philadelphia, Pennsylvania, 19135, USA",
        "media": [
          "8de0dc761bc98102e9fb65684964e50c",
          "cd06344f92fcd4011e730205e5b8bda2",
          "4afb7b221a8e127a434374c2cc0ea7df",
          "84bf54d02d8fa0520fa79ea0f3e133aa"
        ]
      }
    },
    {
      "type": "Feature",
      "geometry": {
        "type": "Point",
        "coordinates": [
          -75.16996547210888,
          40.033732947311115
        ]
      },
      "properties": {
        "mural_name": "Cunningham Piano Sign Restoration",
        "artist": "Brad Carney",
        "address": "26 E Coulter St, Philadelphia, Pennsylvania, 19144, USA",
        "media": [
          "9234d980db1a0fa7a60cc475a051a19f"
        ]
      }
    },
    {
      "type": "Feature",
      "geometry": {
        "type": "Point",
        "coordinates": [
          -75.13038593701991,
          39.99127153464439
        ]
      },
      "properties": {
        "mural_name": "Curing Community (Philadelphia Pharmacy 2016)",
        "artist": "Cesar Viveros",
        "address": "101 E Lehigh Ave, Philadelphia, Pennsylvania, 191407, USA",
        "media": [
          "62cd8fc8900444e85275f5fe52e747d2"
        ]
      }
    },
    {
      "type": "Feature",
      "geometry": {
        "type": "Point",
        "coordinates": [
          -75.18723900445421,
          40.00377611084235
        ]
      },
      "properties": {
        "mural_name": "Cycle of Life: Peace Like a River",
        "artist": "Dennis Haugh",
        "address": "3801 Ridge Ave, Philadelphia, Pennsylvania, 19132, USA",
        "media": [
          "11b35d83a5f9b079cb754157c7bcc1b3",
          "685feb92ba1d941d65313ca6af4fc2f4",
          "a74e9d2783ac4b2679b51b6e8182d2a0"
        ]
      }
    },
    {
      "type": "Feature",
      "geometry": {
        "type": "Point",
        "coordinates": [
          -75.15868971609447,
          39.95469883663647
        ]
      },
      "properties": {
        "mural_name": "Daffodils Blossom in Our Future Dreamscape (2025 Philadelphia Flower Show Installation)",
        "artist": "Caitlyn Augustyn (aka Bloomsy)",
        "address": "1101 Arch St, Philadelphia, Pennsylvania, 19107, USA",
        "media": [
          "7b831a26dcd03bdd16b5b4b13f81e00e",
          "65b06090e862ca8da3468e1e7af062df",
          "86e3566078e7cd0d29dee57aa96e1bba",
          "e48617e1bc910178f24d6ebc6da95033",
          "0a472be6ba29d29fedfd4b544ae01596",
          "a6862fce494967032b8f8ebc0ad378f1",
          "5ff6386d6f5a15ac4f02032377ed584a",
          "0259f1969f9f4fff0576e2f96186c96c",
          "d97f19db49b95ec0b956edce12f7eb4d",
          "7d5b18793299167055fa3ecb983a0253",
          "8c45ceb916a62e1c1f05ac0d29252a4e",
          "0e80f4713807b4d0e82a732b084004c0",
          "b8395eb30fcce8955cf8d3ec9ab63eb9",
          "07a9ef82a54babd2ddc9940fa72524d3",
          "cbd3830eae1939108440300d981895ac",
          "7f6e9885ced970c3e069a1eef93f5f32",
          "f08840959162fc3f6dfe1357bf0180c7",
          "0f845f01cb1ad15722a28c16e84bcb0f",
          "a6f231992e031cfaaa00d5294522daef",
          "082356faa4bdb619fdd460e92dd1dc1d"
        ]
      }
    },
    {
      "type": "Feature",
      "geometry": {
        "type": "Point",
        "coordinates": [
          -75.1569485297988,
          39.956775233780824
        ]
      },
      "properties": {
        "mural_name": "Daniel \"Danny\" Faulkner",
        "artist": "Jonathan Laidacker",
        "address": "235 N 11th St, Philadelphia, Pennsylvania, 19107, USA",
        "media": [
          "498b426b4915655308e202699170919d"
        ]
      }
    },
    {
      "type": "Feature",
      "geometry": {
        "type": "Point",
        "coordinates": [
          -75.17385761143582,
          39.930402799073065
        ]
      },
      "properties": {
        "mural_name": "Dare to Understand",
        "artist": "Jared Bader",
        "address": "1719 Morris St, Philadelphia, Pennsylvania, 19145, USA",
        "media": [
          "af60083f37f411d4d89c9e531cd2d15d"
        ]
      }
    },
    {
      "type": "Feature",
      "geometry": {
        "type": "Point",
        "coordinates": [
          -75.14990898801277,
          39.98120141068787
        ]
      },
      "properties": {
        "mural_name": "Dark is a Way and Light is a Place (Norris Homes Interior Mural)",
        "artist": "Alison Dilworth",
        "address": "1950 N 10th St, Philadelphia, Pennsylvania, 19122, USA",
        "media": [
          "81d1fe348083a75a5a7d24a72ffd4f54",
          "5997f45432f2b1ce4e7ae5bb35704a03",
          "08a7393aca53993d2337ace59dda8184"
        ]
      }
    },
    {
      "type": "Feature",
      "geometry": {
        "type": "Point",
        "coordinates": [
          -75.14990898801277,
          39.98120141068787
        ]
      },
      "properties": {
        "mural_name": "Dark is a Way, Light is a Place (Norris Homes Exterior Mural)",
        "artist": "Alison Dilworth",
        "address": "1950 N 10th St, Philadelphia, Pennsylvania, 19122, USA",
        "media": [
          "daec6a4279d30f4eb7046d0d3ca7fd79",
          "abae96a651398a271efd034b1a4f2abd",
          "0af0ae35ee663d1e3bb2aa136cdd68d0"
        ]
      }
    },
    {
      "type": "Feature",
      "geometry": {
        "type": "Point",
        "coordinates": [
          -75.17479899986716,
          39.88744394409647
        ]
      },
      "properties": {
        "mural_name": "Dazzle",
        "artist": "Nate Harris",
        "address": "1203 Admiral Peary Wy, Philadelphia, Pennsylvania, 19112, USA",
        "media": [
          "8f0fb6c730118d7799d3a18607b909ec",
          "62bb0042d03ce07be78c9b7d026efea7"
        ]
      }
    },
    {
      "type": "Feature",
      "geometry": {
        "type": "Point",
        "coordinates": [
          -75.16347990003298,
          39.95641182713173
        ]
      },
      "properties": {
        "mural_name": "Declaration",
        "artist": "Reginald Dwayne Betts",
        "address": "150 N Broad St, Philadelphia, Pennsylvania, 19102, USA",
        "media": [
          "c971408c7ad23b183d330162eb48e8c0",
          "cc32c6682f6e03affb28d5037f7793f9",
          "e7e60f80b6d55cd3108fb12f7080c7f8",
          "4cf3495d6f019c4ed958987822a80128",
          "df3c1c24ddfc5216d2ca0b1b464e9f7f"
        ]
      }
    },
    {
      "type": "Feature",
      "geometry": {
        "type": "Point",
        "coordinates": [
          -75.1641386454213,
          39.95536132564558
        ]
      },
      "properties": {
        "mural_name": "Declaration of Independence",
        "artist": "Peter Pagast",
        "address": "1425 Arch St, Philadelphia, Pennsylvania, 19102, USA",
        "media": [
          "9f29455e064d8c39e1d7ab480d4e26cc"
        ]
      }
    },
    {
      "type": "Feature",
      "geometry": {
        "type": "Point",
        "coordinates": [
          -75.13587759229272,
          39.985008165332395
        ]
      },
      "properties": {
        "mural_name": "Dedication, Tradiction, y Orgullo",
        "artist": "Celso Gonzalez",
        "address": "2248 N Palethorp St, Philadelphia, Pennsylvania, 19133, USA",
        "media": [
          "f2505f83ff4d75e993e8cd5850b1d5dd",
          "6b9fc4e01df16280a5a02d3caa86d231",
          "8385cbdfaa7751c0b765a208f05b7e3b"
        ]
      }
    },
    {
      "type": "Feature",
      "geometry": {
        "type": "Point",
        "coordinates": [
          -75.1678478823795,
          39.96900147758255
        ]
      },
      "properties": {
        "mural_name": "Deep in Our Hearts",
        "artist": "Grace Jung",
        "address": "1847 Wylie St, Philadelphia, Pennsylvania, 19130, USA",
        "media": [
          "2e42fbc03975152403ebd9b1bea8eef7"
        ]
      }
    },
    {
      "type": "Feature",
      "geometry": {
        "type": "Point",
        "coordinates": [
          -75.17674456027467,
          39.96885492987489
        ]
      },
      "properties": {
        "mural_name": "Defending Our Honor",
        "artist": "Tjai Abdullah",
        "address": "Aspen St & N 24th St, Philadelphia, Pennsylvania, 19130, USA",
        "media": [
          "b310b73241b55cdf8c3f9f0c753e8564",
          "782370a0e3ae97c28b12ead0ea1998e4"
        ]
      }
    },
    {
      "type": "Feature",
      "geometry": {
        "type": "Point",
        "coordinates": [
          -75.06625283815215,
          40.000796851663154
        ]
      },
      "properties": {
        "mural_name": "Delaware River Connections",
        "artist": "Meg Lemieur",
        "address": "4725 Richmond St, Philadelphia, Pennsylvania, 19137, USA",
        "media": [
          "29c0ea1331467a0dd64d1d3db73beafe",
          "1f2d227a248b468bfe0bc588558f1d7a"
        ]
      }
    },
    {
      "type": "Feature",
      "geometry": {
        "type": "Point",
        "coordinates": [
          -75.1690477,
          39.9654291
        ]
      },
      "properties": {
        "mural_name": "Design In Motion: The Recycling Truck Project",
        "artist": "Desiree Bender",
        "address": "1727-29 Mt. Vernon Street, Philadelphia, Pennsylvania, 19107, USA",
        "media": [
          "07ecc83b38c1b4f2991ce8b784a5b890"
        ]
      }
    },
    {
      "type": "Feature",
      "geometry": {
        "type": "Point",
        "coordinates": [
          -75.1690477,
          39.9654291
        ]
      },
      "properties": {
        "mural_name": "Design in Motion: The Recycling Truck Project 2010",
        "artist": "Desiree Bender",
        "address": "1727-29 Mt. Vernon Street, Philadelphia, Pennsylvania, 19107, USA",
        "media": [
          "828064d70efdd0fa3b531130ed0fa918",
          "d0be9780751e1ab86e054a821cbfc32e",
          "c83e54d0374926fbace7482aba053f32",
          "2386cc918b0e94345d7b61aebe2d9e55",
          "3cca3e8af383a009bf8267f40bbb0118",
          "fe2fe50d3f899c682fee522f71d4c171",
          "a5d3eea95ee3fd5dbadbd6c50c22e742",
          "75a8b04bf580b7e07683c0c60d76edb9",
          "3098d51b4833acf7345c3115f7723428",
          "8f0aabfce810aa9602b8bea739553ea9",
          "5bdc310a95a7c05a4a77583a341672b8",
          "b8ff753ac66f2af4860ab9334bf63389",
          "502dbc939128de5063aee836c727cc8f"
        ]
      }
    },
    {
      "type": "Feature",
      "geometry": {
        "type": "Point",
        "coordinates": [
          -75.14678758001773,
          39.970422912886825
        ]
      },
      "properties": {
        "mural_name": "Dewey's World",
        "artist": "Paul Santoleri",
        "address": "600 W Girard Ave, Philadelphia, Pennsylvania, 19123, USA",
        "media": [
          "9d20a3c87ff4da6a0488758b28371224",
          "6802ff684d750c775bffa73253d6634c",
          "e326874d15d3f41550e60d5018602655",
          "71e57d450717532bd3a1110ce46f5d26"
        ]
      }
    },
    {
      "type": "Feature",
      "geometry": {
        "type": "Point",
        "coordinates": [
          -75.14969423143799,
          39.98401681765975
        ]
      },
      "properties": {
        "mural_name": "Diamonds in the Rough",
        "artist": "Andrea Legge",
        "address": "1001 Diamond St, Philadelphia, Pennsylvania, 19122, USA",
        "media": [
          "6502edad05f8729a617b3964464c848a",
          "42cff5086b855fa9b1f9dbccbad4adb1",
          "535434baa53bc05e8c8ff5205272fd65",
          "583cdd16b8f3daa20ec6cf486a502b3d",
          "0c08da5025854b7a6bca5303132df35f",
          "977774867098b1d0f60371394a3e3076",
          "b629bbd4a6635896e4c82b996d064883",
          "120f63eec9e5343f3d18d443eaa28c54",
          "c706ce51d1fa4e0b313db425a38d8114",
          "26d6b6eaed4b97de257ef5e849f4135a",
          "fbc5b313f8d03fc65c9ea12643eda329"
        ]
      }
    },
    {
      "type": "Feature",
      "geometry": {
        "type": "Point",
        "coordinates": [
          -75.16971679058551,
          39.92243710395524
        ]
      },
      "properties": {
        "mural_name": "Dick Allen",
        "artist": "Ernel Martinez",
        "address": "2221 S Broad St, Philadelphia, Pennsylvania, 19148, USA",
        "media": [
          "88711d47f4d37a96ec4ab611590a4174",
          "e974f9b189b8d5480ef63532d80432a7",
          "b318d12a2d96b65ac3a4156f397fd256",
          "c8577b492ebf99c505b11a2ed770214f",
          "7b5f450f689a31863d1eb3d91e7f1216",
          "0e877c8092cf2d5788da1037c621797a",
          "64e3868b4b1663bd5c424026cc9c27d6",
          "472cd2f750678cdd3d0a8ab1be721b69",
          "6188396c8a1a8163f503221e4890e400",
          "ab5e67f07599849c6848e489085950b2",
          "b044f65caef4da04caa4e63e249fc29e",
          "fb440fe060fc8c7508e7068c191c6836",
          "d9f367989b8a0b55a9dc01d8cc4b0d59",
          "11b1e8792dd830ad10790b4760e49e7f",
          "848ea289f282cd77e44c00f1c7bd3a6a",
          "1b5547d18cde9a8f8b855e4d732213e1",
          "d5bbce9f069397332d9a1b9fa0af2130",
          "424a4e737d4bcc56b445f1edb87e7951",
          "932444aaafff435462a770db2a710497",
          "fb4ced4242472e00ea1ccaaf0ea1a7f6",
          "8a950e839623f3c666702acb5b77586b",
          "992c1b19789294a095c7b60bb5c31aca",
          "0cb7a23297378cd066ef5592a9fce1b0",
          "e476a182bf28bffe8675668426a295ff",
          "fb2f86afbcc6b21d6edfd052853c24b3",
          "e9f7a3196dc697438fc4d98cae08445e",
          "6ecd5a021bb0783747fed6a78dede84d",
          "c701b741a2e5df94b4e903b0061864ae",
          "93e10e35406742e2fd895046c5eebf58",
          "07425b67e230a4f57bd1ca0a12cf02d7",
          "d440d6eea4ae7bbf180a295bcfbb89c2",
          "879ca5501da36e41ba03e33ce0149357",
          "ed275d090c7d2b91bb04ae00783f46fd",
          "87a3aee84a4021d84dce59824406d0e5",
          "e920e3235db80028ef0cbeb36a7698fb",
          "dc2f99951edf30928dba6b4178ab9f3c",
          "f8a4b734116f1ee3b61fba9a5b6af117",
          "1d564c0a5fd6aea62f1587fd4f47de8e",
          "34e7bf541f49cfc093baa3d0f7c193d6",
          "b8e2b51155d59f9119d17a025a215fb3",
          "58d7796a548455d163ba314af97c529e",
          "893852bfd3ca3de182b1566972a6b3b9",
          "8891854cebd10868439f3152eea33be8",
          "59b394e4268ec9edf0cdf5b85591aa8e",
          "f9d3184df6bcbde8a1d7172a140cd849",
          "2aa11625fb22b44f4c8a20015a0934a0",
          "0d5b7f44509dcfcc8c5e18138f50ee1e",
          "dc028375372cb0ab48abce65c8e01999",
          "dfdcff7741a1ae0949016f3910c93af6"
        ]
      }
    },
    {
      "type": "Feature",
      "geometry": {
        "type": "Point",
        "coordinates": [
          -75.15721537452032,
          39.93913308412831
        ]
      },
      "properties": {
        "mural_name": "Different Paths, One Market",
        "artist": "Michelle Angela Ortiz",
        "address": "9th St & Christian St, Philadelphia, Pennsylvania, 19147, USA",
        "media": [
          "60c24f52d1e99754994053c22b648498",
          "c6969030bd2b142424998cac108b2dec",
          "56b8c09bee10c6ded601e0977a644322",
          "29e75514e352d8e97da5e3a1602fdd3b",
          "55feca22ca71d18e89f231d037ee4443",
          "8227baf986e0a428aebe9bcfcafce710",
          "e57eaef02dc70f971d4b1590816590cc",
          "2d78b4d10fe9f0a8dc82b4229aa2dbb4",
          "21ce8753388f6b51651e2a44e6ff4577",
          "069119cd45c8e2da987c608ec764f751",
          "cd7a59cd427922acd9ded3bc362f721d"
        ]
      }
    },
    {
      "type": "Feature",
      "geometry": {
        "type": "Point",
        "coordinates": [
          -75.20714967799266,
          39.96664858601841
        ]
      },
      "properties": {
        "mural_name": "Digging (Archaeology of the Vacant Lot)",
        "artist": "Hans Haacke",
        "address": "N 42nd St & Lancaster Ave, Philadelphia, Pennsylvania, 19104, USA",
        "media": [
          "c8b914c1729c39515e4f51111977ac7a",
          "162ce9c3e8e1e504c23d4d91104902d2",
          "a157ed41a909a622a33e3825f5abfdcc",
          "1838fc7867b20f7114875393b26b18e3",
          "108760d54e203503dfdf3a4248c851a4",
          "5290669c474ca022372c7af47606a7ae",
          "6a17e94d3e94a1451c99622fc3c871a8",
          "d45d8cc5a49cfc5a9d41c54bbd46b6b1"
        ]
      }
    },
    {
      "type": "Feature",
      "geometry": {
        "type": "Point",
        "coordinates": [
          -75.11588659260818,
          39.94459337424799
        ]
      },
      "properties": {
        "mural_name": "Digital Divide Mural",
        "artist": "Eric Okdeh",
        "address": "808 Market St, Camden, New Jersey, 08102, USA",
        "media": [
          "7515ca75dc4b853c83e307a998f5cab7",
          "491dbc42440c2fb51160b400679aa82f"
        ]
      }
    },
    {
      "type": "Feature",
      "geometry": {
        "type": "Point",
        "coordinates": [
          -75.1521150073283,
          40.02511942564731
        ]
      },
      "properties": {
        "mural_name": "Direction",
        "artist": "Russell Craig",
        "address": "4600 N 16th St, Philadelphia, Pennsylvania, 19140, USA",
        "media": [
          "ca009236af292cae47c022ff454a9f17",
          "67a521d2a858eb4f1790ad3b9361c2f6"
        ]
      }
    },
    {
      "type": "Feature",
      "geometry": {
        "type": "Point",
        "coordinates": [
          -75.1690477,
          39.9654291
        ]
      },
      "properties": {
        "mural_name": "Dirty Danger",
        "artist": "Eva Wǒ",
        "address": "1727-29 Mt. Vernon Street, Philadelphia, Pennsylvania, 19107, USA",
        "media": [
          "ec3988c8eeeb2b027dc9de0653848ead",
          "45d3faa68b426f61555cabe63087c461",
          "61282073412db99ca5baaaeee39d456e",
          "d58787140d9a4b97026c76992c4a3986",
          "3b151b8d8270a7f01d6b6fa5e9715f0c",
          "7f160d29173d37c250db59305d77b9bd",
          "c907b628739ab77670bf87d83470f8ae",
          "d2907454fb04ee647637822f765264bb",
          "253fedd03e346fd41c9a3e9b3c41deaf",
          "5c186af956626e0bbdef99dccfc5cf94",
          "40f1e07d5bf9f5e1eaa72db03b955e69",
          "de743f5e2d26c83b07c9a9dbf908b119"
        ]
      }
    },
    {
      "type": "Feature",
      "geometry": {
        "type": "Point",
        "coordinates": [
          -75.20388281126685,
          39.971810753477186
        ]
      },
      "properties": {
        "mural_name": "Discover",
        "artist": "Allison Wooley",
        "address": "962 N 40th St, Philadelphia, Pennsylvania, 19104, USA",
        "media": [
          "3aedcab1ecdbf43cc292f94309901151",
          "21f4674f504af2fd6f7fe087d54b3ec5"
        ]
      }
    },
    {
      "type": "Feature",
      "geometry": {
        "type": "Point",
        "coordinates": [
          -75.04576466989555,
          40.02908590839451
        ]
      },
      "properties": {
        "mural_name": "Disston Dragons: Respectful, Responsible, Reliable Leaders",
        "artist": "David McShane",
        "address": "6801 Cottage St, Philadelphia, Pennsylvania, 19135, USA",
        "media": [
          "69ffb812dd6a53bc986027164e9c39eb",
          "d308a8eef868e25ca8a449398712c672",
          "fdc11acde2ec2130cb884cd9956d16a5",
          "d55123a2041e3e4bed188fb3ade5c909",
          "051d7353142aa672741b159c16d2eff4",
          "160936001affee50ae6f6aef898c472b",
          "f35cef8c49733e5b846c85dffb683de2",
          "6eff29dbf39806e89a7b6c6ee94991be",
          "db4576dc42ca2d964c69303d83bb3b83",
          "1ca773e5d05393da232c07011b624407",
          "f95d076908beea06e77449f7e7343aaa",
          "4b8951a80f1fb84f1de62d36c88a8d28",
          "fb49c4db2c91ce21431d43716f13788a",
          "66e6f544602f740a5d300dd34524a196",
          "30c76c8ab14fa6633ab13721518789a5",
          "8720f65ebaab7b9c11cc3353df335c0c",
          "aa00b9c95810189d0b2361b0707689f0"
        ]
      }
    },
    {
      "type": "Feature",
      "geometry": {
        "type": "Point",
        "coordinates": [
          -75.16656502958595,
          39.9539927385895
        ]
      },
      "properties": {
        "mural_name": "District Attorneys Artist in Residence 2022",
        "artist": "Russell Craig",
        "address": "16th Street & John F. Kennedy Blvd, Philadelphia, Pennsylvania, 19102, USA",
        "media": [
          "221fcf6570f49111bf06627d51574b64",
          "4ae3f6704a34959de2de22eee914ff62",
          "5e6d554f22a44993054f80a1239bd494",
          "63ed3ecd206d32b2e18170f1eabc54b5",
          "4508a0ac3b056f664b4f86aad7ea1b72",
          "843a8101986298983c32472ecaddfefd",
          "e6158ac08f28abbf15b96082966fbdf5",
          "b8a787f8cd1f98ccd6c5e85d8fef3db8"
        ]
      }
    },
    {
      "type": "Feature",
      "geometry": {
        "type": "Point",
        "coordinates": [
          -75.15124521609181,
          40.03071989602782
        ]
      },
      "properties": {
        "mural_name": "Diversity is Fun",
        "artist": "Bernando Ruiz",
        "address": "5035 N 17th St, Philadelphia, Pennsylvania, 19141, USA",
        "media": [
          "aecc0c6928878e552bdb29cf1f28efaa",
          "217bc940f36dac567c7dcd0bb1e8dd1b",
          "8792f4597fb7aabc146b854a2c92470b",
          "6905dc2d609101d66d44cb0b177cff50",
          "49225227c1bf7588dae5d3dfb554014e",
          "a4784c3b00ee651dc4c3598a7276093a",
          "493c68095bdf04267add9e9f16d0b899"
        ]
      }
    },
    {
      "type": "Feature",
      "geometry": {
        "type": "Point",
        "coordinates": [
          -75.17153435914274,
          40.016565496201984
        ]
      },
      "properties": {
        "mural_name": "Dogwood",
        "artist": "Mike Smash",
        "address": "4700 G Wissahickon Ave, Philadelphia, Pennsylvania, 19144, USA",
        "media": [
          "c75ca39f21187ca70c818bee4a5785b5",
          "554930eecd71e9200443885868b59115",
          "3c569cc625b37fa84d70d9e9921240db",
          "823059b75cafe65f0607c4832e06f564",
          "fa774579460ce207f0bab59a1b6bbeff",
          "5a7d4e156b899adcedc8070539f8b0c8"
        ]
      }
    },
    {
      "type": "Feature",
      "geometry": {
        "type": "Point",
        "coordinates": [
          -75.14647416377419,
          39.92259240383432
        ]
      },
      "properties": {
        "mural_name": "Domestic Situations",
        "artist": "Steve Powers, aka ESPO",
        "address": "2000 S Swanson St, Philadelphia, Pennsylvania, 19148, USA",
        "media": [
          "4702dba7f7a26e371750bfb08a7a78e2",
          "5f154f96ed33f09ed5528a3cc80d2f43",
          "a251566fa0087e63f141dd6751eabe58",
          "4db619f5526cf152b8b3ad9560d0247b",
          "a76efae022852fe1b660822572b3fd0c",
          "3e248a45753faabc43426c2961f910e4",
          "c2d8c7e21255b748bf2eabf1e74d0113",
          "c8188b2ad6b3895234f1b268ea508a12",
          "74d6a7a572e47838198aa38cdd8c0129"
        ]
      }
    },
    {
      "type": "Feature",
      "geometry": {
        "type": "Point",
        "coordinates": [
          -75.15641517561856,
          39.989478340146974
        ]
      },
      "properties": {
        "mural_name": "Domonopolis (The Domino Players)",
        "artist": "John McDaniel",
        "address": "1410 W York St, Philadelphia, Pennsylvania, 19132, USA",
        "media": [
          "2aa2c09153ec1105f2b11ea8a72867eb"
        ]
      }
    },
    {
      "type": "Feature",
      "geometry": {
        "type": "Point",
        "coordinates": [
          -75.1690477,
          39.9654291
        ]
      },
      "properties": {
        "mural_name": "Donkeys Around Town",
        "artist": "",
        "address": "1727-29 Mt. Vernon Street, Philadelphia, Pennsylvania, 19107, USA",
        "media": [
          "1bb088adce5ed7b366cbcc4a026b4e13",
          "ec0cf6ae083be70986faaecbbfd33d69",
          "82a8e13e10cd134a8e8cdf7962b4e5cf",
          "72cd9503eddc845197a3082d29e8c31f",
          "d597d00099260a9d45204386fca1c23a",
          "cf6ac44f5b17cfbfe6afd8b57b81b4eb",
          "8148904d752b7c89eb46d0e97adb2682",
          "1dad20427d156c4305a2b995cb8c1e88",
          "449c65147091061c0c42d3e1b217de08",
          "7a962c855e29e62e0b4ef291cd7856fa",
          "cb884ce54d9a9e2ef39d80edd4538b2a",
          "7d431321d3531a446efce2b5bae38d3e"
        ]
      }
    },
    {
      "type": "Feature",
      "geometry": {
        "type": "Point",
        "coordinates": [
          -75.20032400445203,
          40.07003870688469
        ]
      },
      "properties": {
        "mural_name": "Doo-Wop Diner",
        "artist": "Jonathan Laidacker",
        "address": "7619 Germantown Ave, Philadelphia, Pennsylvania, 19119, USA",
        "media": [
          "ab6e04e9e2a1f636d9f325bce2fb8b4c",
          "95b7726f34f5a2ea0c02aa451b8eb117",
          "07766b84c28978d486d20c190029dd16",
          "034c945177d6504cf9c075f10f773a6b"
        ]
      }
    },
    {
      "type": "Feature",
      "geometry": {
        "type": "Point",
        "coordinates": [
          -75.20878507600065,
          39.94505371042097
        ]
      },
      "properties": {
        "mural_name": "Doorway to Achievement",
        "artist": "Jonathan Laidacker",
        "address": "4514 Woodland Ave, Philadelphia, Pennsylvania, 19143, USA",
        "media": [
          "a1c7a4d88dc360d31c1ac61202a94249",
          "bc0ece86e4a4b3b8a12d9b32f0deac40",
          "9b051390ab81f107cf481c65e258e69b",
          "21b0c29cc68c7435b95302bc6bf7d85d",
          "c7f01820803363c52c27f4c5383e9e44"
        ]
      }
    },
    {
      "type": "Feature",
      "geometry": {
        "type": "Point",
        "coordinates": [
          -75.16728593588545,
          39.96490033345059
        ]
      },
      "properties": {
        "mural_name": "Doorway to Imagination",
        "artist": "Emilie Ledieu",
        "address": "1801 Green St, Philadelphia, Pennsylvania, 19130, USA",
        "media": [
          "f1f1feeb07b83e8ae191df963f26f429",
          "136e71f169d5bd5a8c850d788fe865b5"
        ]
      }
    },
    {
      "type": "Feature",
      "geometry": {
        "type": "Point",
        "coordinates": [
          -75.20895385596323,
          39.944030801564885
        ]
      },
      "properties": {
        "mural_name": "Doorway to Success",
        "artist": "Jon Laidacker",
        "address": "4600 Saybrook Ave, Philadelphia, Pennsylvania, 19143, USA",
        "media": [
          "bbf6c1bb6b7cfba3b482bbbacec86d31"
        ]
      }
    },
    {
      "type": "Feature",
      "geometry": {
        "type": "Point",
        "coordinates": [
          -75.1416945616327,
          39.97397979731251
        ]
      },
      "properties": {
        "mural_name": "Doorways to Peace",
        "artist": "Joe Brenman",
        "address": "1501 Germantown Ave, Philadelphia, Pennsylvania, 19122, USA",
        "media": [
          "9efad7a754e0b3911188d8893c11f0c1",
          "36485a5d98553a73c439037deffd17cb",
          "58af610ba52f3e8894ec1abbf4e1cc35",
          "5f3c94c93cc429613b841b6a7bf8d156",
          "ae1d7bcd97e1d4d5b9231d8a7a69f4b0"
        ]
      }
    },
    {
      "type": "Feature",
      "geometry": {
        "type": "Point",
        "coordinates": [
          -75.16281358774714,
          40.04402290841265
        ]
      },
      "properties": {
        "mural_name": "Douglas Rucker",
        "artist": "Danny Simmons",
        "address": "5557 Crowson St, Philadelphia, Pennsylvania, 19144, USA",
        "media": [
          "b73935014d39c87408a2bcd6664715c1",
          "194e445a49daa000decb80fc1545a185"
        ]
      }
    },
    {
      "type": "Feature",
      "geometry": {
        "type": "Point",
        "coordinates": [
          -75.19169671434369,
          39.9654792106521
        ]
      },
      "properties": {
        "mural_name": "Down with Dope, Up with Hope",
        "artist": "shanina dionna",
        "address": "647 N 34th St, Philadelphia, Pennsylvania, 19104, USA",
        "media": [
          "0dea97679950a63d0c82b198586645e8",
          "4e1e11a60643f88b50d34ccb11809410",
          "ff0297784d9e60e4adf9ab9c83e87b68",
          "6c7c3c0cbabacb87663ed9bad5c8ea6c"
        ]
      }
    },
    {
      "type": "Feature",
      "geometry": {
        "type": "Point",
        "coordinates": [
          -75.20905138187926,
          39.941690207971966
        ]
      },
      "properties": {
        "mural_name": "Downhill River",
        "artist": "Paul Santoleri",
        "address": "1414 S 47th St, Philadelphia, Pennsylvania, 19143, USA",
        "media": [
          "170535f3842c5975fb6d853fb21d3e3a",
          "7bf390b3d1da481bfc08577472b863df",
          "f8f0d3bfe07bd7403062d0cbb3ec1d04",
          "58f5d11df172cd91a920d997ebbcbaa3"
        ]
      }
    },
    {
      "type": "Feature",
      "geometry": {
        "type": "Point",
        "coordinates": [
          -75.15795092906339,
          39.96291321391314
        ]
      },
      "properties": {
        "mural_name": "Dr. J (Julius Erving)",
        "artist": "Kent Twitchell",
        "address": "1219 Ridge Ave, Philadelphia, Pennsylvania, 19123, USA",
        "media": [
          "17ba419ca3986ce61baf772689569832",
          "060b27d9dfc4b5789276ae87a3c7600b"
        ]
      }
    },
    {
      "type": "Feature",
      "geometry": {
        "type": "Point",
        "coordinates": [
          -75.17882287389627,
          39.96407744094902
        ]
      },
      "properties": {
        "mural_name": "Dream Big / The Oval 2025",
        "artist": "Raheen Saladeen Johnson, aka King Saladeen",
        "address": "2451 Benjamin Franklin Pkwy, Philadelphia, Pennsylvania, 19130, USA",
        "media": [
          "8358845730cb0fe881948c94b38b8624",
          "415c81bb340310e6ed76c43d88ce4245",
          "8c1655de6c1148d2c66cee0d1b1c838a",
          "653e2b52390b4b31b53cc0e25a9938e2",
          "b448b089162d77bee776b0ed0162c2a0",
          "61b01c751bb13431b67df5da31de0dd9",
          "149609556ab6b7a391206dfa9428c91e",
          "f636a636f661d1e5f30a4352832ecea2"
        ]
      }
    },
    {
      "type": "Feature",
      "geometry": {
        "type": "Point",
        "coordinates": [
          -75.14076442022328,
          39.99719670802456
        ]
      },
      "properties": {
        "mural_name": "Dream Catcher",
        "artist": "Lynn Denton",
        "address": "3001 N 6th St, Philadelphia, Pennsylvania, 19133, USA",
        "media": [
          "c65b8c7d50832a239186f4b655bb018a",
          "1b7be613c112377d38db05322d634ce8",
          "e3979c432b333950b3023af559e4cfc8"
        ]
      }
    },
    {
      "type": "Feature",
      "geometry": {
        "type": "Point",
        "coordinates": [
          -75.17934495824919,
          39.93375061941672
        ]
      },
      "properties": {
        "mural_name": "Dream in Flight",
        "artist": "Josh Sarantitis",
        "address": "1447 Point Breeze Ave, Philadelphia, Pennsylvania, 19146, USA",
        "media": [
          "4c54335b91877a10247cf9282324a339"
        ]
      }
    },
    {
      "type": "Feature",
      "geometry": {
        "type": "Point",
        "coordinates": [
          -75.15929179181252,
          40.05714392006427
        ]
      },
      "properties": {
        "mural_name": "Dreams",
        "artist": "Phillip Adams",
        "address": "6100 Stenton Ave, Philadelphia, Pennsylvania, 19138, USA",
        "media": [
          "56af4671ab0c5c60305a77b30d4fa040",
          "bab4f0efc457e36d26f74961bfbe4344",
          "f7e9100ee8e0992678db4f0e6ebd02ff",
          "282694c9b07f979f0580bc8a9c618037"
        ]
      }
    },
    {
      "type": "Feature",
      "geometry": {
        "type": "Point",
        "coordinates": [
          -75.2279801209237,
          39.97704850083827
        ]
      },
      "properties": {
        "mural_name": "Dreams, Diaspora, and Destiny",
        "artist": "Joshua Mays",
        "address": "5300 Lansdowne Ave, Philadelphia, Pennsylvania, 19131, USA",
        "media": [
          "6659d6653504153140f63fe1cfaa99fe"
        ]
      }
    },
    {
      "type": "Feature",
      "geometry": {
        "type": "Point",
        "coordinates": [
          -75.22540872255784,
          39.952763890339384
        ]
      },
      "properties": {
        "mural_name": "Dreams, Diaspora, and Destiny",
        "artist": "Joshua Mays",
        "address": "5100 Pine St, Philadelphia, Pennsylvania, 19143, USA",
        "media": [
          "7db370fb0ff9596d78e5ba30a7a413ec",
          "0bda4672fbd1ed64b90c3aecfdab79fc",
          "5c401e578f2a29bf75c693ad5ad24dd1",
          "2d4bb9e68975a82fac9152c23766771b",
          "890b8894b90442adf4444dc3aa4f6e23",
          "82b8314b7977290d8049849d0cc15ca0",
          "94dc920b903de70d2f9b12196f19b44d",
          "bc3433ecc5f01968632ed5a66cf348e3",
          "d061e1f447d5eeb1cf59e63b2498c069",
          "f9378aac8befd31ca4156c047b41e3df",
          "c6656c64edc6b8747ffae03823a3fcec"
        ]
      }
    },
    {
      "type": "Feature",
      "geometry": {
        "type": "Point",
        "coordinates": [
          -75.14573417494863,
          39.97323279489902
        ]
      },
      "properties": {
        "mural_name": "Drink More Tap",
        "artist": "Carlos \"Calo\" Rosa",
        "address": "1431 N 6th St, Philadelphia, Pennsylvania, 19122, USA",
        "media": [
          "e7011234cbffb40b1d247009923c09c7",
          "cc3c2d724a56ea7b557bf659ce196cfb",
          "9cd35155e8ad2d5bce732ba07403a4de",
          "9a29b0d5d5b825fa0cc3dbd2e6802019",
          "8ba5427cb657735f394075082af60066",
          "be62c162210a9dc8b2f0cfc3eaff8158",
          "8603359510584689146ec3a7b7af42cb",
          "c8a8da4a296a42cbcd212a120013694e",
          "a092a0d288e441e671a12f4832ac3254",
          "6a54b592abffd6f2df6ff5e08f9a6081",
          "280ca756b26bf0e3dcaf8c3d1ed43b55"
        ]
      }
    },
    {
      "type": "Feature",
      "geometry": {
        "type": "Point",
        "coordinates": [
          -75.15192951843247,
          39.98615560079052
        ]
      },
      "properties": {
        "mural_name": "Drink More Tap",
        "artist": "Carlos \"Calo\" Rosa",
        "address": "2211 N 12th St, Philadelphia, Pennsylvania, 19133, USA",
        "media": [
          "91ed02f017432e41754554b4a8a143d5",
          "5367fdd64b9538855144d3c1eeb3dd51",
          "41f9ebebcb03c1e811b02b02aac93136",
          "d101c113dfc95bd304678e5f69a97245",
          "6cb8e103f3f69960cebd2c8c479bdd24",
          "e0b97acf27fc10c84efeb3d8ad0bc1eb",
          "1d08bd1811f7f762a521d48a8079086b",
          "8d738111ec713e68bd120932e7536250",
          "a83625fdb850a8d3cbae18cdf7dd4218",
          "19bfba471a378f2cae4c12cc5a997e30",
          "f64143c113233e544ffd109c6d8cb5fb",
          "5e55b435a35ec406fc9e0acb6456b6e3",
          "80614e0d7851537a1f4375a7c259b979"
        ]
      }
    },
    {
      "type": "Feature",
      "geometry": {
        "type": "Point",
        "coordinates": [
          -75.17386996540608,
          39.98679309865226
        ]
      },
      "properties": {
        "mural_name": "Eagles Diamond Street Dream Playground, Murals, and Mosaics",
        "artist": "David McShane",
        "address": "2498 W Diamond St, Philadelphia, Pennsylvania, 19121, USA",
        "media": [
          "8218f561ef4d71cd3ca43bf63123a494",
          "9587724ef48c7d82071a4eb883a97271",
          "bffa26530602576037c092556a0d70a2",
          "9e0a2171bf3af9a7e9ad945ddca826ba",
          "3e05ce6487dc2bd2ab5d77cc19e1044e",
          "2452b13bef1543596b901ce6aea0fa32",
          "82d6241429a932d17c238b3d76c32d0f",
          "6d0e6da3bd271310e9ebfb89e1c371f5",
          "0cb0e3d57134010aa8f114a7242ea133",
          "ed3ef70b6afdc146d5d5f64d3151d413",
          "48ed3e3b860cf427925157c4968e85c9",
          "b5ee4fa1e7129452af5fe44882c11670",
          "972632e0636d00a335197a2711ba3d2a",
          "ad24a4f1f2af45165d0603885564f270",
          "39487948740ffccc90f9d0daf5859589",
          "7b8906f04403091da8800cd0d32671af",
          "a062ec5296e7ec4138b2005a6193be5f",
          "00de6305ea396a895e8d8983b9b80ac9"
        ]
      }
    },
    {
      "type": "Feature",
      "geometry": {
        "type": "Point",
        "coordinates": [
          -75.1437686007501,
          39.94709795765817
        ]
      },
      "properties": {
        "mural_name": "Early One Morning in the Twentieth Century",
        "artist": "David Guinn",
        "address": "125 Walnut St, Philadelphia, Pennsylvania, 19106, USA",
        "media": [
          "338f69037d46033f12d2749ef0030190",
          "8843bc9397a55891bf7bed8e68ae3ae7"
        ]
      }
    },
    {
      "type": "Feature",
      "geometry": {
        "type": "Point",
        "coordinates": [
          -75.16320585769549,
          39.9263904701906
        ]
      },
      "properties": {
        "mural_name": "East Passyunk Bulletin Board",
        "artist": "Nottene Design Studio",
        "address": "1023 Mifflin St, Philadelphia, Pennsylvania, 19148, USA",
        "media": [
          "9080ebf6bc0f99ac2a22c37b06e9f93e",
          "bb72555c3c753955032d4ab7d2b1bfe7"
        ]
      }
    },
    {
      "type": "Feature",
      "geometry": {
        "type": "Point",
        "coordinates": [
          -75.1643228985494,
          39.92938796854549
        ]
      },
      "properties": {
        "mural_name": "East Passyunk Historical Street Scenes",
        "artist": "Jared Bader",
        "address": "1628 E Passyunk Ave, Philadelphia, Pennsylvania, 19148, USA",
        "media": [
          "0a84d4206f02445b9c3b7907dbcbbc52",
          "3236fb20cc8dd35e2f085c3f0fe2364b"
        ]
      }
    },
    {
      "type": "Feature",
      "geometry": {
        "type": "Point",
        "coordinates": [
          -75.22453450610344,
          39.94778668886082
        ]
      },
      "properties": {
        "mural_name": "Eco Mural 15 ~ Wild Medicine: Mugwort, Mullein, & Mallow",
        "artist": "Kala Hagopian @HagopianArts",
        "address": "5050 Baltimore Ave, Philadelphia, Pennsylvania, 19143, USA",
        "media": [
          "bf88b530d141314b7ec1464ea39e409b",
          "6176bcba7e36c6686dcfd571caf6f934",
          "ded5abb65c6de6a1afec563008cfa525",
          "7dd47884b27b3deb50b6d5e2710f97a5",
          "350ee46d995e711ecf49999d02c44f11",
          "4686343c28180f8ff8170d8429f25f7f",
          "df8e07ef2c0c63ed6260f4d5341c93d4",
          "b027b5a1a55c95b967734bc573bcf9fd"
        ]
      }
    },
    {
      "type": "Feature",
      "geometry": {
        "type": "Point",
        "coordinates": [
          -75.21097714753145,
          39.97136219068369
        ]
      },
      "properties": {
        "mural_name": "Ed Bradley: Curious, Relentless, Timeless",
        "artist": "Ernel Martinez",
        "address": "949 Belmont Ave, Philadelphia, Pennsylvania, 19104, USA",
        "media": [
          "7842c2f23467b2b1e491a46699594104"
        ]
      }
    },
    {
      "type": "Feature",
      "geometry": {
        "type": "Point",
        "coordinates": [
          -75.15473994697189,
          39.940390198336566
        ]
      },
      "properties": {
        "mural_name": "Eddie Lang : The Father of Jazz Guitar",
        "artist": "Jared Bader",
        "address": "708 Fitzwater St, Philadelphia, Pennsylvania, 19147, USA",
        "media": [
          "1111608da32b9abf53d4ca2d479f56cf"
        ]
      }
    },
    {
      "type": "Feature",
      "geometry": {
        "type": "Point",
        "coordinates": [
          -75.14982384549675,
          39.96258893176778
        ]
      },
      "properties": {
        "mural_name": "Edgar Allen Poe",
        "artist": "Peter Pagast",
        "address": "600 N 7th St, Philadelphia, Pennsylvania, 19123, USA",
        "media": [
          "c9003694565dbff76df3bc47df70921d",
          "a57a48fae1d1b304904409126983e90e"
        ]
      }
    },
    {
      "type": "Feature",
      "geometry": {
        "type": "Point",
        "coordinates": [
          -75.15069438823207,
          40.04362692314299
        ]
      },
      "properties": {
        "mural_name": "Educate to Liberate (from passive to active citizens)",
        "artist": "Eliseo Art Silva",
        "address": "1800 Nedro Ave, Philadelphia, Pennsylvania, 19141, USA",
        "media": [
          "033bec240fbfc45363c38ae44171933f",
          "acdf8fcee6063b34d124ad47e4e5bac3"
        ]
      }
    },
    {
      "type": "Feature",
      "geometry": {
        "type": "Point",
        "coordinates": [
          -75.22050922883615,
          39.95361939674829
        ]
      },
      "properties": {
        "mural_name": "Education is a Message: Love, Life and the Written Word",
        "artist": "John Lewis",
        "address": "312 S 49th St, Philadelphia, Pennsylvania, 19143, USA",
        "media": [
          "bf8c4fb863529c77645b792bc7738ac5",
          "505873d49af3e66a856ec5258a52b908",
          "b79403c2c15525fd6a47a9c1e8ec50a0",
          "281c3291fa63330930aae4c263803875",
          "2c18443545381d19eced40bb9f81fcf0",
          "9c3d8eb32b71f15a51b8341e47edb670",
          "d4086116974038fefb829cefdb6cd617",
          "35a1be5ba247ecdbc56b32b5302c6a4d",
          "e8db9f5a5e6d7675c600b1089435c732",
          "d3ac4e712741fba1ae3811c830faf7d1",
          "82d03c4a348ec97223a1c751c0a70c17",
          "c5d29728e89ce02da6fd2fadf837b2a8",
          "04054add6710676a3239f12b7fb7cbe0",
          "6989615ee2a086538d2cdb4417a4e150",
          "c6d8db564d6edc75091ec4503b882faa",
          "0c76e697c89de5bdf5da9c2911fec598",
          "9c4cca594d6f70ce8185346c2f5dc436",
          "2328ceac8cca91cf4f949b0f390c6b02",
          "e847e49f8dd4cbed655c12333e6416f0",
          "c88f2739d8f572824ed0e8c68eaf8549"
        ]
      }
    },
    {
      "type": "Feature",
      "geometry": {
        "type": "Point",
        "coordinates": [
          -75.17757602065255,
          39.9781656940294
        ]
      },
      "properties": {
        "mural_name": "Education is the Torchlight of Civilization",
        "artist": "Peter Pagast",
        "address": "1435 N 26th St, Philadelphia, Pennsylvania, 19121, USA",
        "media": [
          "10d85095875cb6e489d884d84a04db46"
        ]
      }
    },
    {
      "type": "Feature",
      "geometry": {
        "type": "Point",
        "coordinates": [
          -75.2387423191085,
          39.957896105249326
        ]
      },
      "properties": {
        "mural_name": "Education of the Hands Helps to Develop the Mind",
        "artist": "Phillip Adams",
        "address": "5800 Walnut St, Philadelphia, Pennsylvania, 19139, USA",
        "media": [
          "bfa47161a83d9b10b1f4f932155610c0"
        ]
      }
    },
    {
      "type": "Feature",
      "geometry": {
        "type": "Point",
        "coordinates": [
          -75.15174755359595,
          40.012253756301206
        ]
      },
      "properties": {
        "mural_name": "Education: The Key to the Future",
        "artist": "Parris Stancell",
        "address": "3847 Germantown Ave, Philadelphia, Pennsylvania, 19140, USA",
        "media": [
          "e5dce234aa0a7eced1d3f5ff50590135"
        ]
      }
    },
    {
      "type": "Feature",
      "geometry": {
        "type": "Point",
        "coordinates": [
          -75.01647220739045,
          40.03031848598918
        ]
      },
      "properties": {
        "mural_name": "Egyptian Mural",
        "artist": "Delia King",
        "address": "8151 State Road, Philadelphia, Pennsylvania, 19136, USA",
        "media": [
          "fe56570464792202b2851a7161061640"
        ]
      }
    },
    {
      "type": "Feature",
      "geometry": {
        "type": "Point",
        "coordinates": [
          -75.16691061310465,
          39.98310613212942
        ]
      },
      "properties": {
        "mural_name": "Eight Signs of Fortune",
        "artist": "Cliff Eubanks",
        "address": "1900 N 20th St, Philadelphia, Pennsylvania, 19121, USA",
        "media": [
          "2b2d2c7e3078abef761f735c23501493",
          "dc6015285157cd8209674ccb992f58de"
        ]
      }
    },
    {
      "type": "Feature",
      "geometry": {
        "type": "Point",
        "coordinates": [
          -75.13988634738848,
          39.99316308308066
        ]
      },
      "properties": {
        "mural_name": "El Bloque de Oro/The Golden Block (2733 North 5th Street)",
        "artist": "Henry Morales",
        "address": "2733 N 5th st, Philadelphia, Pennsylvania, 19133, USA",
        "media": [
          "59045d457da5bfc937c48147c91379ac",
          "de60f03cd7f843ac9376ef8a7c7e8eb5"
        ]
      }
    },
    {
      "type": "Feature",
      "geometry": {
        "type": "Point",
        "coordinates": [
          -75.14013810321188,
          39.99353756257114
        ]
      },
      "properties": {
        "mural_name": "El Bloque de Oro/The Golden Block (2736 North 5th Street)",
        "artist": "Henry Morales",
        "address": "2736 N 5th St, Philadelphia, Pennsylvania, 19133, USA",
        "media": [
          "3b7bdcb2c2197acd740a346fae2f64d2"
        ]
      }
    },
    {
      "type": "Feature",
      "geometry": {
        "type": "Point",
        "coordinates": [
          -75.1396256743766,
          39.99353402345538
        ]
      },
      "properties": {
        "mural_name": "El Bloque de Oro/The Golden Block (2751 North 5th Street)",
        "artist": "Henry Morales",
        "address": "2751 N 5th St, Philadelphia, Pennsylvania, 19133, USA",
        "media": [
          "ce0cc1a4bf43c571f92bb3b5f3f3c4c2"
        ]
      }
    },
    {
      "type": "Feature",
      "geometry": {
        "type": "Point",
        "coordinates": [
          -75.14035077561853,
          39.990550937436396
        ]
      },
      "properties": {
        "mural_name": "El Corazon del Barrio",
        "artist": "Joe Brenman",
        "address": "2557 N 5th St, Philadelphia, Pennsylvania, 19133, USA",
        "media": [
          "3765748063a19525cf93b0ba6b2a618d"
        ]
      }
    },
    {
      "type": "Feature",
      "geometry": {
        "type": "Point",
        "coordinates": [
          -75.13335617376595,
          39.9779947507514
        ]
      },
      "properties": {
        "mural_name": "El Jardin Creativo: Where We Are From",
        "artist": "Brad Carney",
        "address": "1901 N Front St, Philadelphia, Pennsylvania, 19122, USA",
        "media": [
          "ecab589f4ab846c6576a4f0ce2630a87",
          "149aaefb67ceae23366d1855b9dd9fc1"
        ]
      }
    },
    {
      "type": "Feature",
      "geometry": {
        "type": "Point",
        "coordinates": [
          -75.13933378774885,
          39.99727559623871
        ]
      },
      "properties": {
        "mural_name": "El Piraguero",
        "artist": "Danny Torres",
        "address": "3014 N 5th S, Philadelphia, Pennsylvania, 19133, USA",
        "media": [
          "86baf90dc99820de7c75ced2be9bec24"
        ]
      }
    },
    {
      "type": "Feature",
      "geometry": {
        "type": "Point",
        "coordinates": [
          -75.14043997191237,
          39.99150761403596
        ]
      },
      "properties": {
        "mural_name": "El Yunque",
        "artist": "Michelle Angela Ortiz",
        "address": "2626 N 5th St, Philadelphia, Pennsylvania, 19133, USA",
        "media": [
          "792da3af8b72a390052841c6877c69a9",
          "f38dc731912d5356b188e91fdf0cab1a"
        ]
      }
    },
    {
      "type": "Feature",
      "geometry": {
        "type": "Point",
        "coordinates": [
          -75.14661862423922,
          39.96124952960804
        ]
      },
      "properties": {
        "mural_name": "Elastic Geography",
        "artist": "Arden Bendler Browning",
        "address": "500 Spring Garden St, Philadelphia, Pennsylvania, 19123, USA",
        "media": [
          "779d1e809d4763aa46aaeddd2bcf1c00",
          "81f30a205902db088eab99d744ef8b69",
          "b90169e82bfd1d2b77198c9392a7cd9d",
          "8d612be09aac5a444dde0f0af6b722e9",
          "5c828251fb1878c5642e9fc5456c31d3"
        ]
      }
    },
    {
      "type": "Feature",
      "geometry": {
        "type": "Point",
        "coordinates": [
          -75.14890144307739,
          39.95720495789958
        ]
      },
      "properties": {
        "mural_name": "Electric Philadelphia",
        "artist": "David Guinn",
        "address": "6th St & Wood St, Philadelphia, Pennsylvania, 19123, USA",
        "media": [
          "39ace29890daaa73ee067ad04718435e",
          "c03f56048df955e2a36d4353f69fd528",
          "40036521ef26ea1d56e7e6b6ec1a56dd",
          "4bd65b233574f3a5de30a0aeb3239f70",
          "99b7627ba73b7e3a48f74aaa924fc20b",
          "915bba53bfbaa256b30ef04d80db6e84",
          "d29eced25bc9aae47694457954bbd128",
          "4e3e717e6e0d8ab5d5396100917e9243"
        ]
      }
    },
    {
      "type": "Feature",
      "geometry": {
        "type": "Point",
        "coordinates": [
          -75.15922207323968,
          39.93287006269869
        ]
      },
      "properties": {
        "mural_name": "Electric Street",
        "artist": "David Guinn",
        "address": "1300 Percy St, Philadelphia, Pennsylvania, 19147, USA",
        "media": [
          "e2ce0fe978d00ade7fcf77279d9f29cb",
          "a87d4591fa48681864d6e67a22d77207",
          "47e446cbc8e02e1b296a07293430f71e",
          "0afbffc64b5d500f355c34ccedf92546",
          "47f4006ad60b93fa658599f7a0645829",
          "ac99cce1bcdca724d6ac7ebcb9833406"
        ]
      }
    },
    {
      "type": "Feature",
      "geometry": {
        "type": "Point",
        "coordinates": [
          -75.16893100260351,
          39.93529028403034
        ]
      },
      "properties": {
        "mural_name": "Embrace: Second Chances",
        "artist": "Donald Gensler",
        "address": "1221 S 15th St, Philadelphia, Pennsylvania, 19146, USA",
        "media": [
          "064b0e74670c185c225fa18f879afe0c",
          "11b3cdbacaf20f8125f42fcda4b7f9e9"
        ]
      }
    },
    {
      "type": "Feature",
      "geometry": {
        "type": "Point",
        "coordinates": [
          -75.1250226316281,
          40.007591743886344
        ]
      },
      "properties": {
        "mural_name": "Embracing the Light",
        "artist": "James Burns",
        "address": "150 E Erie Ave, Philadelphia, Pennsylvania, 19134, USA",
        "media": [
          "59c30bba38ec8b666b911bd4f42b632d",
          "e246070292bf755d1f975a11a9b83b93",
          "f53c5a412ccd4c114783dcc16e0b2959",
          "180dbb06ba722f4bc1ae2f18f857683d"
        ]
      }
    },
    {
      "type": "Feature",
      "geometry": {
        "type": "Point",
        "coordinates": [
          -75.1690477,
          39.9654291
        ]
      },
      "properties": {
        "mural_name": "Emerge PSAs",
        "artist": "Nina \"Lyrispect\" Ball",
        "address": "1727-29 Mt. Vernon Street, Philadelphia, Pennsylvania, 19107, USA",
        "media": [
          "28a4300a9fd56e53c4827381128d13bc",
          "39200c78eac2366e2987126768cfbebf",
          "9539d6384678c6609d5486996c2f591b"
        ]
      }
    },
    {
      "type": "Feature",
      "geometry": {
        "type": "Point",
        "coordinates": [
          -75.14203135791232,
          39.97232339765931
        ]
      },
      "properties": {
        "mural_name": "Empowerment Zone",
        "artist": "Danny Torres",
        "address": "344 Master St, Philadelphia, Pennsylvania, 19122, USA",
        "media": [
          "a3ad18b2a095ce80bbd7803b9758eb1e",
          "b7bf15062d0cde0b8b491df169ea3cf8"
        ]
      }
    },
    {
      "type": "Feature",
      "geometry": {
        "type": "Point",
        "coordinates": [
          -74.04459827200745,
          40.72113309256151
        ]
      },
      "properties": {
        "mural_name": "End Slavery in New Jersey",
        "artist": "MUSTART",
        "address": "160 Newark Ave, Jersey City, New Jersey, 07302, USA",
        "media": [
          "ad2b6a0065b6f43b09263cf9a37f6470"
        ]
      }
    },
    {
      "type": "Feature",
      "geometry": {
        "type": "Point",
        "coordinates": [
          -75.13965124542062,
          39.97281670217111
        ]
      },
      "properties": {
        "mural_name": "Endless Unfoldment",
        "artist": "Ibi Padrón Venegas",
        "address": "1401 N American St, Philadelphia, Pennsylvania, 19122, USA",
        "media": [
          "0152af2118eb77b8a14a2abd972e4352",
          "dcbe2ebe4335fff9eee9b551749228d8",
          "0e9ca7d0c725d35b88a5d6e978d8e03f"
        ]
      }
    },
    {
      "type": "Feature",
      "geometry": {
        "type": "Point",
        "coordinates": [
          -75.12377314905807,
          40.02917656799417
        ]
      },
      "properties": {
        "mural_name": "Engage the Change",
        "artist": "Ernel Martinez",
        "address": "100 E Duncannon Ave, Philadelphia, Pennsylvania, 19120, USA",
        "media": [
          "70b311645f14b0262791882b1934991b"
        ]
      }
    },
    {
      "type": "Feature",
      "geometry": {
        "type": "Point",
        "coordinates": [
          -75.1339474737662,
          39.969414206064755
        ]
      },
      "properties": {
        "mural_name": "Entanglement",
        "artist": "Nilé Livingston",
        "address": "115 E Girard Ave, Philadelphia, Pennsylvania, 19125, USA",
        "media": [
          "719b4e473868310a657174641b5932a7",
          "f53c3535772cce170bec3eede5b650c7",
          "f5cfd0180550a2bc23e01eef7be2b217"
        ]
      }
    },
    {
      "type": "Feature",
      "geometry": {
        "type": "Point",
        "coordinates": [
          -75.16516987636768,
          39.94699675928167
        ]
      },
      "properties": {
        "mural_name": "Enter Stage Right",
        "artist": "Serena Saunders (aka MsPassionArt)",
        "address": "300 S Broad St, Philadelphia, Pennsylvania, 19107, USA",
        "media": [
          "f67d9c36eb1b6104f176d21cd97fec38",
          "7d2ccdc20b486ff019f635c2985f3ed2",
          "e0617c5c41b003c780b548b84b0a9ded",
          "d75a747bffa5196ca1d451758b85fe35",
          "aa854341d15254788ce9a9b2d4ecbff1",
          "3c7c8ca0a48b2d1bc32923fb47a96c47"
        ]
      }
    },
    {
      "type": "Feature",
      "geometry": {
        "type": "Point",
        "coordinates": [
          -75.17409000312199,
          39.98748334741051
        ]
      },
      "properties": {
        "mural_name": "Eric \"Hank\" Gathers, Jr.",
        "artist": "Maurice Carter",
        "address": "2501 W Diamond St, Philadelphia, Pennsylvania, 19121, USA",
        "media": [
          "029068963c64c2ab7fd49600c549c94f",
          "f6f3a7b3d99228313b810018b593ee99"
        ]
      }
    },
    {
      "type": "Feature",
      "geometry": {
        "type": "Point",
        "coordinates": [
          -75.22756407521207,
          40.0267946292919
        ]
      },
      "properties": {
        "mural_name": "ESCAPED INFRASTRUCTURE",
        "artist": "ThoughtBarn (Lucy Begg and Robert Gay)",
        "address": "Green Ln & Main St, Philadelphia, Pennsylvania, 19127, USA",
        "media": [
          "8c3ec79e54a72651e46f19819b8a5fc6",
          "39c41eed3fa69100cf016efdf628d133",
          "e123889acd2ce1622eec17de1ec4ce65",
          "670da339b50e0220104d6dff7e94cc10",
          "c6048f50fb0136926ea665d7ccac7d44",
          "925da5187e9936926252884c7afe26ee",
          "ebc30d1e2415eaed337873f3c67cb63b",
          "45ac000fd9eba423f3b8193a33a6b152",
          "9b58d3032d2fbd37f5d551cf8d0126dd",
          "79615cb4820c9e166d8ab5f6f9617800",
          "a6737e4e7c256d2a473d208cd6c8f96d",
          "44ca570f270187f64cc52d77367ed9bc",
          "f45bc44661a0f2b70e8371c66d53b5a2",
          "7e1d6b64e970f0adfc9707fe4b49ce7a"
        ]
      }
    },
    {
      "type": "Feature",
      "geometry": {
        "type": "Point",
        "coordinates": [
          -75.20882764308135,
          39.95733599776016
        ]
      },
      "properties": {
        "mural_name": "Ethiopian Garden",
        "artist": "Shira Walinsky",
        "address": "21 S 44th St, Philadelphia, Pennsylvania, 19104, USA",
        "media": [
          "d288bdfb12f78b46b359c9d2b2194a5c",
          "28e0e962393b2a654a98570c1f959542"
        ]
      }
    },
    {
      "type": "Feature",
      "geometry": {
        "type": "Point",
        "coordinates": [
          -75.1543961824452,
          39.96685563467998
        ]
      },
      "properties": {
        "mural_name": "Evening Horizon",
        "artist": "Kenneth Millington",
        "address": "801 N 11th St, Philadelphia, Pennsylvania, 19123, USA",
        "media": [
          "73f4adbedcb21625740e924da164e9e6",
          "2118ee64c10f43af093367b5570586c7"
        ]
      }
    },
    {
      "type": "Feature",
      "geometry": {
        "type": "Point",
        "coordinates": [
          -75.15412576752682,
          39.915798496929185
        ]
      },
      "properties": {
        "mural_name": "Everyday Heroes",
        "artist": "Jason Slowik",
        "address": "300 W Shunk St, Philadelphia, Pennsylvania, 19148, USA",
        "media": [
          "964da8ec633afdc6e7e3324ec9e03759"
        ]
      }
    },
    {
      "type": "Feature",
      "geometry": {
        "type": "Point",
        "coordinates": [
          -75.14597693863404,
          39.9832665081149
        ]
      },
      "properties": {
        "mural_name": "Everything the Light Touches",
        "artist": "Brad Carney",
        "address": "2000 N 7th St, Philadelphia, Pennsylvania, 19122, USA",
        "media": [
          "5f6b28d052dea6d768bc24aa1ea5dce6"
        ]
      }
    },
    {
      "type": "Feature",
      "geometry": {
        "type": "Point",
        "coordinates": [
          -75.32533929133442,
          39.945996997058685
        ]
      },
      "properties": {
        "mural_name": "Evolution: From Captivity to Freedom",
        "artist": "Angela Crafton",
        "address": "8001 State Rd, Philadelphia, Pennsylvania, 19136, USA",
        "media": [
          "1b1a8335e2de16c1df50d250aee3000c",
          "9f51f2bc1ea4a2f07fbe29d35ca2e9a9",
          "aa91961312ba189580f67c9f847d0bd0"
        ]
      }
    },
    {
      "type": "Feature",
      "geometry": {
        "type": "Point",
        "coordinates": [
          -75.160372,
          39.949639
        ]
      },
      "properties": {
        "mural_name": "Expanding Perspective",
        "artist": "Brad Carney",
        "address": "S 12th St & Sansom St, Philadelphia, Pennsylvania, 19107, USA",
        "media": [
          "241e8ddcfc05601d4cac7e3f2a6647c5",
          "4de6e3c3bfc05f2985c10afacac50e01",
          "154dc28273ac68214fc9d4587cdfd3f6",
          "83f401de5d6183578701f8b544e2e6b4",
          "bb12dd2740c09756ac71daebcd9879ab",
          "f3ffed9d5c801bc1d48b33dd2683e602"
        ]
      }
    },
    {
      "type": "Feature",
      "geometry": {
        "type": "Point",
        "coordinates": [
          -75.15904698068131,
          39.92082081847155
        ]
      },
      "properties": {
        "mural_name": "Fables of Fortune",
        "artist": "Eric Okdeh",
        "address": "2300 S 7th St, Philadelphia, Pennsylvania, 19148, USA",
        "media": [
          "a1d4bc08ffcf769c536cec09a4f6d640"
        ]
      }
    },
    {
      "type": "Feature",
      "geometry": {
        "type": "Point",
        "coordinates": [
          -75.1377451607645,
          39.9126494278271
        ]
      },
      "properties": {
        "mural_name": "Fabric and Folklore (Southwark School)",
        "artist": "Cindy Stockton Moore",
        "address": "S Delaware Ave & E Oregon Ave, Philadelphia, Pennsylvania, 19148, USA",
        "media": [
          "09bb6afd2327dc1692fdec962e27e7c1",
          "4c3223c3389a1ddc6114508ebcb15dd0",
          "d6f3ea8bc246ed4d3258c2ee9d090d09",
          "020087b888adfeb283a58d14a82b339b"
        ]
      }
    },
    {
      "type": "Feature",
      "geometry": {
        "type": "Point",
        "coordinates": [
          -75.16845697138717,
          39.98031876975397
        ]
      },
      "properties": {
        "mural_name": "Facial Unity",
        "artist": "Cavin Jones",
        "address": "2023 Cecil B Moore Ave, Philadelphia, Pennsylvania, 19121, USA",
        "media": [
          "0459542c2f78f7fb5a0fd0c5a46b3689"
        ]
      }
    },
    {
      "type": "Feature",
      "geometry": {
        "type": "Point",
        "coordinates": [
          -75.14831310309077,
          39.989441232321695
        ]
      },
      "properties": {
        "mural_name": "Fairhill Says Up With Hope",
        "artist": "Cavin Jones",
        "address": "2429 N 10th St, Philadelphia, Pennsylvania, 19133, USA",
        "media": [
          "8e0498434cb21566ebb6c658fc40ecaf"
        ]
      }
    },
    {
      "type": "Feature",
      "geometry": {
        "type": "Point",
        "coordinates": [
          -75.17694590445551,
          39.967721532601594
        ]
      },
      "properties": {
        "mural_name": "Fairmount",
        "artist": "Phillip Adams",
        "address": "2349 Fairmount Ave, Philadelphia, Pennsylvania, 19130, USA",
        "media": [
          "c88107f43f2d7840844ab57450ef7234"
        ]
      }
    },
    {
      "type": "Feature",
      "geometry": {
        "type": "Point",
        "coordinates": [
          -75.18368740442669,
          39.97284851236354
        ]
      },
      "properties": {
        "mural_name": "Fairmount Waltz",
        "artist": "David S. Gordon",
        "address": "851 N 29th St, Philadelphia, Pennsylvania, 19130, USA",
        "media": [
          "9dedada8dfcbf60a9dfef6eb40c52756",
          "11511526e7b2f061be92848d010ce985",
          "69fc70c8201c39b7a1c42ee9dd4c6b8f"
        ]
      }
    },
    {
      "type": "Feature",
      "geometry": {
        "type": "Point",
        "coordinates": [
          -75.16537759279306,
          39.9676202508199
        ]
      },
      "properties": {
        "mural_name": "Fall Crept up on the City",
        "artist": "Renata Rojo",
        "address": "1701 Fairmount Ave, Philadelphia, Pennsylvania, 19130, USA",
        "media": [
          "438a23dd82a552902dcf39a9696e923a",
          "52e6a7022840cdd2a4943b27581c20e4",
          "feb7fd43b2b46c1f8a958035b37481b4"
        ]
      }
    },
    {
      "type": "Feature",
      "geometry": {
        "type": "Point",
        "coordinates": [
          -75.16354767561977,
          39.95296446809859
        ]
      },
      "properties": {
        "mural_name": "Familias Separadas / Eres Mi Todo (You Are My Everything)",
        "artist": "Michelle Angela Ortiz",
        "address": "1400 John F. Kennedy Blvd, Philadelphia, Pennsylvania, 19107, USA",
        "media": [
          "7d1ae7a08279a715af28e590cc5f9279",
          "54ad0a9a1d3be76ea37a3b3dae64eb5b",
          "2f3ee08a48efabd84b09aeb31b8d198b",
          "d074c5717b44460e49456574ad9b57fc",
          "73db0fc080050df86bb4dab35b7868b1"
        ]
      }
    },
    {
      "type": "Feature",
      "geometry": {
        "type": "Point",
        "coordinates": [
          -75.15808932421989,
          39.93643963999343
        ]
      },
      "properties": {
        "mural_name": "Familias Separadas / Se Siente el Miedo (I Feel the Fear)",
        "artist": "Michelle Angela Ortiz",
        "address": "S 9th St & Washington Ave, Philadelphia, Pennsylvania, 19147, USA",
        "media": [
          "316c54ab1921fca9675fe7011b9527d8"
        ]
      }
    },
    {
      "type": "Feature",
      "geometry": {
        "type": "Point",
        "coordinates": [
          -75.16511165638371,
          39.96015554824491
        ]
      },
      "properties": {
        "mural_name": "Familias Separadas / Somos Seres Humanos (We Are Human Beings)",
        "artist": "Michelle Angela Ortiz",
        "address": "1600 Callowhill St, Philadelphia, Pennsylvania, 19130, USA",
        "media": [
          "06a648c48cedc8f91abad90f5612cd16"
        ]
      }
    },
    {
      "type": "Feature",
      "geometry": {
        "type": "Point",
        "coordinates": [
          -75.16656502958595,
          39.9539927385895
        ]
      },
      "properties": {
        "mural_name": "Familias Separadas / Te Amo (I Love You)",
        "artist": "Michelle Angela Ortiz",
        "address": "16th Street & John F. Kennedy Blvd, Philadelphia, Pennsylvania, 19102, USA",
        "media": [
          "9349fdc418613035ea044d174e06a028"
        ]
      }
    },
    {
      "type": "Feature",
      "geometry": {
        "type": "Point",
        "coordinates": [
          -75.21318918894534,
          39.940512229896164
        ]
      },
      "properties": {
        "mural_name": "Families Are Victims, Too",
        "artist": "Barbara Smolen",
        "address": "4910 Woodland Ave, Philadelphia, Pennsylvania, 19143, USA",
        "media": [
          "607f96d318b49896372d31b2bbfe256f",
          "d959d966496e89fe101bf34057201bc2"
        ]
      }
    },
    {
      "type": "Feature",
      "geometry": {
        "type": "Point",
        "coordinates": [
          -75.131669,
          39.988724
        ]
      },
      "properties": {
        "mural_name": "Families Belong Together",
        "artist": "Ian Pierce, aka Artes Ekeko",
        "address": "2536 N Front St, Philadelphia, Pennsylvania, 19113, USA",
        "media": [
          "d1abfab24e5904318ac9191cea3e0f79",
          "7dfce89d98270aceface9994324ed1e6"
        ]
      }
    },
    {
      "type": "Feature",
      "geometry": {
        "type": "Point",
        "coordinates": [
          -75.12089636449927,
          40.02163396467933
        ]
      },
      "properties": {
        "mural_name": "Family",
        "artist": "Shira Walinsky",
        "address": "221 E Wyoming Ave, Philadelphia, Pennsylvania, 19120, USA",
        "media": [
          "a0b56a286a1c9b63cebb4d0ed6108592"
        ]
      }
    },
    {
      "type": "Feature",
      "geometry": {
        "type": "Point",
        "coordinates": [
          -75.1543961824452,
          39.96685563467998
        ]
      },
      "properties": {
        "mural_name": "Family Chemistry",
        "artist": "Craig Turner",
        "address": "801 N 11th St, Philadelphia, Pennsylvania, 19123, USA",
        "media": [
          "44f49150c52066aedfcd74e8d9a3da4c"
        ]
      }
    },
    {
      "type": "Feature",
      "geometry": {
        "type": "Point",
        "coordinates": [
          -75.14584906027405,
          39.986941149237346
        ]
      },
      "properties": {
        "mural_name": "Family Interrupted",
        "artist": "Eric Okdeh",
        "address": "709 W Dauphin St, Philadelphia, Pennsylvania, 19133, USA",
        "media": [
          "3af59e38a40dd8dcfc4c93e5e4fb140a",
          "b339a636458a6519f61cbe8142f24d61",
          "a0ae10086b0eaaf361220d9a89c8a46b",
          "ab0b37e18647942f52bb48e4f7beec71",
          "614d4da7c04b201c0339691696553785"
        ]
      }
    },
    {
      "type": "Feature",
      "geometry": {
        "type": "Point",
        "coordinates": [
          -75.16283176027548,
          39.945552136595666
        ]
      },
      "properties": {
        "mural_name": "Famous Franks",
        "artist": "David McShane",
        "address": "347 S 13th St, Philadelphia, Pennsylvania, 19107, USA",
        "media": [
          "efcbf95292b4406770fb9a1520deaeac",
          "572a7ccbe457338a68e698e58bc12430",
          "64eb0f9f4a327696ec7cae6be9c51b45",
          "ed86b4e6a106c38142c249e06dae1a32",
          "c639e0e5a4bd0596f8ae7bf44643333b",
          "1a4fc43f8797b44f1454c2fe74ad981f"
        ]
      }
    },
    {
      "type": "Feature",
      "geometry": {
        "type": "Point",
        "coordinates": [
          -75.21255663396147,
          39.95682895079001
        ]
      },
      "properties": {
        "mural_name": "Famous Warrior",
        "artist": "Shawn Theodore",
        "address": "4508 Chestnut St, Philadelphia, Pennsylvania, 19139, USA",
        "media": [
          "9989e6822d5d4b9c6ea184c7966d8f8a",
          "b17ec29c4880671361414a926a3356fc"
        ]
      }
    },
    {
      "type": "Feature",
      "geometry": {
        "type": "Point",
        "coordinates": [
          -75.16998311803356,
          39.94585529934226
        ]
      },
      "properties": {
        "mural_name": "Fantasy Landscape",
        "artist": "Brian Senft",
        "address": "1642 Pine St, Philadelphia, Pennsylvania, 19103, USA",
        "media": [
          "e49b28051d3cbc7dc645df126c59ff25"
        ]
      }
    },
    {
      "type": "Feature",
      "geometry": {
        "type": "Point",
        "coordinates": [
          -75.15929777191465,
          39.923928065846184
        ]
      },
      "properties": {
        "mural_name": "Farming Up the Mountain",
        "artist": "Shira Walinsky",
        "address": "2009 S 8th St, Philadelphia, Pennsylvania, 19148, USA",
        "media": [
          "2234de528cbadc29240b160334dca636",
          "4b8632dbd5292cb20e45078da4e54d4f"
        ]
      }
    },
    {
      "type": "Feature",
      "geometry": {
        "type": "Point",
        "coordinates": [
          -75.18711453173252,
          39.995340996922955
        ]
      },
      "properties": {
        "mural_name": "Father Paul Washington and Church of the Advocate",
        "artist": "Walter Edmonds",
        "address": "3405 Ridge Ave, Philadelphia, Pennsylvania, 19132, USA",
        "media": [
          "e70219b275b874e68588d3e1cf3a1a26",
          "f03c6e30e03af89acef9bbcf660a100e",
          "af4ad4ce6836d8f8533e81bd6c9acf97",
          "055fcbf8a008dba480c14c6187324fc1",
          "942fc582d0c5dc5330c0b44d2659ee7c"
        ]
      }
    },
    {
      "type": "Feature",
      "geometry": {
        "type": "Point",
        "coordinates": [
          -75.15389603155953,
          39.99780442327135
        ]
      },
      "properties": {
        "mural_name": "Father's Day Rally Committee, Inc.",
        "artist": "Sam Byrd",
        "address": "2921 N Broad St, Philadelphia, Pennsylvania, 19132, USA",
        "media": [
          "f8b89f54e8db6effec3226e0c0143fe1"
        ]
      }
    },
    {
      "type": "Feature",
      "geometry": {
        "type": "Point",
        "coordinates": [
          -75.15389603155953,
          39.99780442327135
        ]
      },
      "properties": {
        "mural_name": "Father's Day Rally Committee, Inc. (Reenvisioning)",
        "artist": "Gabe Tiberino",
        "address": "2921 N Broad St, Philadelphia, Pennsylvania, 19132, USA",
        "media": [
          "41cb21294f2b4d3deb58811b3161fc35"
        ]
      }
    },
    {
      "type": "Feature",
      "geometry": {
        "type": "Point",
        "coordinates": [
          -75.21986414493124,
          39.93563246895662
        ]
      },
      "properties": {
        "mural_name": "Fathers and Children Together: A Father's Love is a Child's Treasure",
        "artist": "Ernel Martinez",
        "address": "5436 Woodland Ave, Philadelphia, Pennsylvania, 19143, USA",
        "media": [
          "f7f4f0b9becf8646340e88273aa93ea8",
          "41fa8cec16b6815c58cd86303a7d6aeb"
        ]
      }
    },
    {
      "type": "Feature",
      "geometry": {
        "type": "Point",
        "coordinates": [
          -75.17301719287664,
          39.95551044314705
        ]
      },
      "properties": {
        "mural_name": "Faux Fenestration",
        "artist": "Shannon Wolf Dimasi",
        "address": "2000 Arch St, Philadelphia, Pennsylvania, 19103, USA",
        "media": [
          "3ddf6b97c5f8168661fab5b8e3d2e001"
        ]
      }
    },
    {
      "type": "Feature",
      "geometry": {
        "type": "Point",
        "coordinates": [
          -75.12131339398142,
          39.99210695763014
        ]
      },
      "properties": {
        "mural_name": "Feathers in the Wind",
        "artist": "Francesca Samsel",
        "address": "2837 Kensington Ave, Philadelphia, Pennsylvania, 19134, USA",
        "media": [
          "70e1ba3a9fc630e88d0f6761b0bfd580",
          "16693ab38b44ba1aebfad4c94ba04a89",
          "658bdfe360251caf36f1a30bd8e5f19c"
        ]
      }
    },
    {
      "type": "Feature",
      "geometry": {
        "type": "Point",
        "coordinates": [
          -75.1663252846585,
          40.020293618466
        ]
      },
      "properties": {
        "mural_name": "Fernhill",
        "artist": "Alison Dilworth",
        "address": "4500 Morris St, Philadelphia, Pennsylvania, 19144, USA",
        "media": [
          "f4d27e3936b89d21db6c951393f4f3ed",
          "1ccf1615d8ad14ae165d75e9a4334f14",
          "1dede7af529e6d03165e3d3b34ab3118",
          "04ebd70b64235da74b7d249378c02c78",
          "3819de7b73f43b8525f574b8ba3cfe16",
          "da72b217acf50c946c3e459afda167c8",
          "661b23a8953a63eacb14c3a925a2b2ee",
          "f2d7746773afc8cd68a921790ea05c4b",
          "c95f314dd4c7c296055bbea144a5980e",
          "0de953da957adb3e1f2cc44a91b04fb9"
        ]
      }
    },
    {
      "type": "Feature",
      "geometry": {
        "type": "Point",
        "coordinates": [
          -75.3430156602698,
          40.113313445921854
        ]
      },
      "properties": {
        "mural_name": "Fervet Opus",
        "artist": "Matthew Bush",
        "address": "201 Dekalb St, Norristown, Pennsylvania, 19401, USA",
        "media": [
          "f1dccbef3d154cf94941d34c764065f8"
        ]
      }
    },
    {
      "type": "Feature",
      "geometry": {
        "type": "Point",
        "coordinates": [
          -75.16469372883532,
          39.951051353671666
        ]
      },
      "properties": {
        "mural_name": "Films Shaped by a City",
        "artist": "Marian Bailey",
        "address": "1412 Chestnut St, Philadelphia, Pennsylvania, 19102, USA",
        "media": [
          "bc9bf7f7a3997b41ba63e905f69298ed"
        ]
      }
    },
    {
      "type": "Feature",
      "geometry": {
        "type": "Point",
        "coordinates": [
          -75.16294325371334,
          39.94621578408133
        ]
      },
      "properties": {
        "mural_name": "Finally on 13th! Philadelphia Ballroom",
        "artist": "Nilé Livingston",
        "address": "306 S 13th St, Philadelphia, Pennsylvania, 19107, USA",
        "media": [
          "7943b142d23a204525b3ab2cff76fe1d",
          "4968dc7135f35b674bcf137f390fd681",
          "2b4a0067fde313ee160b8a68a27dbd80",
          "f279c70484d4befb65d96468cc9609f6"
        ]
      }
    },
    {
      "type": "Feature",
      "geometry": {
        "type": "Point",
        "coordinates": [
          -75.16128988725838,
          39.95131979958952
        ]
      },
      "properties": {
        "mural_name": "Finding Home",
        "artist": "Josh Sarantitis",
        "address": "21 S 13th St, Philadelphia, Pennsylvania, 19107, USA",
        "media": [
          "f52d7288a1ddc02d84ad70a03ab3aaf3",
          "4cfe7e2165f2def288ca60f156fd0ccb",
          "a23cf45efb68879a51696c22edfde85a",
          "a81293f67a559745e41da70f71d2ac83"
        ]
      }
    },
    {
      "type": "Feature",
      "geometry": {
        "type": "Point",
        "coordinates": [
          -75.1907409465937,
          39.964093688996876
        ]
      },
      "properties": {
        "mural_name": "Finding Mantua",
        "artist": "Lars Hokanson",
        "address": "3320 Haverford Ave, Philadelphia, Pennsylvania, 19104, USA",
        "media": [
          "73ea7e993fe3e1da0811b35341c970ec",
          "b6aabc6d98e88402bae6cd12fc07bfec",
          "46bdd2100cac92393918a681c69d7878",
          "c1c12572127c0e6676da39c75c80f407",
          "12a7bd406e04bc0368833409f2d72bf8"
        ]
      }
    },
    {
      "type": "Feature",
      "geometry": {
        "type": "Point",
        "coordinates": [
          -75.16121880279488,
          39.9453439117853
        ]
      },
      "properties": {
        "mural_name": "Finding Our Happy",
        "artist": "Nilé Livingston",
        "address": "345 S 12th St, Philadelphia, Pennsylvania, 19107, USA",
        "media": [
          "6cc2b22cc274d60248a6c6545b12ca04",
          "3dbf08aa19d3411735a354cb5b6b2f5d",
          "183fe688043e8379e29366d3d41ad1cd",
          "33659f79b017376fa3186905670af536",
          "43ad12bbca1b2a91ab8f703eec200c8a",
          "48b5fe6f551c01f06b5091202c8d89aa",
          "f96f2f1388c204db45f6d612375e8540",
          "5c5b7a6c97206244e437026dabb0906a",
          "b78e352b0a6bbe41e66cf9a32dbad461",
          "a184611d1acf3645eab9cb4517df5adf"
        ]
      }
    },
    {
      "type": "Feature",
      "geometry": {
        "type": "Point",
        "coordinates": [
          -75.18453080022854,
          39.95305684117665
        ]
      },
      "properties": {
        "mural_name": "Finding the Light Within",
        "artist": "James Burns",
        "address": "119 S 31st St, Philadelphia, Pennsylvania, 19104, USA",
        "media": [
          "f20f30d10dfdb275dbdac8ab9cefbdfb"
        ]
      }
    },
    {
      "type": "Feature",
      "geometry": {
        "type": "Point",
        "coordinates": [
          -75.1690477,
          39.9654291
        ]
      },
      "properties": {
        "mural_name": "First 100 Days",
        "artist": "Brunofsky",
        "address": "1727-29 Mt. Vernon Street, Philadelphia, Pennsylvania, 19107, USA",
        "media": [
          "392200c7b020b2d0fb017298f5080533",
          "41adca065429b7f11e155f10f4821fb9",
          "8f4299000555375462c9d3966f651434",
          "8c54043bdd1aa7e38ade0c29666f49aa",
          "1ac29696d21991345354df6733415fc1",
          "c6ef6c85055d42561f77635f203aff92",
          "fe9a19d17e12403427acc5dd1558b877",
          "7c2fe03bed653080e00a153cccf47507",
          "859a1008003c1faf766188617cfb841c"
        ]
      }
    },
    {
      "type": "Feature",
      "geometry": {
        "type": "Point",
        "coordinates": [
          -75.1733256026048,
          39.89673220326117
        ]
      },
      "properties": {
        "mural_name": "Five Standards (Dazzle)",
        "artist": "Virgil Marti",
        "address": "5 Crescent Dr, Philadelphia, Pennsylvania, 19112, USA",
        "media": [
          "59d8d24c937e5ae6042519a98d4a84a9",
          "5a5e20173663de3e743939f837e73c08",
          "02b36cd684e6677edf9ded75951ee496"
        ]
      }
    },
    {
      "type": "Feature",
      "geometry": {
        "type": "Point",
        "coordinates": [
          -75.16223686841667,
          39.94665138409918
        ]
      },
      "properties": {
        "mural_name": "Flight",
        "artist": "Tatyana Fazlalizadeh",
        "address": "1228 Spruce St, Philadelphia, Pennsylvania, 19107, USA",
        "media": [
          "4818b27a2203aff675aa868a210507eb",
          "7bf7ffe1ecf6dbb32475292d3d93d357",
          "e019eed000bd7ebe2daca72351328a02",
          "3f6e76285d184c0a9999106d829e9aab",
          "ec1f0c409c75314123afd43b0c751755",
          "cb3636daa97ca498c3a2eccaa914afaf",
          "686c27c613c3a270550f3d073756f1d6",
          "6b763b52d266ac99e3aa116a6c3624b6",
          "6848d70b470b1f57aa3b34269df46d4c",
          "0aed5a446d02add69c77eabedcb24cb1",
          "165dde2eade88a9820ff179b25e57449",
          "2664201f141a51006b5f8c9e7e8ef677",
          "83300fa35b2a073581f04abd58cbb9e5",
          "6a07907e1df769edeb26c344626cc347",
          "67a364c6cdc585082a305c55d010b712",
          "6d83c4589556cebd06d25457e429522c"
        ]
      }
    },
    {
      "type": "Feature",
      "geometry": {
        "type": "Point",
        "coordinates": [
          -75.15871328540538,
          39.950195524312754
        ]
      },
      "properties": {
        "mural_name": "Floating Dogwood",
        "artist": "Michele Tremblay",
        "address": "1102 Chestnut St, Philadelphia, Pennsylvania, 19107, USA",
        "media": [
          "aac36fcd6d05726bb4fc542eef5bc58a",
          "c4b6018630d1fa5ea18c5f433bbd3a09"
        ]
      }
    },
    {
      "type": "Feature",
      "geometry": {
        "type": "Point",
        "coordinates": [
          -75.15329471691051,
          39.98902401544741
        ]
      },
      "properties": {
        "mural_name": "Flora (east panel)",
        "artist": "Eurhi Jones",
        "address": "1300 W York St, Philadelphia, Pennsylvania, 19132, USA",
        "media": [
          "0a09320945544b2a38e88657b802ad12"
        ]
      }
    },
    {
      "type": "Feature",
      "geometry": {
        "type": "Point",
        "coordinates": [
          -75.15355623227121,
          39.98903994186229
        ]
      },
      "properties": {
        "mural_name": "Flora (west panel)",
        "artist": "Eurhi Jones",
        "address": "2344 N 13th St, Philadelphia, Pennsylvania, 19132, USA",
        "media": [
          "0a5d2480d6b181c6cb1039e696f260bf"
        ]
      }
    },
    {
      "type": "Feature",
      "geometry": {
        "type": "Point",
        "coordinates": [
          -75.18704523837033,
          39.98175789882328
        ]
      },
      "properties": {
        "mural_name": "Florie Dotson",
        "artist": "Karl Yoder",
        "address": "3220 Turner St, Philadelphia, Pennsylvania, 19121, USA",
        "media": [
          "e31b7a317fc702ab0706c8e46e799bef",
          "5cb26f54b602e6bdf41444f51b6058ee"
        ]
      }
    },
    {
      "type": "Feature",
      "geometry": {
        "type": "Point",
        "coordinates": [
          -75.23810421794613,
          39.992567795736896
        ]
      },
      "properties": {
        "mural_name": "Flourish",
        "artist": "Carolina Gomez",
        "address": "5701 Wynnfield Ave, Philadelphia, Pennsylvania, 19131, USA",
        "media": [
          "26086b0d16e4d0573df8a69ff3fbd29e",
          "e353202fb66a08eb6d5f543dd0b5ee72"
        ]
      }
    },
    {
      "type": "Feature",
      "geometry": {
        "type": "Point",
        "coordinates": [
          -75.14828837999185,
          39.95354532940046
        ]
      },
      "properties": {
        "mural_name": "Flowering Axes",
        "artist": "Mat Tomezsko",
        "address": "252 N 5th St, Philadelphia, Pennsylvania, 19106, USA",
        "media": [
          "f4090243b4248cb44226e781bdbb8c3b",
          "e51f1de0b93216bc434548171c799b92",
          "c879a3651749dbe56af691ab2536a58c",
          "6f8b6d712125e2e0acdf4c0e64f58e7a",
          "f6b7ee4d42e5ec0db3c8d246bc955552",
          "a4aac72589ac6c3eb9beef41ab7c5594"
        ]
      }
    },
    {
      "type": "Feature",
      "geometry": {
        "type": "Point",
        "coordinates": [
          -75.12878735212422,
          40.04096271452323
        ]
      },
      "properties": {
        "mural_name": "Flowering Friendship Plates",
        "artist": "Diane Pieri",
        "address": "450 W Nedro Ave, Philadelphia, Pennsylvania, 19120, USA",
        "media": [
          "2cb799bf8aea724f17ad167f8322a33e",
          "892e5c2c427c40da044e1a8ae95e2cb8",
          "65f65abeb96505253aab662c65eb68b9",
          "ef1de2fb239fe0277e0e62dbae0ded73",
          "d007ee0904cb7120e139009a510cf3bd",
          "5d2d277d6d65d4eb517c1a4dfbee8a95",
          "a34daca96bf448588d312662edebe385"
        ]
      }
    },
    {
      "type": "Feature",
      "geometry": {
        "type": "Point",
        "coordinates": [
          -75.17995839413867,
          39.992056200005685
        ]
      },
      "properties": {
        "mural_name": "Flowers (1993 mural by Philadelphia Anti-Graffiti Network)",
        "artist": "Philadelphia Anti-Graffiti Network (PAGN)",
        "address": "2334 N 29th St, Philadelphia, Pennsylvania, 19132, USA",
        "media": [
          "b6e1c2e3c1105082955960d9896437bb"
        ]
      }
    },
    {
      "type": "Feature",
      "geometry": {
        "type": "Point",
        "coordinates": [
          -75.22003957204082,
          39.95515398690737
        ]
      },
      "properties": {
        "mural_name": "Flowers (2000 mural by Ana Uribe)",
        "artist": "Ana Uribe",
        "address": "4924 Locust St, Philadelphia, Pennsylvania, 19139, USA",
        "media": [
          "7397def1caa3b67b7d2711fc9fbaf3cf"
        ]
      }
    },
    {
      "type": "Feature",
      "geometry": {
        "type": "Point",
        "coordinates": [
          -75.125145364086,
          39.99915351908066
        ]
      },
      "properties": {
        "mural_name": "Flowers (2000 mural by Paul Santoleri and Geraldine Stanley-Hegne)",
        "artist": "Paul Santoleri",
        "address": "3200 B St, Philadelphia, Pennsylvania, 19134, USA",
        "media": [
          "f9a0ec7e8d4f492bed62fe53d13c2a49",
          "c98de4ce0d3c6034770f15eb86ea1fe3",
          "f622efc483b7c0aa94131c76ba426f67"
        ]
      }
    },
    {
      "type": "Feature",
      "geometry": {
        "type": "Point",
        "coordinates": [
          -75.19998054035241,
          39.96184285573245
        ]
      },
      "properties": {
        "mural_name": "Flowers for You",
        "artist": "James Burns",
        "address": "3880 Lancaster Ave, Philadelphia, Pennsylvania, 19104, USA",
        "media": [
          "7d570ff4440bc6529a0fe1d72a3250d2",
          "51e7a416325cb6bd11519cc05c52b90a",
          "4f803d3158e303c463024191cc1a4856"
        ]
      }
    },
    {
      "type": "Feature",
      "geometry": {
        "type": "Point",
        "coordinates": [
          -75.22601085917579,
          40.02753485050047
        ]
      },
      "properties": {
        "mural_name": "Flowers Will Return",
        "artist": "Lauren Cat West",
        "address": "Green Ln & Cresson St, Philadelphia, Pennsylvania, 19127, USA",
        "media": [
          "8f71d752a2124a99436fd73820427c16",
          "6af76be8c8be8a71393de6f6f92acc2a"
        ]
      }
    },
    {
      "type": "Feature",
      "geometry": {
        "type": "Point",
        "coordinates": [
          -75.15865093143874,
          39.96228980575407
        ]
      },
      "properties": {
        "mural_name": "Folding the Prism",
        "artist": "Jessica Unterhalter",
        "address": "1217 Spring Garden St, Philadelphia, Pennsylvania, 19123, USA",
        "media": [
          "01a3db7784d37bf8f054be979a1d8dc9",
          "42d47af6e80e8415087e4b0b85ceb13b"
        ]
      }
    },
    {
      "type": "Feature",
      "geometry": {
        "type": "Point",
        "coordinates": [
          -75.13463235842114,
          39.98286483786007
        ]
      },
      "properties": {
        "mural_name": "For Everyone a Garden VIII",
        "artist": "David Hartt",
        "address": "1200 N Howard St, Philadelphia, Pennsylvania, 19122, USA",
        "media": [
          "8103981fa80f05de91f190c55155aa00"
        ]
      }
    },
    {
      "type": "Feature",
      "geometry": {
        "type": "Point",
        "coordinates": [
          -75.1690477,
          39.9654291
        ]
      },
      "properties": {
        "mural_name": "For Freedoms: 50 State Initiative",
        "artist": "Dana Singer",
        "address": "1727-29 Mt. Vernon Street, Philadelphia, Pennsylvania, 19107, USA",
        "media": [
          "cf0085e483e73257850fa2fe2f9053c4",
          "98808082e4c0ec9abf637a19311577bf",
          "beb69fd25df1e74a8c222a5a022691bb",
          "80534e3e85d72b2c14eb44b51172d07c",
          "42261ad7fea795e6e2ba261dd2549b7b",
          "96444da13136f2efc09725d1e9887756",
          "576e5f931474b6c51e9285c593d05511",
          "d1f94bfb3cf9f535a94b82d403d83e09",
          "213c19295fca2529fd1a0ff4bb10ff17",
          "374172354f16b1c9dee9fcef938e75d7",
          "6273927ea67eeb32f90c8b73b687b444",
          "e6e0285cb57d19d8aef871d695a096d2",
          "bb417afff70adf03703aaf5c1c23c853",
          "cb03f84e21ada19fdc689dfe344c88fb",
          "722f625fd2e2df2563fb900b848a3c53",
          "e98c40d378ee84cd7ace1b38d4a5a50a"
        ]
      }
    },
    {
      "type": "Feature",
      "geometry": {
        "type": "Point",
        "coordinates": [
          -75.1562570179471,
          39.96444966353558
        ]
      },
      "properties": {
        "mural_name": "Forest Brook",
        "artist": "Robert Raven Rapisarda",
        "address": "1108 Wallace St, Philadelphia, Pennsylvania, 19123, USA",
        "media": [
          "b80a122c05873efd4995d4a1802a311f"
        ]
      }
    },
    {
      "type": "Feature",
      "geometry": {
        "type": "Point",
        "coordinates": [
          -75.1307963697499,
          39.9839465728128
        ]
      },
      "properties": {
        "mural_name": "Forest Green",
        "artist": "Ras Malik",
        "address": "2321 Emerald St, Philadelphia, Pennsylvania, 19125, USA",
        "media": [
          "e970924166801974e688bcea277c87e1",
          "923db2c09fda214d0c835c98bde22354",
          "92c8553f951e5f529d5157a98788fac4",
          "e970924166801974e688bcea277c87e1"
        ]
      }
    },
    {
      "type": "Feature",
      "geometry": {
        "type": "Point",
        "coordinates": [
          -75.0368906717395,
          40.08518655817765
        ]
      },
      "properties": {
        "mural_name": "Forever Home",
        "artist": "Chroma Dolls",
        "address": "1810 Grant Ave, Philadelphia, Pennsylvania, 19115, USA",
        "media": [
          "5d7368297bacc90d6e72b1413c4999da",
          "9cdf563902a8fbfc5f834106e249a88c",
          "9836f56c94ff0b66931bbcc016414fe4",
          "126fd96c8f914363efe7cd7bb29395b8"
        ]
      }
    },
    {
      "type": "Feature",
      "geometry": {
        "type": "Point",
        "coordinates": [
          -75.14655175716294,
          40.00942465532183
        ]
      },
      "properties": {
        "mural_name": "Forgiveness",
        "artist": "Eric Okdeh",
        "address": "1238 W Erie Ave, Philadelphia, Pennsylvania, 19124, USA",
        "media": [
          "e297cadd427d406e6c52d70218af1420",
          "ef21498deafc25acb8f331d050e30988",
          "0e2e8c40d1130b8c1e87e73b66a1e812",
          "6402847aefc8aa21d625fbad4904ac62"
        ]
      }
    },
    {
      "type": "Feature",
      "geometry": {
        "type": "Point",
        "coordinates": [
          -75.13809618908363,
          40.000691789250084
        ]
      },
      "properties": {
        "mural_name": "Four music-themed murals at the Mann Older Adult Center (titles unknown)",
        "artist": "Philadelphia Anti-Graffiti Network (PAGN)",
        "address": "3201 N 5th St, Philadelphia, Pennsylvania, 19140, USA",
        "media": [
          "0fe75635b4cf63e1f149ba7166c5a7b3"
        ]
      }
    },
    {
      "type": "Feature",
      "geometry": {
        "type": "Point",
        "coordinates": [
          -75.17421470747693,
          40.0334132477496
        ]
      },
      "properties": {
        "mural_name": "Frances E.W. Harper: We Are All Bound Up Together",
        "artist": "Athena Scott",
        "address": "20 W Armat St, Philadelphia, Pennsylvania, 19144, USA",
        "media": [
          "f261ffdc227b4a8189d73c3326073225"
        ]
      }
    },
    {
      "type": "Feature",
      "geometry": {
        "type": "Point",
        "coordinates": [
          -75.22714281476229,
          39.93491323093997
        ]
      },
      "properties": {
        "mural_name": "Francis Myers Recreation Center mural (title unknown)",
        "artist": "Cavin Jones",
        "address": "5801 Kingsessing Ave, Philadelphia, Pennsylvania, 19143, USA",
        "media": [
          "2be15c7334aab90bcd4bba14385c0195"
        ]
      }
    },
    {
      "type": "Feature",
      "geometry": {
        "type": "Point",
        "coordinates": [
          -75.16742760321279,
          39.97145157128466
        ]
      },
      "properties": {
        "mural_name": "Francisville: Ben Franklin's Vineyard",
        "artist": "Cathleen Hughes",
        "address": "1839 Poplar St, Philadelphia, Pennsylvania, 19130, USA",
        "media": [
          "86bb9f8e7aecb61dbcad572a2d373eed",
          "57e53011096f93a42f13e6f0c28d6959"
        ]
      }
    },
    {
      "type": "Feature",
      "geometry": {
        "type": "Point",
        "coordinates": [
          -75.1668729227392,
          39.93475942270968
        ]
      },
      "properties": {
        "mural_name": "Frank Sinatra",
        "artist": "Diane Keller",
        "address": "1227 S Broad St, Philadelphia, Pennsylvania, 19147, USA",
        "media": [
          "af6f3ea9d6878f80eb91b883a7781bbd",
          "ebd6d6515ad32ec57673b063617cc6c0",
          "0a274e26910d4a290c332ad52867246a"
        ]
      }
    },
    {
      "type": "Feature",
      "geometry": {
        "type": "Point",
        "coordinates": [
          -75.17815214440239,
          40.03242453636434
        ]
      },
      "properties": {
        "mural_name": "Frank Washington: From Athlete to Businessman",
        "artist": "Philadelphia Anti-Graffiti Network (PAGN)",
        "address": "164 W Chelten Ave, Philadelphia, Pennsylvania, 19144, USA",
        "media": [
          "d3bfe9d30be8236c54ea9b3b9db5ff64"
        ]
      }
    },
    {
      "type": "Feature",
      "geometry": {
        "type": "Point",
        "coordinates": [
          -75.17882287389627,
          39.96407744094902
        ]
      },
      "properties": {
        "mural_name": "Franklin's Kite",
        "artist": "Nathaniel Lee",
        "address": "2451 Benjamin Franklin Pkwy, Philadelphia, Pennsylvania, 19130, USA",
        "media": [
          "a9eef8abb6fb98cdeec7fbfc8d1cf6c8",
          "b5d23c3a2360865e42578e2f16004f8f",
          "26af5c586192eca1f3bdcb7b2f8b2d0a",
          "a0b56d307fd866138d2c21da10038a78",
          "95ed4ceb799348c629ee9b2361955e1a",
          "f3d1ff490ed08b493c94e37b39694f1d",
          "bb7caf3162c55f6ed907446e635238fd",
          "9f1767e48a6c8b755faec44d9795747a",
          "0bd9f8b58a427d23f434c22cde0192f6",
          "271a8b34e2514e3763b81f872ab8e185",
          "58c6c18728936bb625d017bedcef1b36",
          "39f1d7cf1d47785bce13f1d98ff59fcd",
          "f01facd678f59d339d0cc177c7530e05",
          "7549aa6bbd0f1774548d9e68eb153b53"
        ]
      }
    },
    {
      "type": "Feature",
      "geometry": {
        "type": "Point",
        "coordinates": [
          -75.14461754742273,
          39.98089321430369
        ]
      },
      "properties": {
        "mural_name": "Fraternity and Utopia",
        "artist": "Roldan West",
        "address": "1931 N 6th St, Philadelphia, Pennsylvania, 19122, USA",
        "media": [
          "501660641919a1d9b1e7bdaed5e9fcf5"
        ]
      }
    },
    {
      "type": "Feature",
      "geometry": {
        "type": "Point",
        "coordinates": [
          -75.17208416202453,
          40.038526326955704
        ]
      },
      "properties": {
        "mural_name": "Free",
        "artist": "Lynn Denton",
        "address": "167 E Chelten Ave, Philadelphia, Pennsylvania, 19144, USA",
        "media": [
          "152abd61a3a4776277379b743891ccaf"
        ]
      }
    },
    {
      "type": "Feature",
      "geometry": {
        "type": "Point",
        "coordinates": [
          -75.12546880260166,
          39.99001895896047
        ]
      },
      "properties": {
        "mural_name": "Free and Clean",
        "artist": "Henry Bermudez",
        "address": "2700 Kensington Ave, Philadelphia, Pennsylvania, 19125, USA",
        "media": [
          "db26636a7036ec548ea08c4d51ad9772",
          "1577deb7ef4f7b3baf0746d61c61e885",
          "186db1fd0e56efb0aa53dd270866af33",
          "43836651d41edecc1b325530bb7bf9e5"
        ]
      }
    },
    {
      "type": "Feature",
      "geometry": {
        "type": "Point",
        "coordinates": [
          -75.17111717116387,
          39.91586017903867
        ]
      },
      "properties": {
        "mural_name": "Free Speech",
        "artist": "Shira Walinsky",
        "address": "2800 S Broad St, Philadelphia, Pennsylvania, 19145, USA",
        "media": [
          "9c8bdef59f1b567f9ecfadb82d302e7e"
        ]
      }
    },
    {
      "type": "Feature",
      "geometry": {
        "type": "Point",
        "coordinates": [
          -75.1690477,
          39.9654291
        ]
      },
      "properties": {
        "mural_name": "Freedom Constellations: Philadelphia",
        "artist": "Mark Strandquist",
        "address": "1727-29 Mt. Vernon Street, Philadelphia, Pennsylvania, 19107, USA",
        "media": [
          "d62629b2db836b8169c6b55fb966d875",
          "28e24be4636e474835cfb9f8a0c377df",
          "3add0d5e970948a72d16840c79e206ad",
          "ae865afe29dcd9694e6cc954a866c356",
          "856137a381ac7c1b01a2edb299dc7e32",
          "d5a0723dd56ce3ade469c4079effbd49",
          "460ba6b3051d212fc12351b3685cdfbc",
          "7bcdbce65b3ff0103cfb05313223f37e",
          "a715acb134a698f97b07fe9e5dadcb41",
          "dfcf4d165200c1c0ef3057054d3eab83",
          "7854dff48d0ccb8ac8c283d2191d02c0",
          "5b7a4b4cb59994f5f02602cd93dd2723",
          "4c658d7980cdf70f2627697271cc050e",
          "344fd6f8ea493e978e7d9b418158c6eb",
          "9193841fa673c1832f1962d057a58ce2",
          "13870a190d95a496ba32bcd47152a815",
          "9398f574e2cfe153a7e26233c02b0a40",
          "82e5542c5d9443331a124bb42a15ee4a",
          "515a7c769f1a92014e2da481125fa5bc",
          "9f9689d970c9f8f0d6a0e7f77d335a1d"
        ]
      }
    },
    {
      "type": "Feature",
      "geometry": {
        "type": "Point",
        "coordinates": [
          -75.20200029955397,
          39.96288412285619
        ]
      },
      "properties": {
        "mural_name": "Freedom Now Tour 1965",
        "artist": "Cliff Eubanks",
        "address": "3950 Lancaster Ave, Philadelphia, Pennsylvania, 19104, USA",
        "media": [
          "de5b7fac5b93089dfd84261a0f5068c6"
        ]
      }
    },
    {
      "type": "Feature",
      "geometry": {
        "type": "Point",
        "coordinates": [
          -75.20196931670702,
          39.962844666667856
        ]
      },
      "properties": {
        "mural_name": "Freedom Now! (reenvisioning)",
        "artist": "Cliff Eubanks",
        "address": "3952 Lancaster Ave, Philadelphia, Pennsylvania, 19104, USA",
        "media": [
          "c38c06a5368ab87c25abab66af8fa9ca",
          "8637591a0bb05a11ae06f31da04dc896",
          "4867706254eda8a3eb79bdc97d432918",
          "f6f9df49d2e278b4c0484cba341f2ed5",
          "11015f7cb570f14debe32fb842d75fd3"
        ]
      }
    },
    {
      "type": "Feature",
      "geometry": {
        "type": "Point",
        "coordinates": [
          -75.18621844500026,
          39.97478782565152
        ]
      },
      "properties": {
        "mural_name": "Freedom School",
        "artist": "Parris Stancell",
        "address": "3032 W Girard Ave, Philadelphia, Pennsylvania, 19130, USA",
        "media": [
          "b75d9aba3e4c3f9041ce568efd95a01d"
        ]
      }
    },
    {
      "type": "Feature",
      "geometry": {
        "type": "Point",
        "coordinates": [
          -75.14678278673249,
          40.01154722711668
        ]
      },
      "properties": {
        "mural_name": "Frequencies",
        "artist": "Benjamin Volta",
        "address": "3812 Old York Rd, Philadelphia, Pennsylvania, 19140, USA",
        "media": [
          "cf24e505c8abf2c4b3be4368d54fed7d",
          "90ad691d40294c9a0bfd4b857690a3f9",
          "99188e8ac9f2e04df8574b7dac50fc55"
        ]
      }
    },
    {
      "type": "Feature",
      "geometry": {
        "type": "Point",
        "coordinates": [
          -75.14315563453445,
          39.95088393859671
        ]
      },
      "properties": {
        "mural_name": "Fringe Festival Mural",
        "artist": "Tom Judd",
        "address": "35 N 2nd St, Philadelphia, Pennsylvania, 19106, USA",
        "media": [
          "dc730e9dcdafaf6969c9b611f69e9c06"
        ]
      }
    },
    {
      "type": "Feature",
      "geometry": {
        "type": "Point",
        "coordinates": [
          -75.14413913582385,
          39.95188337188582
        ]
      },
      "properties": {
        "mural_name": "Fringe Festival Mural",
        "artist": "Paul Santoleri",
        "address": "222 Arch St, Philadelphia, Pennsylvania, 19106, USA",
        "media": [
          "03636d3ec77533ce765dce0e04c28b55",
          "168bfd93f0fec2923e9b6a05b900212b"
        ]
      }
    },
    {
      "type": "Feature",
      "geometry": {
        "type": "Point",
        "coordinates": [
          -75.2260380181045,
          39.97431794800005
        ]
      },
      "properties": {
        "mural_name": "From Behind the Mask",
        "artist": "Eric Okdeh",
        "address": "5144 Master St, Philadelphia, Pennsylvania, 19131, USA",
        "media": [
          "f79fdf159760455a066c02c1e6471f14",
          "2dba582ccfc60a193553c186cbdc359b",
          "ec084f6ced503f69ff139b04a8e42a39",
          "adcf8ed00eaf4120822b9555bc80e99a",
          "2bd62efb1e04a2c30f8acfc0bc62595f",
          "fdb68f5d4a61a7cd73d72e5bb845319e",
          "5c048e2aaf7c9e7dad572a56e4c1fe7a",
          "540c1937ffc6fbd7c799866bd174f181",
          "cdf688881d7713cf602358b0f03e7e83",
          "e36c7bd2e0b6c4a401287b69bf23741d",
          "0cca33a5a80c05e42e86501d92201a6b",
          "88d22400adba6ad2e23f4e9b1fe83de1"
        ]
      }
    },
    {
      "type": "Feature",
      "geometry": {
        "type": "Point",
        "coordinates": [
          -75.05772749518374,
          40.05894952838267
        ]
      },
      "properties": {
        "mural_name": "From Light to Life",
        "artist": "Eliseo Art Silva",
        "address": "7809 Castor Ave, Philadelphia, Pennsylvania, 19152, USA",
        "media": []
      }
    },
    {
      "type": "Feature",
      "geometry": {
        "type": "Point",
        "coordinates": [
          -75.188396,
          40.037104
        ]
      },
      "properties": {
        "mural_name": "From Lingelbach to Gladwyne",
        "artist": "Wade Williams",
        "address": "6321 Wayne Ave, Philadelphia, Pennsylvania, 19144, USA",
        "media": [
          "8ae126bb19b6a38d568c8404b1ef535f"
        ]
      }
    },
    {
      "type": "Feature",
      "geometry": {
        "type": "Point",
        "coordinates": [
          -74.9756200582225,
          40.081088852387644
        ]
      },
      "properties": {
        "mural_name": "From Sea to Shining Sea",
        "artist": "Bernie Wilkie",
        "address": "11061 Knights Rd, Philadelphia, Pennsylvania, 19154, USA",
        "media": [
          "24fe030fc2207b7546d5fff4f7105ab1"
        ]
      }
    },
    {
      "type": "Feature",
      "geometry": {
        "type": "Point",
        "coordinates": [
          -75.17208416202453,
          40.038526326955704
        ]
      },
      "properties": {
        "mural_name": "From the Hood to the Neighborhood",
        "artist": "Lynn Denton",
        "address": "167 E Chelten Ave, Philadelphia, Pennsylvania, 19144, USA",
        "media": [
          "f0867ce502e7412e3337f985a9d8a3bb",
          "72ce1e8a5f0f403c23ff55aed388ad55"
        ]
      }
    },
    {
      "type": "Feature",
      "geometry": {
        "type": "Point",
        "coordinates": [
          -75.15780205842312,
          39.92373649428802
        ]
      },
      "properties": {
        "mural_name": "From the Mountains to the City",
        "artist": "Shira Walinsky",
        "address": "2017 S 7th St, Philadelphia, Pennsylvania, 19148, USA",
        "media": [
          "d74d448e3f574579c54511b3cb6a7daa",
          "cf1e9fa2a56065402b756561f38404f4",
          "c2a84a9e4903ddd5241817801db4a85a",
          "86a39d4a5468175846c15456af44db32"
        ]
      }
    },
    {
      "type": "Feature",
      "geometry": {
        "type": "Point",
        "coordinates": [
          -75.15959789704381,
          39.951533017746925
        ]
      },
      "properties": {
        "mural_name": "From the Mountains; Become the Wind. (Phases 1 and 2)",
        "artist": "Andréa Grasso",
        "address": "1199 Ludlow St, Philadelphia, Pennsylvania, 19107, USA",
        "media": [
          "a1b2bc7bb935a6bfc98170c66085d01a",
          "3bde9626aba346302b02b00e68b1b294",
          "152df7863b1eca3894c0a33d4cb33338",
          "f45d8f55ed31925038f16a13f638dd17",
          "d894a82d03630815a3eee15190834fdc",
          "36a2b621a085ddbbd94a8d0beddee561",
          "d1e56e35aa3b059986446f18337c8e86"
        ]
      }
    },
    {
      "type": "Feature",
      "geometry": {
        "type": "Point",
        "coordinates": [
          -75.13375081788976,
          39.97483266878969
        ]
      },
      "properties": {
        "mural_name": "Front Street Walls 2023",
        "artist": "UNAPXLXGETIQ",
        "address": "1601 N Front St, Philadelphia, Pennsylvania, 19122, USA",
        "media": [
          "549f7e9394adc70564462bfe9b100854",
          "eedb244de79d95046ea43e593a9fe773",
          "8f1421a8eb3108d3320e29d34ad3e485",
          "1a27314af67279c8edd1c41685093123",
          "fceab25de68295de2bfa6985e113c646",
          "20144f9a7d55850df50f9c847be514e2",
          "c0c688850013eefb5a9e1e2a27ca7af0",
          "dc9a71d237c71e996edbb0d7e0fe0486",
          "4ef1e223d16c294fbc7045123a398adb",
          "4cd89b129a5758dd6fc14f368cf8516a"
        ]
      }
    },
    {
      "type": "Feature",
      "geometry": {
        "type": "Point",
        "coordinates": [
          -75.13375081788976,
          39.97483266878969
        ]
      },
      "properties": {
        "mural_name": "Front Street Walls 2025",
        "artist": "Anna Mraz",
        "address": "1601 N Front St, Philadelphia, Pennsylvania, 19122, USA",
        "media": [
          "26b2f4a9ef3e741bedab80fa7e802a92",
          "a3ee87256031320387caecf11643abab",
          "932f59f3a524c976aec0a3e8317a58f5",
          "039cd0c86821e000fdd7948fac08936e",
          "b80c9126f1e38d87f480a930052aed12",
          "980a273c8eb132c9e97cfc816d3e62c7",
          "4d1fba78533052c8668059d8d97e0b31",
          "448ee6410ef63d17ca011bc04e6953ad"
        ]
      }
    },
    {
      "type": "Feature",
      "geometry": {
        "type": "Point",
        "coordinates": [
          -75.14037610276395,
          39.969922904902006
        ]
      },
      "properties": {
        "mural_name": "Fuego Nuevo (New Fire)",
        "artist": "Cesar Viveros",
        "address": "223 W Girard Ave, Philadelphia, Pennsylvania, 19123, USA",
        "media": [
          "e3ff44b0cf755d32f7e8239d8b09c53d",
          "d7bd6df19f9137c1124753934192d1a5"
        ]
      }
    },
    {
      "type": "Feature",
      "geometry": {
        "type": "Point",
        "coordinates": [
          -75.2342292634019,
          39.94870973600999
        ]
      },
      "properties": {
        "mural_name": "Future Champions",
        "artist": "Gabe Tiberino",
        "address": "728 S 55th St, Philadelphia, Pennsylvania, 19143, USA",
        "media": [
          "4a8d3651293af661afd1287fb14cfe15",
          "c4d19be4b5881fd241633240a4e98f48",
          "03f452cc54429e376f701a9e2199a037",
          "436a1fc2f3cefee8bcfbd99819aa2729"
        ]
      }
    },
    {
      "type": "Feature",
      "geometry": {
        "type": "Point",
        "coordinates": [
          -75.1397247995705,
          39.98116967191785
        ]
      },
      "properties": {
        "mural_name": "Future Histories",
        "artist": "Santiago Galeas",
        "address": "2007 N 3rd St, Philadelphia, Pennsylvania, 19122, USA",
        "media": [
          "be7bd6afc25c4f896e9e60c3c80b3676",
          "930278277de97d8f22e1250e1d9d621b"
        ]
      }
    },
    {
      "type": "Feature",
      "geometry": {
        "type": "Point",
        "coordinates": [
          -75.18595571187672,
          39.97845936401224
        ]
      },
      "properties": {
        "mural_name": "Future Valley",
        "artist": "David Guinn",
        "address": "1410-1430 N 31st St, Philadelphia, Pennsylvania, 19132, USA",
        "media": [
          "c30d86040c3804203bc10db08c7246fe",
          "acac64f0128882b5733419bb86e80f48",
          "63c0235bded613cf1ea4d6c0965fd2ed",
          "6a5c0d21dcf8a57e7813f79308ecfb9c",
          "939a9b62943acc918005443934cc1d48"
        ]
      }
    },
    {
      "type": "Feature",
      "geometry": {
        "type": "Point",
        "coordinates": [
          -75.16190692958595,
          39.954130365294574
        ]
      },
      "properties": {
        "mural_name": "Garden in the City",
        "artist": "David McShane",
        "address": "1320 Arch St, Philadelphia, Pennsylvania, 19107, USA",
        "media": [
          "723e573f53e3e0523cba58f84f7e6a46",
          "d3c9fd100382dc4f93faa970d1dc94d6"
        ]
      }
    },
    {
      "type": "Feature",
      "geometry": {
        "type": "Point",
        "coordinates": [
          -75.15966794313198,
          39.94765795681579
        ]
      },
      "properties": {
        "mural_name": "Garden of Delight",
        "artist": "David Guinn",
        "address": "203 S Sartain St, Philadelphia, Pennsylvania, 19107, USA",
        "media": [
          "9e2d73b880fe1994c2791ab37d29cb81"
        ]
      }
    },
    {
      "type": "Feature",
      "geometry": {
        "type": "Point",
        "coordinates": [
          -75.12326575596322,
          39.988358132876634
        ]
      },
      "properties": {
        "mural_name": "Garden of Rare and Resilient Plants",
        "artist": "Mat Tomezsko",
        "address": "2700 Emerald St, Philadelphia, Pennsylvania, 19125, USA",
        "media": [
          "b3a773ebdd0abf0ae1d2fe957e80c862",
          "da4f3c4da48c99ca11d204ec3e7ab240",
          "b1afc0d03955437766522e9ed48083f1"
        ]
      }
    },
    {
      "type": "Feature",
      "geometry": {
        "type": "Point",
        "coordinates": [
          -75.1818507480394,
          39.93887078977523
        ]
      },
      "properties": {
        "mural_name": "Garden Walk",
        "artist": "Barbara Smolen",
        "address": "1116 S 23rd St, Philadelphia, Pennsylvania, 19146, USA",
        "media": [
          "6bf37c8d0ee8f859a2a57d39d4ce5ce5"
        ]
      }
    },
    {
      "type": "Feature",
      "geometry": {
        "type": "Point",
        "coordinates": [
          -75.11748687301245,
          39.99429381322436
        ]
      },
      "properties": {
        "mural_name": "Garden Wall",
        "artist": "Mat Tomezsko",
        "address": "3027 Kensington Ave, Philadelphia, Pennsylvania, 19134, USA",
        "media": [
          "9698e3bbed2e0a9dd576e7ba2b42436d",
          "4a4e9c209c1bb56a059231118b5567da",
          "d5676c8d9c942bd3245be905556c22df",
          "b5b8579019e68a31bc9be7badf4c625a",
          "b2cf32d6b4fa6131883bab7c5b11c55c",
          "075e2dc42146cdd20d237bacaf32509e",
          "40a5a8cbdd6e9041d15971cc5c7ecb2d",
          "29b4f3f0bb1d5dd19ad7068d0ab164d7",
          "d59ecd77b9dcfb16e3160f44300310fd",
          "67ec1c08c79e632d235e120164cb9966",
          "f9ec27abec6c7aa6a0b6cf3111bdae9e",
          "41bd24b5bda9c518de531aa395167446"
        ]
      }
    },
    {
      "type": "Feature",
      "geometry": {
        "type": "Point",
        "coordinates": [
          -75.08562826136651,
          40.013798542216115
        ]
      },
      "properties": {
        "mural_name": "Garden Wall: Flowering  Dogwood / Rose",
        "artist": "Mat Tomezsko",
        "address": "4450 Paul St, Philadelphia, Pennsylvania, 19124, USA",
        "media": [
          "4d3fd5fd5980666e41ff55a86edf7945",
          "25f24d4a863cf6242a7111b9a75ed600",
          "b71db3cc10484201dff75b94c281fa39"
        ]
      }
    },
    {
      "type": "Feature",
      "geometry": {
        "type": "Point",
        "coordinates": [
          -75.11711256053715,
          39.9968126588522
        ]
      },
      "properties": {
        "mural_name": "Garden Wall: Tessera",
        "artist": "Mat Tomezsko",
        "address": "720 E Allegheny Ave, Philadelphia, Pennsylvania, 19134, USA",
        "media": [
          "8cc3a507b5bed0c06c0acffb07ec42a1",
          "90c57b030f29249bce7695dbcc8c007b",
          "d8b711fa90a9121b0248dcb58cf27a74"
        ]
      }
    },
    {
      "type": "Feature",
      "geometry": {
        "type": "Point",
        "coordinates": [
          -75.1744708721137,
          39.893316411466444
        ]
      },
      "properties": {
        "mural_name": "Gatekeepers",
        "artist": "Nate Harris",
        "address": "4747 S Broad St, Philadelphia, Pennsylvania, 19112, USA",
        "media": [
          "b8bfb73a9eca2480553d6c998fb9f2e5",
          "7fe02b35494bd3fc9d9b40fe7d4eeabe",
          "69cf4a9c9fb8073de8cb430279404cfa",
          "e353e6cec5dd001c67d0aefc3eb3c771",
          "4e1ab6bc4957a1db692db95521258bbc",
          "32bae260b7250a7d81fbedaa65eca94f"
        ]
      }
    },
    {
      "type": "Feature",
      "geometry": {
        "type": "Point",
        "coordinates": [
          -75.19383820023468,
          39.906038561639
        ]
      },
      "properties": {
        "mural_name": "Gateway to Philadelphia",
        "artist": "Paul Santoleri",
        "address": "Penrose Ave & S 26th St, Philadelphia, Pennsylvania, 19145, USA",
        "media": [
          "f61648586c09ef783247089d6fb58447",
          "3a98879864a3ff81fc24fec51b74a738",
          "2416775344984f2f2b0a785a0525289a",
          "b184d41b6836e4a58742247a5f8f927e",
          "a0a3956cf3a8d6b8eb6785ca7558b9b9"
        ]
      }
    },
    {
      "type": "Feature",
      "geometry": {
        "type": "Point",
        "coordinates": [
          -75.20286359079846,
          39.95559081003438
        ]
      },
      "properties": {
        "mural_name": "Gateway to University City",
        "artist": "Max Mason",
        "address": "4008 Chestnut St, Philadelphia, Pennsylvania, 19104, USA",
        "media": [
          "febe52a4678b43a32a83c21ebae1edd8"
        ]
      }
    },
    {
      "type": "Feature",
      "geometry": {
        "type": "Point",
        "coordinates": [
          -75.16922439725154,
          39.95966298841637
        ]
      },
      "properties": {
        "mural_name": "Gault @40: Rights and Responsibilities",
        "artist": "Eric Okdeh",
        "address": "1801 Vine St, Philadelphia, Pennsylvania, 19103, USA",
        "media": [
          "375476069860cde6504593cb9744c7cb",
          "9729bdf0ec97fc29addf38058250ea3d"
        ]
      }
    },
    {
      "type": "Feature",
      "geometry": {
        "type": "Point",
        "coordinates": [
          -75.15261270790266,
          39.94452050757357
        ]
      },
      "properties": {
        "mural_name": "General George A. McCall School interior mural (title unknown)",
        "artist": "David McShane",
        "address": "325 S 7th St, Philadelphia, Pennsylvania, 19106, USA",
        "media": [
          "5fc3077612f0ae1cedf32655af6df8a9"
        ]
      }
    },
    {
      "type": "Feature",
      "geometry": {
        "type": "Point",
        "coordinates": [
          -75.16290066954681,
          39.98259498476712
        ]
      },
      "properties": {
        "mural_name": "Generation II Generation",
        "artist": "Gabe Tiberino",
        "address": "1848 N Bouvier St, Philadelphia, Pennsylvania, 19121, USA",
        "media": [
          "a4b1bbda79954c61e0d32df51435f2c4",
          "0dc22efe8ea1442e6cab3b833fd82768",
          "2ebe0af8e0111fee51498949d576a589"
        ]
      }
    },
    {
      "type": "Feature",
      "geometry": {
        "type": "Point",
        "coordinates": [
          -75.02616273432845,
          40.106269820801934
        ]
      },
      "properties": {
        "mural_name": "George Washington",
        "artist": "Peter Pagast",
        "address": "10175 Bustleton Ave, Philadelphia, Pennsylvania, 19116, USA",
        "media": [
          "024ffd2c2b7dbc2e25d22017ef5c0a15"
        ]
      }
    },
    {
      "type": "Feature",
      "geometry": {
        "type": "Point",
        "coordinates": [
          -75.17274908620604,
          40.0349999069157
        ]
      },
      "properties": {
        "mural_name": "George Woods - The Man With The Plan",
        "artist": "William Freeman",
        "address": "5531 Germantown Ave, Philadelphia, Pennsylvania, 19144, USA",
        "media": [
          "924cb536d9a84f4142d97f84e67a0c12"
        ]
      }
    },
    {
      "type": "Feature",
      "geometry": {
        "type": "Point",
        "coordinates": [
          -75.1690477,
          39.9654291
        ]
      },
      "properties": {
        "mural_name": "Getting to Green - Routes to Roots",
        "artist": "Shira Walinsky",
        "address": "1727-29 Mt. Vernon Street, Philadelphia, Pennsylvania, 19107, USA",
        "media": [
          "373b86840f218bdc45622172abc3e062",
          "060a56a2ddbda89e9e06e5d54254ac87",
          "fd4e149a31eeb784c522f63c634f9e59",
          "5f7e9e3fbfe4b7fa034169b7e5914426",
          "ed208130964794213235a6715300f734",
          "6ca693ae386c961ee05b25e65090c7c2",
          "1533b5528917d45b546fdd36ad6d363d",
          "fe49c2878a8e57175f01c472a60c3ebd",
          "b6fb9d60c06e3355e9df4bafdadce0c3"
        ]
      }
    },
    {
      "type": "Feature",
      "geometry": {
        "type": "Point",
        "coordinates": [
          -75.16431032329255,
          39.946155895624955
        ]
      },
      "properties": {
        "mural_name": "Ghosts of Philadelphia Industry",
        "artist": "Nadia Hironaka",
        "address": "333 S Broad St, Philadelphia, Pennsylvania, 19102, USA",
        "media": [
          "8d10f470aa8b82f34eb5d4d521b159a8",
          "86848a433dace8eb6f02bf04cd4b4be5",
          "614d011b554d0d355583f95f5a2494ad",
          "d1e14f2a53fd80fffe573f3d2d76be3a"
        ]
      }
    },
    {
      "type": "Feature",
      "geometry": {
        "type": "Point",
        "coordinates": [
          -75.18820454807445,
          40.05776040451986
        ]
      },
      "properties": {
        "mural_name": "Gimble in the Wabe",
        "artist": "Gregory Christie",
        "address": "7001 Germantown Ave, Philadelphia, Pennsylvania, 19119, USA",
        "media": [
          "b14b3c929535e17eca7c0fbaebbb184d",
          "b509e7e5a3ff77356005c279a58d5f80",
          "6ad693ebb4aee4d9a353a77c79b5dbda",
          "749eaccaa93c238777ecc203bd02f61c"
        ]
      }
    },
    {
      "type": "Feature",
      "geometry": {
        "type": "Point",
        "coordinates": [
          -75.1626903715832,
          39.9442593799366
        ]
      },
      "properties": {
        "mural_name": "Gimme Shelter",
        "artist": "David Guinn",
        "address": "1236 Lombard St, Philadelphia, Pennsylvania, 19147, USA",
        "media": [
          "d98b4caf4c962d031369f0e23c3a2431"
        ]
      }
    },
    {
      "type": "Feature",
      "geometry": {
        "type": "Point",
        "coordinates": [
          -75.15559217191242,
          39.990720036968305
        ]
      },
      "properties": {
        "mural_name": "Give Wings . . . Adopt",
        "artist": "Cesar Viveros",
        "address": "2442 N Broad St, Philadelphia, Pennsylvania, 19132, USA",
        "media": [
          "303869ff306fc2f09250cf99d56d0167",
          "681fc688845027c4e6dd909b03c004e6"
        ]
      }
    },
    {
      "type": "Feature",
      "geometry": {
        "type": "Point",
        "coordinates": [
          -75.16648838787277,
          39.93723747702104
        ]
      },
      "properties": {
        "mural_name": "Go Birds!",
        "artist": "Tiff Urquhart",
        "address": "1123 S Broad St, Philadelphia, Pennsylvania, 19147, USA",
        "media": [
          "a75b1a01d167ef4774162f15f2d9a028",
          "ee11314727a9735a695e24b9192a1e5c",
          "b2c9d231432ac42edaa77d65fcda8b74",
          "c1c37aad4aacc23038cd58de480c40f8",
          "5a3e25219cb2ea673ab31f5db059cf5e",
          "da56f72bda765582796169f361768e3e"
        ]
      }
    },
    {
      "type": "Feature",
      "geometry": {
        "type": "Point",
        "coordinates": [
          -75.01647220739045,
          40.03031848598918
        ]
      },
      "properties": {
        "mural_name": "Going Home",
        "artist": "Ann Northrup",
        "address": "8151 State Road, Philadelphia, Pennsylvania, 19136, USA",
        "media": [
          "1278df9e25e0b1e9c9bf0bc408ae8372",
          "a71fd4c3796e4a853fe76a2a7690fd7d"
        ]
      }
    },
    {
      "type": "Feature",
      "geometry": {
        "type": "Point",
        "coordinates": [
          -75.07554178160721,
          40.049576554692074
        ]
      },
      "properties": {
        "mural_name": "Good Vibes",
        "artist": "Michael Konrad",
        "address": "6900 Summerdale Ave, Philadelphia, Pennsylvania, 19111, USA",
        "media": [
          "33da6c542db2bfe8078f17278dcb3610",
          "111e77562ac72b8224229686dccacc62"
        ]
      }
    },
    {
      "type": "Feature",
      "geometry": {
        "type": "Point",
        "coordinates": [
          -75.17391025861964,
          39.896124467271726
        ]
      },
      "properties": {
        "mural_name": "GRASSLANDS",
        "artist": "JEFRË",
        "address": "3 Crescent Dr, Philadelphia, Pennsylvania, 19112, USA",
        "media": [
          "91df032e6d397a77e3a77419fe8c23b6",
          "e662719e891ca6b1cf3b17e86bb518fa",
          "fd5c4f04847bc4b0bd895e9d948415dd",
          "caf7d73ba67fb6b34b849e904109f7e9",
          "601f5cf5271e90efdf52187cab6ae3cf",
          "4a553a4192db2d1952e9388131580f6a",
          "d05c2bbd872adf9b3a6bfa370ebbd51d",
          "6a2b67aceddf6a881f7acb3452b19703",
          "6a2b67aceddf6a881f7acb3452b19703",
          "4cf7c02d3273668d4f3e38bb75523c22",
          "3e6f2ecdebb75e24b0b8aadf1dd4fd11",
          "0739ed50d798329db3f019a62f286f36",
          "4850059b25c100649980bf31ef34b8b4"
        ]
      }
    },
    {
      "type": "Feature",
      "geometry": {
        "type": "Point",
        "coordinates": [
          -75.15476749608145,
          39.91709270511677
        ]
      },
      "properties": {
        "mural_name": "Grow, Grow!",
        "artist": "Barbara Smolen",
        "address": "400 W Porter St, Philadelphia, Pennsylvania, 19148, USA",
        "media": [
          "235df9f2d979ac787a79bbba4c29ee25"
        ]
      }
    },
    {
      "type": "Feature",
      "geometry": {
        "type": "Point",
        "coordinates": [
          -75.19312346012654,
          39.96568119167898
        ]
      },
      "properties": {
        "mural_name": "Growing Towards the Future",
        "artist": "Donald Gensler",
        "address": "654 N 35th St, Philadelphia, Pennsylvania, 19104, USA",
        "media": [
          "954adb6286b2d0dbed50d49657978a87",
          "6e11a0671682dfebdee7a3d826ae640b",
          "e02074a1318973bd2eae021de641c4a7"
        ]
      }
    },
    {
      "type": "Feature",
      "geometry": {
        "type": "Point",
        "coordinates": [
          -75.1513182404622,
          39.9330579223528
        ]
      },
      "properties": {
        "mural_name": "Growth and Change",
        "artist": "David Guinn",
        "address": "1214 S 4th St, Philadelphia, Pennsylvania, 19147, USA",
        "media": [
          "8ce111b1254424fc851f28e51c0d2e37"
        ]
      }
    },
    {
      "type": "Feature",
      "geometry": {
        "type": "Point",
        "coordinates": [
          -75.03909006392921,
          40.03742358458798
        ]
      },
      "properties": {
        "mural_name": "Growth and Continuity",
        "artist": "David Guinn",
        "address": "7257 Frankford Ave, Philadelphia, Pennsylvania, 19135, USA",
        "media": [
          "3e0e516a33ced135d403209b97a2bdaf",
          "6c140ad3160a977fc0487931cfe3cc7e",
          "dfd8d1c7175145f2b0bf18b7fdaf453d",
          "23199b0b2a81e1a3196813912c8d78ad",
          "a847b1bad23bb0d861009766ed4a2dd8",
          "120b328f264244998dc00c4255155c02"
        ]
      }
    },
    {
      "type": "Feature",
      "geometry": {
        "type": "Point",
        "coordinates": [
          -75.14425001743956,
          39.95570922218888
        ]
      },
      "properties": {
        "mural_name": "Growth of a Metropolis",
        "artist": "Richard Haas",
        "address": "251 N 3rd St, Philadelphia, Pennsylvania, 19106, USA",
        "media": [
          "348d8abd7bf7fc5cef2c6061a70fa672",
          "e913ef8dce053be5b1401f58465d1e05"
        ]
      }
    },
    {
      "type": "Feature",
      "geometry": {
        "type": "Point",
        "coordinates": [
          -75.12846820260185,
          39.98421623428265
        ]
      },
      "properties": {
        "mural_name": "Guardian Angel of Love",
        "artist": "Alexandre \"Psyckoze\" Stolypine",
        "address": "2424 Coral St, Philadelphia, Pennsylvania, 19125, USA",
        "media": [
          "e3598f61e12ccf3362917366c7cb05f6",
          "f30f7e6e6da06e6207d2c96998707c59",
          "0437373cb2d41772c383d5ad270dfc62"
        ]
      }
    },
    {
      "type": "Feature",
      "geometry": {
        "type": "Point",
        "coordinates": [
          -75.14443858725726,
          39.98392636931182
        ]
      },
      "properties": {
        "mural_name": "Guardian of an Eden Regained",
        "artist": "Eliseo Art Silva",
        "address": "2114 N 6th St, Philadelphia, Pennsylvania, 19122, USA",
        "media": [
          "683265f0639c9733f18f5838af24fc62"
        ]
      }
    },
    {
      "type": "Feature",
      "geometry": {
        "type": "Point",
        "coordinates": [
          -75.16509221521164,
          39.98207581558477
        ]
      },
      "properties": {
        "mural_name": "Habitat for Humanity mural at 1829 North 19th Street",
        "artist": "John Lewis",
        "address": "1829 N 19th St, Philadelphia, Pennsylvania, 19121, USA",
        "media": [
          "420c19c97993085a6006346b68fbd0b1",
          "19c9402ad25c1db6a2b68e6363af3b4e"
        ]
      }
    },
    {
      "type": "Feature",
      "geometry": {
        "type": "Point",
        "coordinates": [
          -75.16565286013315,
          39.9422307453797
        ]
      },
      "properties": {
        "mural_name": "Haiku Landscape",
        "artist": "Kien Nguyen",
        "address": "730 S Broad St, Philadelphia, Pennsylvania, 19146, USA",
        "media": [
          "29f95ad6b5280f7efee00da09586478c",
          "138006db55c0b3a70239e0ff6ae0557d"
        ]
      }
    },
    {
      "type": "Feature",
      "geometry": {
        "type": "Point",
        "coordinates": [
          -75.155493,
          39.960047
        ]
      },
      "properties": {
        "mural_name": "Hamilton Street Mural",
        "artist": "Charles Burwell",
        "address": "1016 Hamilton St, Philadelphia, Pennsylvania, 19123, USA",
        "media": [
          "87814acae61f55de4b3432b6394e514a",
          "a18ca850cdaba586439a47ba0a0f9d4e"
        ]
      }
    },
    {
      "type": "Feature",
      "geometry": {
        "type": "Point",
        "coordinates": [
          -75.14094636163335,
          39.96159309263167
        ]
      },
      "properties": {
        "mural_name": "Hanging Garden",
        "artist": "Frank Hyder",
        "address": "621 N 2nd St, Philadelphia, Pennsylvania, 19123, USA",
        "media": [
          "313419f611f30b151a2899fbb069a6fc"
        ]
      }
    },
    {
      "type": "Feature",
      "geometry": {
        "type": "Point",
        "coordinates": [
          -75.17512155686174,
          39.96745593188532
        ]
      },
      "properties": {
        "mural_name": "Hanging Garden",
        "artist": "Kien Nguyen",
        "address": "2242 Fairmount Ave, Philadelphia, Pennsylvania, 19130, USA",
        "media": [
          "bb8f6c83c2703ee2fa722a3f82c2bdca",
          "79b487982e76be68de3e644b3d6933b8",
          "b19eeb8f8acf43d8e8605481173b0000",
          "d9cf0a76a26bc3261cc52dd97cbd8741",
          "5ea5808491a3b930d40a3bfa6d146625"
        ]
      }
    },
    {
      "type": "Feature",
      "geometry": {
        "type": "Point",
        "coordinates": [
          -75.17409000312199,
          39.98748334741051
        ]
      },
      "properties": {
        "mural_name": "Hank Gathers: The Legacy Continues",
        "artist": "Ernel Martinez",
        "address": "2501 W Diamond St, Philadelphia, Pennsylvania, 19121, USA",
        "media": [
          "fa3b5602b413c24e0d2f21a268733ba6",
          "2233143875123e454266ecbd02ad20e6",
          "7343326690e99fdc5a4accc327189138"
        ]
      }
    },
    {
      "type": "Feature",
      "geometry": {
        "type": "Point",
        "coordinates": [
          -75.15613424106628,
          39.95620393624905
        ]
      },
      "properties": {
        "mural_name": "Harmony",
        "artist": "Tomie Arai",
        "address": "1034 Spring St, Philadelphia, Pennsylvania, 19107, USA",
        "media": [
          "b7813b2d4eadea07131b5843d6404d1a"
        ]
      }
    },
    {
      "type": "Feature",
      "geometry": {
        "type": "Point",
        "coordinates": [
          -75.14703749390074,
          39.99763965127537
        ]
      },
      "properties": {
        "mural_name": "Harriet Tubman & the Underground Railroad",
        "artist": "Sam Donovan",
        "address": "2950 Germantown Ave, Philadelphia, Pennsylvania, 19133, USA",
        "media": [
          "3b3b25a644b6495eebd13540c5cc833e"
        ]
      }
    },
    {
      "type": "Feature",
      "geometry": {
        "type": "Point",
        "coordinates": [
          -75.1063796314375,
          39.99937363756828
        ]
      },
      "properties": {
        "mural_name": "Harrowgate Park",
        "artist": "Leon Rainbow",
        "address": "3455 Kensington Ave, Philadelphia, Pennsylvania, 19134, USA",
        "media": [
          "91cdb5e0938f64969005dd8ba71f0895",
          "14bb52e1c918ee26eac2651483613577",
          "3dbc3969cf7b6beff582a46222e4ff10",
          "70e09f136d44c07622d6df56cecbaf45",
          "874607632dd3f53abc6267aea015f449"
        ]
      }
    },
    {
      "type": "Feature",
      "geometry": {
        "type": "Point",
        "coordinates": [
          -75.20132976022198,
          39.963151826525376
        ]
      },
      "properties": {
        "mural_name": "Haverford Trolley Stop",
        "artist": "Paul Santoleri",
        "address": "3941 Haverford Ave, Philadelphia, Pennsylvania, 19104, USA",
        "media": [
          "2d41f5df9c9dc7a2b714c9949cb02f51",
          "496afd62db1389878c8464d0545ca514"
        ]
      }
    },
    {
      "type": "Feature",
      "geometry": {
        "type": "Point",
        "coordinates": [
          -75.1672648542516,
          39.996414845142155
        ]
      },
      "properties": {
        "mural_name": "Heads to the Sky",
        "artist": "Cavin Jones",
        "address": "2121 W Lehigh Ave, Philadelphia, Pennsylvania, 19132, USA",
        "media": [
          "8725b7dba129ee0d87ca6ad033f6ad9d"
        ]
      }
    },
    {
      "type": "Feature",
      "geometry": {
        "type": "Point",
        "coordinates": [
          -75.11116532537093,
          39.99398934500281
        ]
      },
      "properties": {
        "mural_name": "Healing Begins Through Connection",
        "artist": "Swoon (Caledonia Curry)",
        "address": "2917 Kensington Ave, Philadelphia, Pennsylvania, 19134, USA",
        "media": [
          "bd79ca17fcae76eb4d2bde5f05ed584e",
          "06887e3d8cdb4048d42d77c479a36c5a",
          "990d802a47b0c4fd8075bdcf91326687",
          "c9618bc5206673520ac03e7d05992509",
          "2248e2b9d8ab113d5515bddaaaacbb54",
          "8336388b7aac36feda1bb85fc84862e9"
        ]
      }
    },
    {
      "type": "Feature",
      "geometry": {
        "type": "Point",
        "coordinates": [
          -75.17274908620604,
          40.0349999069157
        ]
      },
      "properties": {
        "mural_name": "Healing Through Faith and Spirituality",
        "artist": "Joe Brenman",
        "address": "5531 Germantown Ave, Philadelphia, Pennsylvania, 19144, USA",
        "media": [
          "73833071ed6ff960e5172182f6e21082",
          "7424aab54efe1106fab541b16ba40d4f"
        ]
      }
    },
    {
      "type": "Feature",
      "geometry": {
        "type": "Point",
        "coordinates": [
          -75.14670819637293,
          39.99901368964262
        ]
      },
      "properties": {
        "mural_name": "Healing Walls: Inmate's Journey",
        "artist": "Cesar Viveros",
        "address": "3049 Germantown Ave, Philadelphia, Pennsylvania, 19133, USA",
        "media": [
          "c6cb01eed4f041ffaa144129db581699",
          "507c766b9cf07316c051911d62fa7035",
          "130e7948f9337ab1d06b191b17d1486e"
        ]
      }
    },
    {
      "type": "Feature",
      "geometry": {
        "type": "Point",
        "coordinates": [
          -75.14709534479982,
          39.99912207310741
        ]
      },
      "properties": {
        "mural_name": "Healing Walls: Victim's Journey",
        "artist": "Cesar Viveros",
        "address": "3065 Germantown Ave, Philadelphia, Pennsylvania, 19133, USA",
        "media": [
          "c4b5890c32d1a4d254730854c845fd27",
          "0791a0abbd552fc52536bd98145858c8"
        ]
      }
    },
    {
      "type": "Feature",
      "geometry": {
        "type": "Point",
        "coordinates": [
          -75.2387423191085,
          39.957896105249326
        ]
      },
      "properties": {
        "mural_name": "Health in Mind",
        "artist": "Shira Walinsky",
        "address": "5800 Walnut St, Philadelphia, Pennsylvania, 19139, USA",
        "media": [
          "432494618b2622c2d70f24d177f62eb1",
          "432494618b2622c2d70f24d177f62eb1"
        ]
      }
    },
    {
      "type": "Feature",
      "geometry": {
        "type": "Point",
        "coordinates": [
          -75.14967933173347,
          39.97217243612213
        ]
      },
      "properties": {
        "mural_name": "Healthy Choices",
        "artist": "Cavin Jones",
        "address": "800 W Thompson St, Philadelphia, Pennsylvania, 19122, USA",
        "media": [
          "90495eac539067d581db2daf98c53cf4"
        ]
      }
    },
    {
      "type": "Feature",
      "geometry": {
        "type": "Point",
        "coordinates": [
          -75.18633345236177,
          39.925453061995874
        ]
      },
      "properties": {
        "mural_name": "Healthy Rhythm",
        "artist": "Katie Yamasaki",
        "address": "2100 S 24th St, Philadelphia, Pennsylvania, 19145, USA",
        "media": [
          "667f9e6d66ede2b23dddb6f4ffcc8fcc",
          "7fd02abce8d086ef193fbf902094ca43"
        ]
      }
    },
    {
      "type": "Feature",
      "geometry": {
        "type": "Point",
        "coordinates": [
          -75.15414299601639,
          40.017175902298234
        ]
      },
      "properties": {
        "mural_name": "Healthy Start",
        "artist": "Craig Britton",
        "address": "4135 Germantown Ave, Philadelphia, Pennsylvania, 19140, USA",
        "media": [
          "242c2e4bf1d42fd551a6839194efbef9"
        ]
      }
    },
    {
      "type": "Feature",
      "geometry": {
        "type": "Point",
        "coordinates": [
          -75.18185012903625,
          39.98311588190973
        ]
      },
      "properties": {
        "mural_name": "Hearing Our Voice",
        "artist": "Delia King",
        "address": "1756 N 29th St, Philadelphia, Pennsylvania, 19121, USA",
        "media": [
          "10252f094069c252714294439cbed10d"
        ]
      }
    },
    {
      "type": "Feature",
      "geometry": {
        "type": "Point",
        "coordinates": [
          -75.150976,
          40.001055
        ]
      },
      "properties": {
        "mural_name": "Heart of a Champion: Tribute to Smokin' Joe Frazier",
        "artist": "Ernel Martinez",
        "address": "1302 W Allegheny Ave, Philadelphia, Pennsylvania, 19132, USA",
        "media": [
          "f13924fc3946354b97f6785267524fd4"
        ]
      }
    },
    {
      "type": "Feature",
      "geometry": {
        "type": "Point",
        "coordinates": [
          -75.20884659537928,
          39.979701909925545
        ]
      },
      "properties": {
        "mural_name": "Heart of the City",
        "artist": "Paul Santoleri",
        "address": "4231 Avenue Of the Republic, Philadelphia, Pennsylvania, 19131, USA",
        "media": [
          "3756969b234b84d306a8b0b03f42b353",
          "1628262d66be00ba297fe603e5ae5d65"
        ]
      }
    },
    {
      "type": "Feature",
      "geometry": {
        "type": "Point",
        "coordinates": [
          -75.14076442022328,
          39.99719670802456
        ]
      },
      "properties": {
        "mural_name": "Hearts Across America - Potter-Thomas Elementary School mural",
        "artist": "Bryan Guglielmi",
        "address": "3001 N 6th St, Philadelphia, Pennsylvania, 19133, USA",
        "media": [
          "f3466991635737ab1da801641ba6418f",
          "49b3e5d4d49768dcfdef5fd9a0098bbc",
          "2c4393093e03b28c234d5ec3f13042d9"
        ]
      }
    },
    {
      "type": "Feature",
      "geometry": {
        "type": "Point",
        "coordinates": [
          -75.1286605317368,
          39.989019013644906
        ]
      },
      "properties": {
        "mural_name": "Heavenly Thoughts",
        "artist": "Eliseo Art Silva",
        "address": "168 E Huntingdon St, Philadelphia, Pennsylvania, 19125, USA",
        "media": [
          "9077c8ec2b2807e6d30b04ccb2609fc4"
        ]
      }
    },
    {
      "type": "Feature",
      "geometry": {
        "type": "Point",
        "coordinates": [
          -75.18633345236177,
          39.925453061995874
        ]
      },
      "properties": {
        "mural_name": "Heavy Blanket",
        "artist": "Katie Yamasaki",
        "address": "2100 S 24th St, Philadelphia, Pennsylvania, 19145, USA",
        "media": [
          "140ac5adb6ff46138adb42349a55ba1d",
          "695664470c2efa01a4796d4d69899495"
        ]
      }
    },
    {
      "type": "Feature",
      "geometry": {
        "type": "Point",
        "coordinates": [
          -75.15623048301171,
          40.00659082454008
        ]
      },
      "properties": {
        "mural_name": "Helping Energize & Rebuild Ourselves",
        "artist": "Lee Behl",
        "address": "3439 N 17th sS, Philadelphia, Pennsylvania, 19140, USA",
        "media": [
          "0168672680b742bb6630bb469ebdd84b"
        ]
      }
    },
    {
      "type": "Feature",
      "geometry": {
        "type": "Point",
        "coordinates": [
          -75.16201488911084,
          39.968558066015596
        ]
      },
      "properties": {
        "mural_name": "Helping Hands",
        "artist": "Robert Bruce Bullock",
        "address": "802 N 15th St, Philadelphia, Pennsylvania, 19130, USA",
        "media": [
          "38f4989cc6b410f1c4d227162066d430",
          "f9c0f7e3ad374a9e82846c013d48d929"
        ]
      }
    },
    {
      "type": "Feature",
      "geometry": {
        "type": "Point",
        "coordinates": [
          -75.11646019099412,
          39.97657378968002
        ]
      },
      "properties": {
        "mural_name": "Helping Hands (Maritime Academy Charter School)",
        "artist": "Robert Bruce Bullock",
        "address": "2700 E Huntingdon St, Philadelphia, Pennsylvania, 19125, USA",
        "media": [
          "f10597f4498dc739199db1c45df85ef8",
          "d7debc4afb25b00d8a4c2a6ed1fe97b1"
        ]
      }
    },
    {
      "type": "Feature",
      "geometry": {
        "type": "Point",
        "coordinates": [
          -75.16829231105484,
          39.97553282246559
        ]
      },
      "properties": {
        "mural_name": "Henry Ossawa Tanner: Letters of Influence",
        "artist": "Keir Johnston",
        "address": "2019 N College Ave, Philadelphia, Pennsylvania, 19121, USA",
        "media": [
          "f2bcebb724fd9d519a5bfd23b111659f",
          "d791b4740119cdbf7e2a30a27803c49a",
          "10beafeaeb1312fdcfe17821d6fbfcf0",
          "e6ba48d7d5bf76c2571d2f2986c0e506"
        ]
      }
    },
    {
      "type": "Feature",
      "geometry": {
        "type": "Point",
        "coordinates": [
          -75.17331451213114,
          39.93842793505819
        ]
      },
      "properties": {
        "mural_name": "Here to Create",
        "artist": "Taqiy Muhammad",
        "address": "1800 Washington Ave, Philadelphia, Pennsylvania, 19146, USA",
        "media": [
          "d47408ada4a83d45852c515a56582ef8",
          "b275620d5287629de9fa163aeafbbf44",
          "ce027ff92e692ac6bca00e403ef813bc",
          "81e36cda3fc03ef3df3223e2bb5beed6",
          "cb6492e6208cc9b8a2c9c2c32cce9bb5"
        ]
      }
    },
    {
      "type": "Feature",
      "geometry": {
        "type": "Point",
        "coordinates": [
          -75.1233636604639,
          39.99455592357815
        ]
      },
      "properties": {
        "mural_name": "Hissey Playground",
        "artist": "Mike Smash",
        "address": "400-32 E Indiana Ave, Philadelphia, Pennsylvania, 19134, USA",
        "media": [
          "90cb335d0d7b3a85c1c4036470c6f3c7",
          "6f02908305b02b5aaf9d6de9059a0635",
          "3ec34933473fda44213d547be2202ce7",
          "4ce580ea468384a2053e79bf7ebafc82",
          "359a5b1ffd5bb8cfd6278dc93635f934",
          "47499b97c19c636b8da5296503459fd8",
          "e3e46e8e2928e09168bfa119788ba26d",
          "bb3c6dca8823f2873ca09cb1517f90b0",
          "09e964c06211d12b71dfc8d12f07980c",
          "059a7e46b5a9016b9dd181d25b7a580f",
          "d12e312df24c4b8b8cd6091d32628f39"
        ]
      }
    },
    {
      "type": "Feature",
      "geometry": {
        "type": "Point",
        "coordinates": [
          -75.1419992480222,
          39.970114462299016
        ]
      },
      "properties": {
        "mural_name": "History In Motion",
        "artist": "Eric Okdeh",
        "address": "301 W Girard Ave, Philadelphia, Pennsylvania, 19123, USA",
        "media": [
          "d66cd661a8071f3eb5f96dfbd7e4af7c",
          "173f030425b2affa91b54071cdf6d62e",
          "13e37c176471e7a61ae3ee2f1c9810a9",
          "855eead3aa68764e5987811ce0a9a811",
          "8fffa87f87f2e0ce6fb4a1959e713bd5",
          "45752c84aa276c0a3a83f0ac7097d7f8",
          "41f5f6c533ada3f37279e7757225f333",
          "62be737e79155e7c1b82a0a39332a09c",
          "173f030425b2affa91b54071cdf6d62e"
        ]
      }
    },
    {
      "type": "Feature",
      "geometry": {
        "type": "Point",
        "coordinates": [
          -75.1490387523182,
          39.9823837523372
        ]
      },
      "properties": {
        "mural_name": "History in the Present Moment (I AM); Procession; Portals of Progress & Play/Procession",
        "artist": "Patrick Dougher",
        "address": "927 W Norris St, Philadelphia, Pennsylvania, 19122, USA",
        "media": [
          "42f0b76657a5dacc58fad7ec58f41d32",
          "7838a0853273bb4af515306834f1940a",
          "ede8846c2203fa9e833ddbd7581f1514",
          "c5345b8758fbbb26f3d4683fbed933f0",
          "80a94f5d1faee0480d98db8a17af91ac",
          "2b068f89a25f919e831b830e78d4c553",
          "49688c1afbd00e38f115cc06d2d3d6ca",
          "b010e317b9960af21c8ac67781517f82",
          "a52b5e63b4cdc69acdc937bd2f27afdc",
          "b5b48ea51da5f579055c8420c7c9a282"
        ]
      }
    },
    {
      "type": "Feature",
      "geometry": {
        "type": "Point",
        "coordinates": [
          -75.15540551223104,
          39.95669070088909
        ]
      },
      "properties": {
        "mural_name": "History of Chinatown",
        "artist": "Arturo Ho",
        "address": "237 N 10th St, Philadelphia, Pennsylvania, 19107, USA",
        "media": [
          "912778011fecffc18f0a4ccef672c7a1"
        ]
      }
    },
    {
      "type": "Feature",
      "geometry": {
        "type": "Point",
        "coordinates": [
          -75.08182762686911,
          40.01469935706829
        ]
      },
      "properties": {
        "mural_name": "History of Frankford",
        "artist": "Eric Okdeh",
        "address": "4610 Hedge St, Philadelphia, Pennsylvania, 19124, USA",
        "media": [
          "ef71601ce7b7f690a1543b6036a2367f",
          "2c7df6d746a5ec2f791cf6a678375dd0",
          "3f3526bf51ace0d47cc3b2eee315d123"
        ]
      }
    },
    {
      "type": "Feature",
      "geometry": {
        "type": "Point",
        "coordinates": [
          -75.14270762958586,
          39.95789945163723
        ]
      },
      "properties": {
        "mural_name": "History of Immigration",
        "artist": "Dietrich L. Adonis",
        "address": "404 N 2nd St, Philadelphia, Pennsylvania, 19123, USA",
        "media": [
          "7650fdc9f7f8bb7ca3fd1b7e44781fcb",
          "bf9046d14e25831acabdaf55d13ed0f5",
          "ecc15892470502c429bac94dfb62f230",
          "1e054fee178e6d9cb18d1fe6b1e2d893",
          "4cd98235a6ded8b360a27d0796a386da"
        ]
      }
    },
    {
      "type": "Feature",
      "geometry": {
        "type": "Point",
        "coordinates": [
          -75.21591931720057,
          39.96478044232669
        ]
      },
      "properties": {
        "mural_name": "History of Mill Creek",
        "artist": "Paul Santoleri",
        "address": "4725 Fairmount Ave, Philadelphia, Pennsylvania, 19139, USA",
        "media": [
          "276748c0534b5021ab3bea3b438b704a",
          "ab43463820385b6c936d9499cb8b20db",
          "3cb4e4f07893b13e77fe293a866825d4"
        ]
      }
    },
    {
      "type": "Feature",
      "geometry": {
        "type": "Point",
        "coordinates": [
          -75.14620963143904,
          39.95257419352816
        ]
      },
      "properties": {
        "mural_name": "History of Philadelphia Fire Department Mural Project",
        "artist": "Eric Okdeh",
        "address": "323 Arch St, Philadelphia, Pennsylvania, 19106, USA",
        "media": [
          "3a5f5d22f6f740323126253d7327bb97",
          "d21afce1cf1efb9e4dcbece19a49cbec"
        ]
      }
    },
    {
      "type": "Feature",
      "geometry": {
        "type": "Point",
        "coordinates": [
          -75.13636352279298,
          39.9845554332502
        ]
      },
      "properties": {
        "mural_name": "History of Puerto Ricans in America",
        "artist": "Barbara Gesshel",
        "address": "2211 N 2nd St, Philadelphia, Pennsylvania, 19133, USA",
        "media": [
          "1084a8ac619ea14b6437e28cda6878f9"
        ]
      }
    },
    {
      "type": "Feature",
      "geometry": {
        "type": "Point",
        "coordinates": [
          -75.13602434155464,
          39.98497486746619
        ]
      },
      "properties": {
        "mural_name": "History of Puerto Rico",
        "artist": "Jane Golden",
        "address": "2251 N 2nd St, Philadelphia, Pennsylvania, 19133, USA",
        "media": [
          "c3031f7ceed3c3073eb171927d39dfdc"
        ]
      }
    },
    {
      "type": "Feature",
      "geometry": {
        "type": "Point",
        "coordinates": [
          -75.53982316653749,
          40.1776528264478
        ]
      },
      "properties": {
        "mural_name": "History of Royersford: Our Heritage Along the Waterway",
        "artist": "Delia King",
        "address": "436 1st Ave, Royersford, Pennsylvania, 19468, USA",
        "media": [
          "9f3774fd7406ac268297ac00eba88a58",
          "4c6cec0a30f04bed003bc9d404f3e524",
          "5ab35a87c70b5017b6a4957f559a3bad",
          "fe37cfaec71f3e52695a924c9d21879c"
        ]
      }
    },
    {
      "type": "Feature",
      "geometry": {
        "type": "Point",
        "coordinates": [
          -75.0356666628502,
          40.03006006736548
        ]
      },
      "properties": {
        "mural_name": "History of SEPTA-Tacony",
        "artist": "Kenneth Millington",
        "address": "7220 Torresdale Ave, Philadelphia, Pennsylvania, 19135, USA",
        "media": [
          "49b2a29a4b485cf1bb3ceb7ab9da5cb6",
          "077ac3ea49e256b3c635f4ef46f08fb1",
          "7bfa7ebc78ba86fa7bc8c6b61f34d6ac",
          "63c49244d5ce07583935b6f64b34e48d"
        ]
      }
    },
    {
      "type": "Feature",
      "geometry": {
        "type": "Point",
        "coordinates": [
          -75.04182923377275,
          40.023747957977996
        ]
      },
      "properties": {
        "mural_name": "History of Tacony",
        "artist": "Karl Yoder",
        "address": "4900 Longshore Ave, Philadelphia, Pennsylvania, 19135, USA",
        "media": [
          "0b58175c854e342275508314ad5e19ab"
        ]
      }
    },
    {
      "type": "Feature",
      "geometry": {
        "type": "Point",
        "coordinates": [
          -75.17815214440239,
          40.03242453636434
        ]
      },
      "properties": {
        "mural_name": "History, Commerce, Community: A Short Retrospective on Germantown",
        "artist": "Jared Bader",
        "address": "164 W Chelten Ave, Philadelphia, Pennsylvania, 19144, USA",
        "media": [
          "0efa7e81e9d5cdb3f136586303f7c512"
        ]
      }
    },
    {
      "type": "Feature",
      "geometry": {
        "type": "Point",
        "coordinates": [
          -75.20116882511802,
          39.966487685182784
        ]
      },
      "properties": {
        "mural_name": "Holding Grandmother's Quilt",
        "artist": "Donald Gensler",
        "address": "3932 Aspen St, Philadelphia, Pennsylvania, 19104, USA",
        "media": [
          "8e00322fc8cae67249142820783ab713"
        ]
      }
    },
    {
      "type": "Feature",
      "geometry": {
        "type": "Point",
        "coordinates": [
          -75.21115942954347,
          39.95641108383371
        ]
      },
      "properties": {
        "mural_name": "Home",
        "artist": "Eurhi Jones",
        "address": "120 S 45th St, Philadelphia, Pennsylvania, 19104, USA",
        "media": [
          "848c23a51cc7ba36b9472cd458c594a9"
        ]
      }
    },
    {
      "type": "Feature",
      "geometry": {
        "type": "Point",
        "coordinates": [
          -75.07525715732861,
          40.014731738553714
        ]
      },
      "properties": {
        "mural_name": "Home Field Advantage",
        "artist": "Peter Pagast",
        "address": "1900 Wakeling St, Philadelphia, Pennsylvania, 19124, USA",
        "media": [
          "2b11a32648dca3ef534b45c9a57185ec"
        ]
      }
    },
    {
      "type": "Feature",
      "geometry": {
        "type": "Point",
        "coordinates": [
          -75.15397197072224,
          39.94271450646573
        ]
      },
      "properties": {
        "mural_name": "Home is Where We Are",
        "artist": "Yuliya Semenova",
        "address": "518 S 7th St, Philadelphia, Pennsylvania, 19147, USA",
        "media": [
          "cba95d7c8de03b6c768d4e8c23f0bc5d",
          "7850c8da96c918ae41efc214079a2deb"
        ]
      }
    },
    {
      "type": "Feature",
      "geometry": {
        "type": "Point",
        "coordinates": [
          -75.20700061942254,
          39.96736243346056
        ]
      },
      "properties": {
        "mural_name": "Home Safe [42nd St]",
        "artist": "Ernel Martinez",
        "address": "805 N 42nd St, Philadelphia, Pennsylvania, 19104, USA",
        "media": [
          "09ac9b9a784096e6f51004fbba863d1f",
          "6226bf0aee1aaec4de95750e4d815d1d",
          "589d94508db39a30a11fc4f7f56e510e",
          "25a2c9bcfa685b4eb5e4ae4a77938d92",
          "c135d98bfefadd1f4cab6f4f980094c2"
        ]
      }
    },
    {
      "type": "Feature",
      "geometry": {
        "type": "Point",
        "coordinates": [
          -75.20730178843527,
          39.9673692107373
        ]
      },
      "properties": {
        "mural_name": "Home Safe [Brown Street]",
        "artist": "Ernel Martinez",
        "address": "4137 Brown St, Philadelphia, Pennsylvania, 19104, USA",
        "media": [
          "09ac9b9a784096e6f51004fbba863d1f",
          "6226bf0aee1aaec4de95750e4d815d1d",
          "589d94508db39a30a11fc4f7f56e510e",
          "25a2c9bcfa685b4eb5e4ae4a77938d92",
          "c135d98bfefadd1f4cab6f4f980094c2"
        ]
      }
    },
    {
      "type": "Feature",
      "geometry": {
        "type": "Point",
        "coordinates": [
          -75.14178080262717,
          39.99219665539272
        ]
      },
      "properties": {
        "mural_name": "Homenaje a Lillian Marrero (Tribute to Lillian Marrero)",
        "artist": "Danny Torres",
        "address": "600 W Lehigh Ave, Philadelphia, Pennsylvania, 19133, USA",
        "media": [
          "b9fa0287cd357153e723b8e67a24244f"
        ]
      }
    },
    {
      "type": "Feature",
      "geometry": {
        "type": "Point",
        "coordinates": [
          -75.1442097819099,
          39.96428055630508
        ]
      },
      "properties": {
        "mural_name": "Honey's Garden",
        "artist": "Frank Hyder",
        "address": "808 N 4th Street, Philadelphia, Pennsylvania, 19123, USA",
        "media": [
          "065921446bb6e5d45e8f43f0494aabac",
          "ecc33c71da8bddb1a7303e6503756de6"
        ]
      }
    },
    {
      "type": "Feature",
      "geometry": {
        "type": "Point",
        "coordinates": [
          -75.14157256076334,
          39.943633430180576
        ]
      },
      "properties": {
        "mural_name": "Honoring Ben Fletcher",
        "artist": "Jonathan Pinkett",
        "address": "301 S Columbus Blvd, Philadelphia, Pennsylvania, 19106, USA",
        "media": [
          "d1741f941d21f26a967dd640a6930dfb",
          "5ab09718124179ef8421eb25ec2d3df8",
          "0e269a935d1e46b315f3377b50b14eac",
          "78b99881e3809802180b257a05702a8f"
        ]
      }
    },
    {
      "type": "Feature",
      "geometry": {
        "type": "Point",
        "coordinates": [
          -75.13508166027474,
          39.96574238317854
        ]
      },
      "properties": {
        "mural_name": "Honoring the Ancestor",
        "artist": "Diego Romero",
        "address": "29 E Allen St, Philadelphia, Pennsylvania, 19123, USA",
        "media": [
          "77fcab70b92958d3d77716f9ab187eea",
          "d956bbba21133a5977ad55000adf6244"
        ]
      }
    },
    {
      "type": "Feature",
      "geometry": {
        "type": "Point",
        "coordinates": [
          -75.15174180328748,
          39.98907269081928
        ]
      },
      "properties": {
        "mural_name": "Hoodstock 2018 Festival Mural",
        "artist": "Darryl McCray, aka Cornbread",
        "address": "2444-2400 N 12th St, Philadelphia, Pennsylvania, 19133, USA",
        "media": [
          "25d7613fb6ed77b8e6d27688961642f9",
          "bdc73e3d95936f40b711196d84ddfc27",
          "f1cca9b000c7661dc796d847cfb8e886",
          "70e3eba6b283afca0af61222d401dc56",
          "42b13ba39dcf216c7915505a18c54215",
          "f2e284d1ad8830643f8dbff580dcb8cd",
          "8f21582e1cae5f472b287f7b4659eefd",
          "29dec2fde4f42a1de56c4e0784da24b6",
          "089d5e95ab706d55c5b0474fd57bdde0",
          "040ea3900fe5bb4e78bb8082480981e6",
          "b00a90f9a3b5d636d76a907ea12688e8",
          "fcb130cc010c80f14c60a155731db93e"
        ]
      }
    },
    {
      "type": "Feature",
      "geometry": {
        "type": "Point",
        "coordinates": [
          -75.24031963872774,
          39.98197151357843
        ]
      },
      "properties": {
        "mural_name": "Hooray for Play",
        "artist": "Serena Saunders (aka MsPassionArt)",
        "address": "5901 W Columbia Ave, Philadelphia, Pennsylvania, 19151, USA",
        "media": [
          "708f46a2514a42b71ad6aa672aa895ee",
          "01e81f3539d2085b1a827d256120aa90",
          "bdda3bc572a81155a89beac7d8e7c650",
          "91b7bb598c71b6703f8181b502d7c199"
        ]
      }
    },
    {
      "type": "Feature",
      "geometry": {
        "type": "Point",
        "coordinates": [
          -75.01647220739045,
          40.03031848598918
        ]
      },
      "properties": {
        "mural_name": "Hope and Strength",
        "artist": "Delia King",
        "address": "8151 State Road, Philadelphia, Pennsylvania, 19136, USA",
        "media": [
          "a0dc03bd3b4417f241e30100cd4a1e18",
          "a2a9608ead722b713f9cd80f874e71c9",
          "ecee88305d3c5e190704ba4ed56238ca",
          "77b401d92a7853d5aeee2d6ce8415d43",
          "a810f77696cff1b1609c455f7cb7c307"
        ]
      }
    },
    {
      "type": "Feature",
      "geometry": {
        "type": "Point",
        "coordinates": [
          -75.16025089939625,
          39.95815732392527
        ]
      },
      "properties": {
        "mural_name": "Hope Begins with a Meal",
        "artist": "David McShane",
        "address": "302 N 13th St, Philadelphia, Pennsylvania, 19107, USA",
        "media": [
          "c1380b37c9c698c00b301b97a3ff2b9a"
        ]
      }
    },
    {
      "type": "Feature",
      "geometry": {
        "type": "Point",
        "coordinates": [
          -75.11331146076124,
          39.99787690925076
        ]
      },
      "properties": {
        "mural_name": "Hope Lives Here",
        "artist": "Arshayla Robinson",
        "address": "860-898 E Westmoreland St, Philadelphia, Pennsylvania, 19134, USA",
        "media": [
          "d8ea389ae050b8d6180f7c9479ef16a9",
          "9e9ba51f9cbb463a0af2a4e55f50081e",
          "cec9052b036b898c078fd453953db1fb"
        ]
      }
    },
    {
      "type": "Feature",
      "geometry": {
        "type": "Point",
        "coordinates": [
          -75.154224,
          39.961148
        ]
      },
      "properties": {
        "mural_name": "Hope Medallions",
        "artist": "Kala Hagopian @HagopianArts",
        "address": "990 Spring Garden Street, Philadelphia, Pennsylvania, 19123, USA",
        "media": [
          "076567d72c5194f125489449fb6fb1b9",
          "5a32c76c22fbe15e5992cbcb14386829",
          "35a390e217be44dc434ee31a74743645",
          "71b4d2f149e043376ba0f061a7197126",
          "32d82b3aee821ad03991af331bd9ddee",
          "9fc3d3a02825e87ff2fead334cae3feb",
          "d073f97974cc56f919fb5466ef168bea",
          "92283927733e9b2cbc47c2113743628f",
          "ecb72b7d3b9a2af3d8119ea4cc0c2507",
          "da197b43f6e8bc4483880c6d2acbedda",
          "ccc0521ae5b920d5158b7e7abdb9caf5"
        ]
      }
    },
    {
      "type": "Feature",
      "geometry": {
        "type": "Point",
        "coordinates": [
          -75.14687330016478,
          39.9774633264848
        ]
      },
      "properties": {
        "mural_name": "House Flowers",
        "artist": "Ana Uribe",
        "address": "701 Cecil B Moore Ave, Philadelphia, Pennsylvania, 19122, USA",
        "media": [
          "5c69ecd102bd84166f9f375965289dfc",
          "7ab355599630ae34f9a89ba3f57a51fd",
          "254fd4bfee478386937f5a8ec2b7eb11"
        ]
      }
    },
    {
      "type": "Feature",
      "geometry": {
        "type": "Point",
        "coordinates": [
          -75.1351993554824,
          39.9750159150515
        ]
      },
      "properties": {
        "mural_name": "House of Learning for the Heart, Mind, and Body: Moffet Eagles Playground Murals and Mosaics",
        "artist": "David McShane",
        "address": "127 W Oxford St, Philadelphia, Pennsylvania, 19122, USA",
        "media": [
          "5cf926f75a910828d90a51fbfbaa1f3e",
          "386a42c8b9d8a5bd26af67be8578b6a5",
          "4cad73d64e11f1e62ad850ecb2f4cc04",
          "c9be5726405ceac9296f16da5c54da1f",
          "b0fe9922c419e37ff789f001a6cbd7ac",
          "cac75dd1565bfa3a4643681674e9725c",
          "f75b3519f6bc08fa1e93156a944b9a4c",
          "4a28279c3cda876e24b3dedb0b3f9d43",
          "b3f2ca91e4381dc561175ddcbce1b22f",
          "5087e4cbfeab2ac67e1a680daf3b1d25",
          "206b992cc6c8a47b518783b2448ef601",
          "0c48b45f2be6d6296c7bf9bd29715163",
          "3a673fb807e8129dcb4a251cd21498ce",
          "9a0a3b9a47f91b6e3ff7d0d269160174",
          "fd3d72bbd5e6de9828321c0d9f760440",
          "c8a2540069d3071198a9d546afbea948"
        ]
      }
    },
    {
      "type": "Feature",
      "geometry": {
        "type": "Point",
        "coordinates": [
          -75.23098903192677,
          39.97375007602742
        ]
      },
      "properties": {
        "mural_name": "House of Umoja",
        "artist": "Cavin Jones",
        "address": "5450 Master St, Philadelphia, Pennsylvania, 19131, USA",
        "media": [
          "4e525988f8848df38098fdb5bc96ff09"
        ]
      }
    },
    {
      "type": "Feature",
      "geometry": {
        "type": "Point",
        "coordinates": [
          -75.2410101354358,
          39.8792395157928
        ]
      },
      "properties": {
        "mural_name": "How Philly Moves",
        "artist": "Jacques-Jean Tiziou",
        "address": "8000 Essington Ave, Philadelphia, Pennsylvania, 19153, USA",
        "media": [
          "3b93c2590ca1bb0c3e7704804869ac4e",
          "a19c62ac18747bf1615d5484106a6932",
          "bceceebea1ad5d5f9c282d9817ef7a1c",
          "d83c98b104e8bc9c34fbb52f4cf804ec",
          "4838e0d2879e7cb19e5c771cbb23b76b",
          "d01fc65f40c37a7eda53ce91cb972e8a",
          "aca3cd6f4b95994e0c98540b3d95f860"
        ]
      }
    },
    {
      "type": "Feature",
      "geometry": {
        "type": "Point",
        "coordinates": [
          -75.162432,
          39.956839
        ]
      },
      "properties": {
        "mural_name": "How to Turn Anything into Something Else",
        "artist": "Miss Rockaway Armada",
        "address": "207 N Broad St, Philadelphia, Pennsylvania, 19107, USA",
        "media": [
          "7c71e7aac957f991766ac08223d37c25",
          "f5a653ff2419592eca468faa376ee572"
        ]
      }
    },
    {
      "type": "Feature",
      "geometry": {
        "type": "Point",
        "coordinates": [
          -75.15274038725828,
          39.953962565698134
        ]
      },
      "properties": {
        "mural_name": "How We Fish",
        "artist": "Eric Okdeh",
        "address": "125 N 8th St, Philadelphia, Pennsylvania, 19106, USA",
        "media": [
          "5166387cd324d64cbf3a738f7ad1136c",
          "2da1cd7ef7ab7fd67573e5d627444d70",
          "ddd6c9183f0bff3f2bfd656af47e1894",
          "1c95a4161a092025922a0d7366bdec5d",
          "610d52b36e6d8affc7e00aae758ed60a",
          "64bfc16b9b40ab6956bda27a5cf6f093",
          "e37173482f46178be15f2537e98eba66",
          "64c722c1942ce076ea9e1e11c6d77a4a",
          "5f5032a5fa493bafad91aedd44e2b910",
          "862d7413d88763e593cefc9e96ed462b",
          "34349619949c6fc0faf01a8a7781efb5"
        ]
      }
    },
    {
      "type": "Feature",
      "geometry": {
        "type": "Point",
        "coordinates": [
          -75.14970496056924,
          39.98419355432999
        ]
      },
      "properties": {
        "mural_name": "Hummingbird and Paper Airplane",
        "artist": "Brad Carney",
        "address": "Diamond St & N 10th St, Philadelphia, Pennsylvania, 19122, USA",
        "media": [
          "32ff185cb61ab409b730f466b70a3b57",
          "d45dcc394279429957f0b1270c6eec38",
          "49826eb1e23bdc30d3a86e48a502202b",
          "ade79d8eaae8293c7659071bd3c7d880",
          "f57ebaa7085c4194e16d72c2fa02f846",
          "2349ae2b82624ecbf6466f153a1e5cd1",
          "2b1652d1927a8b4f3f55318392f9769e",
          "470367cc6cef8eb675677869f1a3bb45",
          "7559d7867d1adc092bb2530b02d79a82",
          "b94370b924edb95cd1db4eecb41a114c"
        ]
      }
    },
    {
      "type": "Feature",
      "geometry": {
        "type": "Point",
        "coordinates": [
          -75.13858147139246,
          39.99223429222281
        ]
      },
      "properties": {
        "mural_name": "Héroes Latinx",
        "artist": "Danny Torres",
        "address": "401 W Lehigh Ave, Philadelphia, Pennsylvania, 19133, USA",
        "media": [
          "00fc7fbf6da5800aae2a072b51686094",
          "3b60c5a0af03984c97bef2e39db3266f",
          "9c95ee5e3cb05534bd609c1f5a139c9b"
        ]
      }
    },
    {
      "type": "Feature",
      "geometry": {
        "type": "Point",
        "coordinates": [
          -75.1600373566262,
          39.96749066017029
        ]
      },
      "properties": {
        "mural_name": "I Am The Atlantic",
        "artist": "Josh Sarantitis",
        "address": "701 N Broad St, Philadelphia, Pennsylvania, 19123, USA",
        "media": [
          "fc4ed9fc414706579e8b48664fa23e3f",
          "afbad68574e50612fe1350eca8761053"
        ]
      }
    },
    {
      "type": "Feature",
      "geometry": {
        "type": "Point",
        "coordinates": [
          -75.14953367437852,
          39.94165115839503
        ]
      },
      "properties": {
        "mural_name": "I Can See the Stars Aligning by Akira Gordon, in conversation with The Time Is Always Now: Artists Reframe the Black Figure",
        "artist": "Akira Gordon",
        "address": "406 South St, Philadelphia, Pennsylvania, 19147, USA",
        "media": [
          "63cbfa3c67b5ba4f85df072c7e263006",
          "b11152f51e57165f391f62387c7b4ce6"
        ]
      }
    },
    {
      "type": "Feature",
      "geometry": {
        "type": "Point",
        "coordinates": [
          -75.17024904425543,
          39.98083688541498
        ]
      },
      "properties": {
        "mural_name": "I Had a Dream",
        "artist": "Efrain Herrera",
        "address": "2101 Cecil B Moore Ave, Philadelphia, Pennsylvania, 19121, USA",
        "media": [
          "013a4e53ba88281482ea6ebccbf32cbd"
        ]
      }
    },
    {
      "type": "Feature",
      "geometry": {
        "type": "Point",
        "coordinates": [
          -75.16940679051471,
          39.98452259572234
        ]
      },
      "properties": {
        "mural_name": "I Leave A Thirst For Education",
        "artist": "Cesar Viveros",
        "address": "2118 W Norris St, Philadelphia, Pennsylvania, 19121, USA",
        "media": [
          "0801c5d2d98a9aa2c36f6d7b19970444"
        ]
      }
    },
    {
      "type": "Feature",
      "geometry": {
        "type": "Point",
        "coordinates": [
          -75.17073015020799,
          39.94979023089742
        ]
      },
      "properties": {
        "mural_name": "If They Should Ask",
        "artist": "Sharon Hayes",
        "address": "210 W Rittenhouse Square, Philadelphia, Pennsylvania, 19103, USA",
        "media": [
          "1a4aa58f05340d564c9a4f2d8b22b9d1",
          "de05c34bcd7748953e8d07bac5f26b37",
          "100f8d1b8c04b5168316741e542db0f0",
          "a03e323cf9c45bbd0f64c645a9747072",
          "6a16a18691a3193a3583ed14f329750b",
          "ad03debcb79799180788ee14b7da2063",
          "98bd17a2150cad1e26f9f5793d8c41f1"
        ]
      }
    },
    {
      "type": "Feature",
      "geometry": {
        "type": "Point",
        "coordinates": [
          -75.16489794569098,
          39.94451328133786
        ]
      },
      "properties": {
        "mural_name": "If You Can Dream It, You Can Achieve It",
        "artist": "William Freeman",
        "address": "507 S Broad St, Philadelphia, Pennsylvania, 19147, USA",
        "media": [
          "7c0a7913165b143c57aed69a61d64b98",
          "e7727bc98a92ca045e10bc1025e74ae5"
        ]
      }
    },
    {
      "type": "Feature",
      "geometry": {
        "type": "Point",
        "coordinates": [
          -75.14864370192704,
          39.991408615239706
        ]
      },
      "properties": {
        "mural_name": "Ile Ife Guardian",
        "artist": "Lily Yeh",
        "address": "2554 Germantown Ave, Philadelphia, Pennsylvania, 19133, USA",
        "media": [
          "b26f14b1134a0a49f7bf69b4aa2e228d"
        ]
      }
    },
    {
      "type": "Feature",
      "geometry": {
        "type": "Point",
        "coordinates": [
          -75.13773565891367,
          39.99276302512548
        ]
      },
      "properties": {
        "mural_name": "Imagination the Seed of Change (East Wall)",
        "artist": "Betsy Z. Casañas",
        "address": "2736 N Orianna St, Philadelphia, Pennsylvania, 19134, USA",
        "media": [
          "43ec37ffaea9f5f3bec07c01d63ebf18",
          "b78038fda37299ecbe8cf0f019391c82",
          "655522250513336445cc96ac793ca5a9"
        ]
      }
    },
    {
      "type": "Feature",
      "geometry": {
        "type": "Point",
        "coordinates": [
          -75.13819112263394,
          39.99285034892316
        ]
      },
      "properties": {
        "mural_name": "Imagination the Seed of Change (West Wall)",
        "artist": "Betsy Z. Casañas",
        "address": "2735 N 4th Street, Philadelphia, Pennsylvania, 19133, USA",
        "media": [
          "86f59da87c41607644442175f1530e1c",
          "6bb9e683143e5f635da65039a09cbdc7",
          "cd103ae7d33603011c0817d7e6c7441f"
        ]
      }
    },
    {
      "type": "Feature",
      "geometry": {
        "type": "Point",
        "coordinates": [
          -75.22856577991874,
          39.9764641119358
        ]
      },
      "properties": {
        "mural_name": "Imagine Conestoga",
        "artist": "Margaret Kearney",
        "address": "5301 Media St, Philadelphia, Pennsylvania, 19131, USA",
        "media": [
          "0ddf893b154763fe385cd43f030e02a3",
          "327254c1113c54ba3bce476b12dd174a",
          "9ef55c950d3b1c0b874e4659f3e8b492",
          "f0efe28abbe7bc5c1b70b8c7cddad6f6",
          "0b11eee3cae551ee3ced6ac8c3b88c9f",
          "972e89a48c227640bfc4a8b68f6604b6",
          "a240d2a042f41581f5ec4afff7ca5777"
        ]
      }
    },
    {
      "type": "Feature",
      "geometry": {
        "type": "Point",
        "coordinates": [
          -75.18418064807446,
          40.05722137060831
        ]
      },
      "properties": {
        "mural_name": "Imagine That",
        "artist": "Felix St. Fort",
        "address": "6812 Chew Ave, Philadelphia, Pennsylvania, 19119, USA",
        "media": [
          "a77cbd345b8a6f75dc210db0d745011a",
          "97adab8fc6ad4c672f0ebd76bd438447",
          "60b612a65a01a9aab4ff4d493971f50f",
          "67f377da7526254df75820506ae69a31"
        ]
      }
    },
    {
      "type": "Feature",
      "geometry": {
        "type": "Point",
        "coordinates": [
          -75.16192997561988,
          39.95034432488495
        ]
      },
      "properties": {
        "mural_name": "Imagining a Modern Philadelphia",
        "artist": "Gaia",
        "address": "S 13th St & Drury St, Philadelphia, Pennsylvania, 19107, USA",
        "media": [
          "8034e4d46894e2d2934b82daf5693349"
        ]
      }
    },
    {
      "type": "Feature",
      "geometry": {
        "type": "Point",
        "coordinates": [
          -75.08689727556052,
          40.01349287174604
        ]
      },
      "properties": {
        "mural_name": "Imagining Frankford: Community",
        "artist": "Cesar Viveros",
        "address": "4428 Frankford Ave, Philadelphia, Pennsylvania, 19124, USA",
        "media": [
          "c237bb735e62cfcb985199d47d0ac435",
          "43631f860d90bffd210550a304f0536f",
          "85438aa967c759e58f249d3bbf91a151"
        ]
      }
    },
    {
      "type": "Feature",
      "geometry": {
        "type": "Point",
        "coordinates": [
          -75.09056562239,
          40.009194597428774
        ]
      },
      "properties": {
        "mural_name": "Imagining Frankford: History",
        "artist": "Cesar Viveros",
        "address": "4122-50 Kensington Ave, Philadelphia, Pennsylvania, 19124, USA",
        "media": [
          "1249d43f61e8166735450ab7e2a50c61",
          "391bfdd69dd006c42a22f85468d350d0"
        ]
      }
    },
    {
      "type": "Feature",
      "geometry": {
        "type": "Point",
        "coordinates": [
          -75.08896323957909,
          40.00984907203299
        ]
      },
      "properties": {
        "mural_name": "Imagining Frankford: Potential",
        "artist": "Cesar Viveros",
        "address": "4241 Frankford Ave, Philadelphia, Pennsylvania, 19124, USA",
        "media": [
          "4d29fb3ae72ce0a7feaef02073604a61",
          "69e9988a7558b4c2adc3dbff5cf9238c",
          "fffdc960e36dd132ffe5348a6a123f34"
        ]
      }
    },
    {
      "type": "Feature",
      "geometry": {
        "type": "Point",
        "coordinates": [
          -75.0892828242376,
          40.01010833058276
        ]
      },
      "properties": {
        "mural_name": "Imagining Frankford: Pride",
        "artist": "Cesar Viveros",
        "address": "4248 Frankford Ave, Philadelphia, Pennsylvania, 19124, USA",
        "media": [
          "03f2dc6d0c2f9d3907ecce9a8fc67f33",
          "69e9988a7558b4c2adc3dbff5cf9238c",
          "fffdc960e36dd132ffe5348a6a123f34"
        ]
      }
    },
    {
      "type": "Feature",
      "geometry": {
        "type": "Point",
        "coordinates": [
          -75.1492876410283,
          39.965588953345886
        ]
      },
      "properties": {
        "mural_name": "Immigration and the Dignity of Labor",
        "artist": "David McShane",
        "address": "810 N 7th St, Philadelphia, Pennsylvania, 19123, USA",
        "media": [
          "fc794fcfd136594bb11643048ba5e9bf",
          "b6ec5c94d7f7f9602dfc4e2df3f8d8a9",
          "b7f0b4df2ba686bd335d615683e09f56",
          "7950848049bde87c55a36cfaa645da92"
        ]
      }
    },
    {
      "type": "Feature",
      "geometry": {
        "type": "Point",
        "coordinates": [
          -75.12940323329067,
          39.99518674397177
        ]
      },
      "properties": {
        "mural_name": "Impact Veterans Project",
        "artist": "Kien Nguyen",
        "address": "124 E Indiana Ave, Philadelphia, Pennsylvania, 19134, USA",
        "media": [
          "8555dc39107eb7c8f1b6011ed6c24d77",
          "382fe423f55849e1e9cf4bf5d332286b"
        ]
      }
    },
    {
      "type": "Feature",
      "geometry": {
        "type": "Point",
        "coordinates": [
          -75.13230893937066,
          39.977815844372806
        ]
      },
      "properties": {
        "mural_name": "Impressions of the Delaware",
        "artist": "Beverly Fisher",
        "address": "1800 Blair St, Philadelphia, Pennsylvania, 19125, USA",
        "media": [
          "369163da882e71961e039cb5f769986c",
          "16509539c673ab6c79fbb3cf05aa6645",
          "50714266471e2813a0b5e66c1984a3a3",
          "7abebe009d99a0816829d0e7385b6f76",
          "00a7867c0f2d162de811824bc5428fa9",
          "bf221d3fe0d35ff97c1279b7071bda11",
          "1c19db29ced2b110c8865974773953e2",
          "6ce78c6fea862316992ff471e35acfb7",
          "4ea2a72915fd2cfcdf8d080a9768ec1b",
          "dd97c0c6fd570dbbe17661bee4730f16",
          "76b31876e5ca6f2c9c2ae3ca95ad3299",
          "81da086573a5eeeddf22346743f560d8",
          "2cebbf9069d78091bb27daa0d9a112bd",
          "187ef17ef6df4ea7053bf71a96fd9b20",
          "55f5d68cc7bf8a41eb38f781241739db",
          "c88098bcd5a6918bfd085abd36302039",
          "3eea0527a3a9be6ace684ad443f68a1d",
          "ca163f84f87da95f70c42dfd5149d444",
          "f37708a1ee67b50cdb01a2e5eace9a2d",
          "543638c1025aa0301e6275dcecf023b7"
        ]
      }
    },
    {
      "type": "Feature",
      "geometry": {
        "type": "Point",
        "coordinates": [
          -75.22572354485575,
          39.96014183294112
        ]
      },
      "properties": {
        "mural_name": "Improvisations",
        "artist": "Eliseo Art Silva",
        "address": "5240 Market St, Philadelphia, Pennsylvania, 19139, USA",
        "media": [
          "7413d8e78c691324aa8b5b7235ededce"
        ]
      }
    },
    {
      "type": "Feature",
      "geometry": {
        "type": "Point",
        "coordinates": [
          -75.16099137376578,
          39.981148042404776
        ]
      },
      "properties": {
        "mural_name": "In Living Memory: Those of Us Alive",
        "artist": "John Lewis",
        "address": "1810 N 16th St, Philadelphia, Pennsylvania, 19121, USA",
        "media": [
          "f1f6996d68fd10d887cbb91c54cdc5fa"
        ]
      }
    },
    {
      "type": "Feature",
      "geometry": {
        "type": "Point",
        "coordinates": [
          -75.19499116656867,
          39.95596118131924
        ]
      },
      "properties": {
        "mural_name": "In Majesty",
        "artist": "Oluwafemi",
        "address": "3624 Market St, Philadelphia, Pennsylvania, 19104, USA",
        "media": [
          "cea46877d3f6a18c6e1f884e4af7c24b",
          "c42a988528a182646399471010b9d859",
          "1a821822e5659e29a33e38cda463a6d5"
        ]
      }
    },
    {
      "type": "Feature",
      "geometry": {
        "type": "Point",
        "coordinates": [
          -75.12720859333702,
          39.971913977690264
        ]
      },
      "properties": {
        "mural_name": "In Memory of Freddy Adams",
        "artist": "David McShane",
        "address": "1202 E Montgomery Ave, Philadelphia, Pennsylvania, 19125, USA",
        "media": [
          "deaaf789e88c2a5008e0df2c2a0a9d2f",
          "51af10c7ce0229e1bbf3eba755e211b5"
        ]
      }
    },
    {
      "type": "Feature",
      "geometry": {
        "type": "Point",
        "coordinates": [
          -75.1460006160938,
          39.97223118813503
        ]
      },
      "properties": {
        "mural_name": "In Memory of Otis Thomas",
        "artist": "Robert Raven Rapisarda",
        "address": "1317 N 6th St, Philadelphia, Pennsylvania, 19122, USA",
        "media": [
          "fb631b925c3e19d36d9cf78e5e89e6de"
        ]
      }
    },
    {
      "type": "Feature",
      "geometry": {
        "type": "Point",
        "coordinates": [
          -75.14496474115961,
          40.032552210788076
        ]
      },
      "properties": {
        "mural_name": "In My Future",
        "artist": "Eric Okdeh",
        "address": "5201 Old York Rd, Philadelphia, Pennsylvania, 19141, USA",
        "media": [
          "c4eba30e6651a67bcfec911ef599ebd6",
          "07fc561e7dc791d433c97ce9ba4e04ef",
          "33c16a444dbce7356d5137caf0607181",
          "e1b306daeed8049395f6d613222125d4",
          "1cb1b2b8870f5f56bbff39d74019f52c",
          "84244c5dbaf6236380674b19d86cfe91"
        ]
      }
    },
    {
      "type": "Feature",
      "geometry": {
        "type": "Point",
        "coordinates": [
          -75.19786455842139,
          39.9744044039901
        ]
      },
      "properties": {
        "mural_name": "In Nature Nothing Exists Alone",
        "artist": "Eurhi Jones",
        "address": "3500 W Girard Ave, Philadelphia, Pennsylvania, 19104, USA",
        "media": [
          "7b57be54e8a6f86c89544cf07bcbbf0c",
          "3ed244b3d61e75ff2d9645dc26e51568"
        ]
      }
    },
    {
      "type": "Feature",
      "geometry": {
        "type": "Point",
        "coordinates": [
          -75.12807180682876,
          39.96654523204801
        ]
      },
      "properties": {
        "mural_name": "In Perpetuity",
        "artist": "Duane Linklater",
        "address": "1301 N Beach St, Philadelphia, Pennsylvania, 19125, USA",
        "media": [
          "0cefed083675a8f25a969e21ad143755",
          "4fa0f37f4c32a99e96aa214b2e86c82b",
          "130790e0fb1bc0958ce6d46838c83b5d",
          "dbfc17782670253533e43b53e92fc305",
          "8a8e88fb42eee2d772dd3aac80efb319",
          "6f3b448a1384777ce3ac9a196a8f8528"
        ]
      }
    },
    {
      "type": "Feature",
      "geometry": {
        "type": "Point",
        "coordinates": [
          -75.21805908535919,
          39.92854337060485
        ]
      },
      "properties": {
        "mural_name": "In Search of the Mustard Seed, Combatting Gun Violence",
        "artist": "Parris Stancell",
        "address": "2601 S 58th St, Philadelphia, Pennsylvania, 19143, USA",
        "media": [
          "fe6cb544cb81de96dc5b3ebe410450e5",
          "817894a0a124302a97a5cd04bfaaf3bd",
          "40d3575dead422312c8d323a49e309c7"
        ]
      }
    },
    {
      "type": "Feature",
      "geometry": {
        "type": "Point",
        "coordinates": [
          -75.18428507425517,
          39.99455400180775
        ]
      },
      "properties": {
        "mural_name": "In the Presence of a Peaceful Place (East Wall)",
        "artist": "Parris Stancell",
        "address": "2456 N 32nd St, Philadelphia, Pennsylvania, 19132, USA",
        "media": [
          "5e736928e2483dded0b99685770d071f",
          "983bb5015a5c640ce86d2b7ea70cfd4e"
        ]
      }
    },
    {
      "type": "Feature",
      "geometry": {
        "type": "Point",
        "coordinates": [
          -75.18453224541989,
          39.9946527764749
        ]
      },
      "properties": {
        "mural_name": "In the Presence of a Peaceful Place (West Wall)",
        "artist": "Parris Stancell",
        "address": "2463 N Natrona St, Philadelphia, Pennsylvania, 19132, USA",
        "media": [
          "dc6bbf1dde1f33d3349cc983c1b66b99",
          "983bb5015a5c640ce86d2b7ea70cfd4e"
        ]
      }
    },
    {
      "type": "Feature",
      "geometry": {
        "type": "Point",
        "coordinates": [
          -75.14297184307732,
          39.96129807632939
        ]
      },
      "properties": {
        "mural_name": "In the Shadow of the Wood",
        "artist": "Paul Santoleri",
        "address": "537 N 3rd St, Philadelphia, Pennsylvania, 19123, USA",
        "media": [
          "447bf9213b21c266e03b72247e4c598b"
        ]
      }
    },
    {
      "type": "Feature",
      "geometry": {
        "type": "Point",
        "coordinates": [
          -75.1631807062696,
          39.957025789302556
        ]
      },
      "properties": {
        "mural_name": "Independence Starts Here",
        "artist": "Donald Gensler",
        "address": "216 N Broad St, Philadelphia, Pennsylvania, 19107, USA",
        "media": [
          "e6a56bd3129c1df386124706a920fd01",
          "bdbc5fe84952ca08e5e24b5c2a265188"
        ]
      }
    },
    {
      "type": "Feature",
      "geometry": {
        "type": "Point",
        "coordinates": [
          -75.18502848986053,
          39.97776038016825
        ]
      },
      "properties": {
        "mural_name": "Industrial Dreams of Brewerytown Past Mural",
        "artist": "Michael Konrad",
        "address": "1363 N 31st St, Philadelphia, Pennsylvania, 19121, USA",
        "media": [
          "99060520a9928fa31194441a91f5d7f9",
          "6360196f41357ce731205a188266dec2"
        ]
      }
    },
    {
      "type": "Feature",
      "geometry": {
        "type": "Point",
        "coordinates": [
          -75.171183,
          39.961705
        ]
      },
      "properties": {
        "mural_name": "Industrious Light: Baldwin Locomotive Works",
        "artist": "Phillip Adams",
        "address": "417 N 20th St, Philadelphia, Pennsylvania, 19130, USA",
        "media": [
          "1dfb4dc403707acd8220a03547b677f7",
          "d4f3690cc8515a71adcb10148684bd9b"
        ]
      }
    },
    {
      "type": "Feature",
      "geometry": {
        "type": "Point",
        "coordinates": [
          -75.186019,
          39.977857
        ]
      },
      "properties": {
        "mural_name": "Industrious Light: Brewerytown",
        "artist": "Phillip Adams",
        "address": "1401 N 31st St, Philadelphia, Pennsylvania, 19121, USA",
        "media": [
          "d97ece3cf2e7d7cc92b96dac7f60920c"
        ]
      }
    },
    {
      "type": "Feature",
      "geometry": {
        "type": "Point",
        "coordinates": [
          -75.163243,
          39.938832
        ]
      },
      "properties": {
        "mural_name": "Industrious Light: Leviathan Main Belting",
        "artist": "Phillip Adams",
        "address": "1241 Carpenter St, Philadelphia, Pennsylvania, 19147, USA",
        "media": [
          "65824f32130cc13035b3f425c8ff68a4",
          "46496858b638b1bdc12810096ce201ef"
        ]
      }
    },
    {
      "type": "Feature",
      "geometry": {
        "type": "Point",
        "coordinates": [
          -75.22446344707664,
          40.026102452873694
        ]
      },
      "properties": {
        "mural_name": "Industrious Light: Manayunk Canal",
        "artist": "Phillip Adams",
        "address": "4373 Main St, Philadelphia, Pennsylvania, 19127, USA",
        "media": [
          "be82be762277b8866244f6fab87845bd",
          "88e9f6d0283df46e6af183d133e1bd64"
        ]
      }
    },
    {
      "type": "Feature",
      "geometry": {
        "type": "Point",
        "coordinates": [
          -75.14206108488774,
          39.96475328579464
        ]
      },
      "properties": {
        "mural_name": "Industrious Light: Ortlieb's Brewery",
        "artist": "Phillip Adams",
        "address": "847 N 3rd Street, Philadelphia, Pennsylvania, 19123, USA",
        "media": [
          "64d6c93965389077c43a6ec45631dc4e",
          "5a3598195e051a64a3274be27c0081ff",
          "6d60dcb1a900ca1bfc0ecc61ebe59af5",
          "389d7f7721fea3d1538ed718c8e01ccf",
          "c07c5115339852360796c1dd2e9fba29"
        ]
      }
    },
    {
      "type": "Feature",
      "geometry": {
        "type": "Point",
        "coordinates": [
          -75.127139,
          39.982362
        ]
      },
      "properties": {
        "mural_name": "Industrious Light: Rowhouse Spirits",
        "artist": "Phillip Adams",
        "address": "2430 Frankford Ave  , Philadelphia, Pennsylvania, 19125, USA",
        "media": [
          "856da939b2d05ed9c402d7cda19e70a8"
        ]
      }
    },
    {
      "type": "Feature",
      "geometry": {
        "type": "Point",
        "coordinates": [
          -75.21133497191153,
          40.0169097147173
        ]
      },
      "properties": {
        "mural_name": "Industrious Light: Wilde Mill Yarns",
        "artist": "Phillip Adams",
        "address": "3715 Main St, Philadelphia, Pennsylvania, 19127, USA",
        "media": [
          "2d53eaa8a4a713c864cefdcff9eaae40",
          "cf508d1ad7f69edb84c7f0455b2630a3",
          "2c8f2a432ce0c86c751c93c4b5c7c226",
          "608ed2e24589bdc1b48c062590c9956b",
          "608ed2e24589bdc1b48c062590c9956b",
          "836fef132813925e7afc6e325cebb0d3",
          "f554c9c6ce422ba51563b8b102e2c227",
          "a1da7af4a39951d6e08424cf449d665a",
          "af4c174ad4a4e89d3dbf4d8ba735778b",
          "67cccb6ac14314e9f5da80d9f28fa443",
          "987ebdbce7726728391614fd7ee49c81"
        ]
      }
    },
    {
      "type": "Feature",
      "geometry": {
        "type": "Point",
        "coordinates": [
          -75.1791683512893,
          40.00918336934546
        ]
      },
      "properties": {
        "mural_name": "Ingenuity",
        "artist": "Jared Bader",
        "address": "3101 Henry Ave, Philadelphia, Pennsylvania, 19129, USA",
        "media": [
          "ad6f9c55127640c2a76e991f7742e661"
        ]
      }
    },
    {
      "type": "Feature",
      "geometry": {
        "type": "Point",
        "coordinates": [
          -75.16298501995395,
          39.93725604198505
        ]
      },
      "properties": {
        "mural_name": "Inheritors of the Dragon",
        "artist": "Mike Smash",
        "address": "1130 Washington Ave, Philadelphia, Pennsylvania, 19147, USA",
        "media": [
          "4b95d8ab1d554b6a90a4e2f4ea5f0a49"
        ]
      }
    },
    {
      "type": "Feature",
      "geometry": {
        "type": "Point",
        "coordinates": [
          -75.16819114438333,
          39.980068951195406
        ]
      },
      "properties": {
        "mural_name": "Inner Peace",
        "artist": "Jason Slowik",
        "address": "2036 Cecil B Moore Ave, Philadelphia, Pennsylvania, 19121, USA",
        "media": [
          "47df9d093282c316059f1e5263bee616",
          "e7d5a2b77e852f0690e3e374374a428f"
        ]
      }
    },
    {
      "type": "Feature",
      "geometry": {
        "type": "Point",
        "coordinates": [
          -75.15497063143953,
          39.939028653850094
        ]
      },
      "properties": {
        "mural_name": "Innovation Lights the Way",
        "artist": "Samantha (Sammy) Kovnat (SKOVeS)",
        "address": "704 Catharine St, Philadelphia, Pennsylvania, 19147, USA",
        "media": [
          "902500b7734dbfcfbb29d4bea3496f14",
          "01738a91922382adb4b274d7f7ee008e"
        ]
      }
    },
    {
      "type": "Feature",
      "geometry": {
        "type": "Point",
        "coordinates": [
          -75.16943029781244,
          39.950956796364
        ]
      },
      "properties": {
        "mural_name": "Inside Out/Dreamers in Philadelphia",
        "artist": "JR",
        "address": "1748 Sansom St, Philadelphia, Pennsylvania, 19103, USA",
        "media": [
          "6369242f172e61c755975ea06b6e856e",
          "d42c55384051e4657f41732b03137979",
          "e4571b4e325435b98d6ea7970ac950e3",
          "6dc9388fe4f6cc825c2ca2064b860c37",
          "2b82a67b4d23c917dc2abb0d522fe819",
          "05c58f39b9187a4bda4949d05e8a9993",
          "40220b3388f189f53adf2538f7ac42a1",
          "4e72ba1901dad009ba61810ae61a7570",
          "82deab50755ebec5fb935876ed276200"
        ]
      }
    },
    {
      "type": "Feature",
      "geometry": {
        "type": "Point",
        "coordinates": [
          -75.15741174493033,
          39.960740896413114
        ]
      },
      "properties": {
        "mural_name": "Inside Outside",
        "artist": "Sarah McEneany",
        "address": "1123 Hamilton St, Philadelphia, Pennsylvania, 19123, USA",
        "media": [
          "c4b55a08a303700d0d83790ede170b0b"
        ]
      }
    },
    {
      "type": "Feature",
      "geometry": {
        "type": "Point",
        "coordinates": [
          -75.18116932214559,
          40.01144797851643
        ]
      },
      "properties": {
        "mural_name": "Inspirations",
        "artist": "Cesar Viveros",
        "address": "3232 Henry Ave, Philadelphia, Pennsylvania, 19129, USA",
        "media": [
          "bc392b3b749ba84c9125dc3eb4254c27",
          "43194f15b73a4b9eadb7e4e1c4beae6d",
          "97c3e71dcb244c4daca6c7ba59186e01",
          "a485bb9394a6cfe4cbd82a599a2f8c68",
          "a94477516e80f4ace45562a3aa1ac130",
          "1fda40a169946e4f4fd18748294262e4",
          "f525de7435c03cd6b1af8ea7d4b4f34b",
          "0b6f2565ceec7b3218aed11bdea6bc3f",
          "81eadf56b7ab0925163f6f6695fb1553",
          "c06b0f1542b2ae842a7f26f2ea2e7744"
        ]
      }
    },
    {
      "type": "Feature",
      "geometry": {
        "type": "Point",
        "coordinates": [
          -76.88011075783552,
          40.262072059428476
        ]
      },
      "properties": {
        "mural_name": "Inspiring Students to Become Productive Life Long  Learners",
        "artist": "Cesar Viveros",
        "address": "336 Market St, Harrisburg, Pennsylvania, 17101, USA",
        "media": [
          "d6b7589c66581176a168d40c80b30678"
        ]
      }
    },
    {
      "type": "Feature",
      "geometry": {
        "type": "Point",
        "coordinates": [
          -75.12650095045002,
          39.98123116321234
        ]
      },
      "properties": {
        "mural_name": "Inspiring Young Minds to Dream Big",
        "artist": "David McShane",
        "address": "2161 E York St, Philadelphia, Pennsylvania, 19125, USA",
        "media": [
          "492abdb0d11dcd1f6e9aa68ef0049e2c",
          "4e5f98d72f4fe5b40c0e88eb827b63f6",
          "d916a2b95300a553517dbd44c4a6a077",
          "de9b623487a11d685d83f77f1f80ea19",
          "3eddec8c106ae41afaa6b434ce177eeb",
          "64e150b3a02b7b1ef54dd0eb01f25f8a",
          "9419b27c74d5f6d08bd4ba086ceb0874",
          "655641956f5a046a0ddef1cb567adbbb",
          "99bbb92d8b0efb40d98f32df5b88a736",
          "9cff0c045b4ab048a0e60ae1f9586865",
          "4e0691d5dae96052e0156a4f1834edce",
          "e305f2967b08079dda91e8e861708828",
          "622c77a85b7caa34ccaff9dc98a653fe",
          "ed853d480f1aa8cc93750e3f6d1166d7",
          "6abb5071496e6abbd8805902f800c69d",
          "94b83cfcc2d4f5fdbe51186493c5ee43",
          "cb77ca7f3b1ebe26efc8a6638e1cbb71",
          "81061aa3dca6bfeb841ed5383e54c416"
        ]
      }
    },
    {
      "type": "Feature",
      "geometry": {
        "type": "Point",
        "coordinates": [
          -75.14640719281503,
          39.92117047369477
        ]
      },
      "properties": {
        "mural_name": "Instruction Sight",
        "artist": "Isaac Lin",
        "address": "10 Snyder Ave, Philadelphia, Pennsylvania, 19148, USA",
        "media": [
          "c6938b25ca34f7dc512dfc4ea0d848ea",
          "e8afa3a05418d60a5fd32ef46538d986",
          "f58ec8e349574afac61d7d12f5f5af33",
          "c00d467926a9c217d9945e9c87018279",
          "782e494c4d8a5cad4eaac65dda7ce5e5",
          "9e2bfc291892e41ee01c9ac97337f0e4",
          "469c3e78d65fdd144d90e0f36f8d6e9c"
        ]
      }
    },
    {
      "type": "Feature",
      "geometry": {
        "type": "Point",
        "coordinates": [
          -75.19625701778034,
          39.95700563025121
        ]
      },
      "properties": {
        "mural_name": "Interconnection",
        "artist": "Melinda Beck",
        "address": "3701 Market St, Philadelphia, Pennsylvania, 19104, USA",
        "media": [
          "34389fdaaf374661ba74d0889f34c323",
          "f2d5de2a16fd63af74a9c61513f391b3",
          "55800a6a3dce673574b0193859d3f503",
          "9465d1320d4b829bb1e11cd07ba566c7",
          "50bdb0eee6d15d745b855c806afe5186",
          "affad976fc09068549ca2d555a09baa7",
          "ecdc132ec85e0c3a9d5c58ed8069436b"
        ]
      }
    },
    {
      "type": "Feature",
      "geometry": {
        "type": "Point",
        "coordinates": [
          -75.12650095045002,
          39.98123116321234
        ]
      },
      "properties": {
        "mural_name": "Interlacings",
        "artist": "Juan Dimida",
        "address": "2161 E York St, Philadelphia, Pennsylvania, 19125, USA",
        "media": [
          "dfae097df576effeb2009e93f3733ab9"
        ]
      }
    },
    {
      "type": "Feature",
      "geometry": {
        "type": "Point",
        "coordinates": [
          -75.16596563267733,
          39.98628459829587
        ]
      },
      "properties": {
        "mural_name": "Into the Garden",
        "artist": "Ana Uribe",
        "address": "1939 W Diamond St, Philadelphia, Pennsylvania, 19121, USA",
        "media": [
          "ba48226afffc002745712af33c563734"
        ]
      }
    },
    {
      "type": "Feature",
      "geometry": {
        "type": "Point",
        "coordinates": [
          -75.1579797602749,
          39.96221035254104
        ]
      },
      "properties": {
        "mural_name": "Invest in Love for the Best Returns",
        "artist": "Steve Powers, aka ESPO",
        "address": "1201 Spring Garden St, Philadelphia, Pennsylvania, 19123, USA",
        "media": [
          "4d6f7204fdb4ba187d0925a122c2b040",
          "42d47af6e80e8415087e4b0b85ceb13b",
          "be556c2e6241511e8adc2e3b24a6c7c4",
          "87f17703f869b9959e69540643495c1d",
          "697a10f4dc002f49549b2249c23d3472",
          "c73264eff04e02b04f20a52a8ee45152",
          "ab2e8a734e36617f702ec9010457b306",
          "cb0a891a67b706606b495524be6b5731",
          "7dc6f50516b817e0cbf7f4079fe9c823",
          "192e6b4b7e86aca1d87e861bfe01debb"
        ]
      }
    },
    {
      "type": "Feature",
      "geometry": {
        "type": "Point",
        "coordinates": [
          -75.13142700260204,
          39.97804919346604
        ]
      },
      "properties": {
        "mural_name": "Invisible Avenue: An Exploration in Color",
        "artist": "Brad Carney",
        "address": "1834 Frankford Ave, Philadelphia, Pennsylvania, 19125, USA",
        "media": [
          "c144ce60adc5ac6c3c05c2058d546c65",
          "b19c7d2bc5f543507ff9661a615ac020",
          "99664ab8da3fc7b99a8625ef94a6de1d"
        ]
      }
    },
    {
      "type": "Feature",
      "geometry": {
        "type": "Point",
        "coordinates": [
          -75.142046358763,
          39.96992313922553
        ]
      },
      "properties": {
        "mural_name": "Island Landscape",
        "artist": "Ana Uribe",
        "address": "340 W Girard Ave, Philadelphia, Pennsylvania, 19123, USA",
        "media": [
          "0cfdb2b6f78125a90af38da1d8cefec0"
        ]
      }
    },
    {
      "type": "Feature",
      "geometry": {
        "type": "Point",
        "coordinates": [
          -75.12862044307597,
          40.00008857348161
        ]
      },
      "properties": {
        "mural_name": "It has to be from here, forgotten but unshaken . . .",
        "artist": "Betsy Z. Casañas",
        "address": "3263 N Front Street, Philadelphia, Pennsylvania, 19140, USA",
        "media": [
          "134e0f10b6bfdc575d66c5704853b58e",
          "f9ee1639f5b0d6a291c20402f904610f",
          "5ab6fb9bcfa87a734aab30b1b1afec19",
          "85d95fb1daa2fbe516520d0cc011f249"
        ]
      }
    },
    {
      "type": "Feature",
      "geometry": {
        "type": "Point",
        "coordinates": [
          -75.20678352975132,
          40.02275284827294
        ]
      },
      "properties": {
        "mural_name": "It Takes a Village to Raise a Child",
        "artist": "Cesar Viveros",
        "address": "201 E Salaignac St, Philadelphia, Pennsylvania, 19128, USA",
        "media": [
          "dc2678080aeff571f437fb76c1823711"
        ]
      }
    },
    {
      "type": "Feature",
      "geometry": {
        "type": "Point",
        "coordinates": [
          -75.24435561651705,
          39.95552933678312
        ]
      },
      "properties": {
        "mural_name": "It Takes One Person: Tribute to Rosa Parks",
        "artist": "Eric Okdeh",
        "address": "412 S 61st St, Philadelphia, Pennsylvania, 19143, USA",
        "media": [
          "c09463f26c813bdf3786ac39bd45e343",
          "0d5c4e085a8775ceb46b9c8e2ea81fe2",
          "1394f5f487a57a77bfffe485ef1716a3",
          "4fc28292e8f53c041c680b6e5ee10cbd",
          "82dccfc5bbc38aa32ae91b8e725666d7",
          "dfeaec8dfdc43d9ccaf77a0c91700aeb"
        ]
      }
    },
    {
      "type": "Feature",
      "geometry": {
        "type": "Point",
        "coordinates": [
          -75.183627,
          40.048989
        ]
      },
      "properties": {
        "mural_name": "It's All About Community",
        "artist": "Jonathan Laidacker",
        "address": "6531 Germantown Ave, Philadelphia, Pennsylvania, 19119, USA",
        "media": [
          "a115f3f57ed0bd3a1357ad65fa1a0e87"
        ]
      }
    },
    {
      "type": "Feature",
      "geometry": {
        "type": "Point",
        "coordinates": [
          -75.12363088653505,
          39.97529341926539
        ]
      },
      "properties": {
        "mural_name": "Italian Landscape",
        "artist": "Diane Keller",
        "address": "2606 E Dauphin St, Philadelphia, Pennsylvania, 19125, USA",
        "media": [
          "6a4a481ff745205373e242d351b0bf36"
        ]
      }
    },
    {
      "type": "Feature",
      "geometry": {
        "type": "Point",
        "coordinates": [
          -75.13508166027474,
          39.96574238317854
        ]
      },
      "properties": {
        "mural_name": "James Baldwin",
        "artist": "Nilé Livingston",
        "address": "29 E Allen St, Philadelphia, Pennsylvania, 19123, USA",
        "media": [
          "0a5ae25c2e789c3c77f42062e7d8195b",
          "fa4c829f81b2cedc8a190a171315c7f3"
        ]
      }
    },
    {
      "type": "Feature",
      "geometry": {
        "type": "Point",
        "coordinates": [
          -75.16583849728224,
          39.940136906496086
        ]
      },
      "properties": {
        "mural_name": "Japanese Rock Garden",
        "artist": "Patricia Ingersoll",
        "address": "809 S Broad St, Philadelphia, Pennsylvania, 19147, USA",
        "media": [
          "08593cd53281e9e1e7df48d1e635c79b"
        ]
      }
    },
    {
      "type": "Feature",
      "geometry": {
        "type": "Point",
        "coordinates": [
          -75.2233646340038,
          39.97360846193295
        ]
      },
      "properties": {
        "mural_name": "Jazz on Farson Street",
        "artist": "Parris Stancell",
        "address": "1303 Farson St, Philadelphia, Pennsylvania, 19131, USA",
        "media": [
          "d2e09bb18956ec6b0ff37236e749fbef"
        ]
      }
    },
    {
      "type": "Feature",
      "geometry": {
        "type": "Point",
        "coordinates": [
          -75.20319476931702,
          40.07517583818054
        ]
      },
      "properties": {
        "mural_name": "Jenks School interior mural (title unknown)",
        "artist": "Jane Degenhardt-Kutzer",
        "address": "8301 Germantown Ave, Philadelphia, Pennsylvania, 19118, USA",
        "media": [
          "d3a8b8032802f2136c52124050a1adcf",
          "a5bebd6376912e114a83c221a65caa00"
        ]
      }
    },
    {
      "type": "Feature",
      "geometry": {
        "type": "Point",
        "coordinates": [
          -75.12672487746921,
          39.992651559316954
        ]
      },
      "properties": {
        "mural_name": "Jesus said . . . Let the children come to me",
        "artist": "Steve Lefkowitz",
        "address": "2816 B St, Philadelphia, Pennsylvania, 19134, USA",
        "media": [
          "d9110cec7665151d6ff5b9f3af2850e4"
        ]
      }
    },
    {
      "type": "Feature",
      "geometry": {
        "type": "Point",
        "coordinates": [
          -75.19445614675632,
          39.964970277319146
        ]
      },
      "properties": {
        "mural_name": "Jewels of Mantua (North Wall)",
        "artist": "Shira Walinsky",
        "address": "641 N 36th St, Philadelphia, Pennsylvania, 19104, USA",
        "media": [
          "c62bae436547ecf97ef86600cfc60ff0"
        ]
      }
    },
    {
      "type": "Feature",
      "geometry": {
        "type": "Point",
        "coordinates": [
          -75.19438400260249,
          39.96483644672412
        ]
      },
      "properties": {
        "mural_name": "Jewels of Mantua (South Wall)",
        "artist": "Shira Walinsky",
        "address": "631 N 36th St, Philadelphia, Pennsylvania, 19104, USA",
        "media": [
          "1f8baf594202039931b5c446bba75c76"
        ]
      }
    },
    {
      "type": "Feature",
      "geometry": {
        "type": "Point",
        "coordinates": [
          -75.13977057301243,
          39.9956126787218
        ]
      },
      "properties": {
        "mural_name": "Jibaros (2865 North 5th Street)",
        "artist": "Carlos \"Calo\" Rosa",
        "address": "2860 N 5th St, Philadelphia, Pennsylvania, 19133, USA",
        "media": [
          "2d95b6d592f00c5a195bdf8816fd3079",
          "e1a072a6de7ec9f1aeaf2dcdf90203d2"
        ]
      }
    },
    {
      "type": "Feature",
      "geometry": {
        "type": "Point",
        "coordinates": [
          -75.13969618774892,
          39.99542704202886
        ]
      },
      "properties": {
        "mural_name": "Jibaros (2900 North 5th Street)",
        "artist": "Carlos \"Calo\" Rosa",
        "address": "2900 N 5th St, Philadelphia, Pennsylvania, 19133, USA",
        "media": [
          "85dd3721432022d419a4ddcca25db03a",
          "707e71c6cf6360fde1702586ab08812c",
          "b27f1b09fae89b44483677ee0d38b750",
          "990ae833fd960365288fcab580578a29"
        ]
      }
    },
    {
      "type": "Feature",
      "geometry": {
        "type": "Point",
        "coordinates": [
          -75.2335464702651,
          39.92175569091152
        ]
      },
      "properties": {
        "mural_name": "John Bartram High School entryway mosaic",
        "artist": "Josh Sarantitis",
        "address": "2401 S 67th St, Philadelphia, Pennsylvania, 19142, USA",
        "media": [
          "656993ed6b6c5eeeff9cbc200de686dc"
        ]
      }
    },
    {
      "type": "Feature",
      "geometry": {
        "type": "Point",
        "coordinates": [
          -75.24640195153005,
          39.95881195403423
        ]
      },
      "properties": {
        "mural_name": "Johnny Sample Memorial Mural",
        "artist": "Nathaniel Lee",
        "address": "280 Cobbs Creek Pkwy, Philadelphia, Pennsylvania, 19139, USA",
        "media": [
          "178574202a156bfe6b928f0847be0234",
          "b52081b363b37a1eff204bdbedbb1298"
        ]
      }
    },
    {
      "type": "Feature",
      "geometry": {
        "type": "Point",
        "coordinates": [
          -75.15120573877253,
          39.96610284413986
        ]
      },
      "properties": {
        "mural_name": "Journey from South Africa",
        "artist": "Duduzile Mahlangu",
        "address": "800 N 8th St, Philadelphia, Pennsylvania, 19123, USA",
        "media": [
          "8f4480e3ef22f01abbff15f621c27eec",
          "e91072c896c8802b5e513af04177b7db"
        ]
      }
    },
    {
      "type": "Feature",
      "geometry": {
        "type": "Point",
        "coordinates": [
          -75.20585516656834,
          39.96596202836405
        ]
      },
      "properties": {
        "mural_name": "journey2home",
        "artist": "Ernel Martinez",
        "address": "4119 Lancaster Ave, Philadelphia, Pennsylvania, 19104, USA",
        "media": [
          "be130dcbe9508e4a41764e9d49bbafa4"
        ]
      }
    },
    {
      "type": "Feature",
      "geometry": {
        "type": "Point",
        "coordinates": [
          -75.13754130702728,
          39.99217077514342
        ]
      },
      "properties": {
        "mural_name": "Juan Antonio Corretjer",
        "artist": "Elizam Escobar",
        "address": "317 W Lehigh Ave, Philadelphia, Pennsylvania, 19133, USA",
        "media": [
          "045cf2340bae23eb5e10a69f838f9b64",
          "e76824534ff3eb672c715bc795b8839c",
          "37fbbcc67fa51a5909afcf8c5c833128",
          "76aecb6b5e521ec74d2e90fc8cad71ed",
          "da01389b21e820aa0a2c9102535d83d5",
          "c276f376368b392414004c105714aa2f"
        ]
      }
    },
    {
      "type": "Feature",
      "geometry": {
        "type": "Point",
        "coordinates": [
          -75.1791656179479,
          39.94124028073657
        ]
      },
      "properties": {
        "mural_name": "Julian Abele",
        "artist": "Michael Webb",
        "address": "2132 Montrose St, Philadelphia, Pennsylvania, 19146, USA",
        "media": [
          "fe85ffc01cfa9a0e15da99cee928f9c9",
          "4fcc4b1e545d0750c173584e44441f64"
        ]
      }
    },
    {
      "type": "Feature",
      "geometry": {
        "type": "Point",
        "coordinates": [
          -75.1736573506661,
          39.97003498379331
        ]
      },
      "properties": {
        "mural_name": "Jungle Joy",
        "artist": "Cathleen Hughes",
        "address": "2201 Brown St, Philadelphia, Pennsylvania, 19130, USA",
        "media": [
          "19f8a713314c1d6694fd94f592ad9cf6",
          "bd23a5507b0200629fc3f3e292de8017"
        ]
      }
    },
    {
      "type": "Feature",
      "geometry": {
        "type": "Point",
        "coordinates": [
          -75.20020404434166,
          39.962369994283364
        ]
      },
      "properties": {
        "mural_name": "Just Before Fall",
        "artist": "James Burns",
        "address": "3911 Lancaster Ave, Philadelphia, Pennsylvania, 19104, USA",
        "media": [
          "c1cf9d8c9ec7d5dc041be8e768ff5404"
        ]
      }
    },
    {
      "type": "Feature",
      "geometry": {
        "type": "Point",
        "coordinates": [
          -75.13508166027474,
          39.96574238317854
        ]
      },
      "properties": {
        "mural_name": "Just Like Music",
        "artist": "Faysal Adger",
        "address": "29 E Allen St, Philadelphia, Pennsylvania, 19123, USA",
        "media": [
          "e4bfab228a29eddfb46f0a27a0861e4c",
          "8b90cd4ce1e3094f619e8dbc642470bc",
          "e8acc24837a0b6d3e4969a94c8d0dd1c",
          "2fd172dfbfca60f204dc4c7ac89947aa",
          "77c3cbb94cd409994332acaa147b454d",
          "0e91ef6cb47182a19a40052bd084e847",
          "15c0027188681fd665f16f4352ef120f"
        ]
      }
    },
    {
      "type": "Feature",
      "geometry": {
        "type": "Point",
        "coordinates": [
          -75.1690477,
          39.9654291
        ]
      },
      "properties": {
        "mural_name": "K-Town Lab (Mobile Murals)",
        "artist": "Ru8icon1",
        "address": "1727-29 Mt. Vernon Street, Philadelphia, Pennsylvania, 19107, USA",
        "media": [
          "247620fc2394b685b91878b35949c5f9",
          "c733ddad36c21a54ff5fc6b05204161e",
          "db185370efb3297b24fa506797877ca5",
          "dcbc8db5b0058ea4b11df0ed48871c02",
          "dbb99fab23fc3c6435dabe5bd5fabc6b",
          "198870f7c94ec35d6056e6986ec71ade",
          "cef853adde9bea6445c6e6d79f0b20be",
          "efd7b9e2c59fb553b5cab5b4bc6ab3cb",
          "ab46d43909c3470064f0be3f2e77a3af",
          "0a7052171ea388b8bc204693c867221b",
          "f27f6516b95e14898850b8b533a5c4fb",
          "2ec701a0a3bdf054cc26bd594c076a3c",
          "64ec77388efc1a8907652c39a680b97f"
        ]
      }
    },
    {
      "type": "Feature",
      "geometry": {
        "type": "Point",
        "coordinates": [
          -75.14991013668379,
          39.940055297143395
        ]
      },
      "properties": {
        "mural_name": "Kaleidoscope of Learning",
        "artist": "Anat Ben-Zvi",
        "address": "412 Monroe St, Philadelphia, Pennsylvania, 19147, USA",
        "media": [
          "4cad5a2742ce9476f52d52594ba6b17f"
        ]
      }
    },
    {
      "type": "Feature",
      "geometry": {
        "type": "Point",
        "coordinates": [
          -75.1623976872068,
          40.02664216587286
        ]
      },
      "properties": {
        "mural_name": "Kalpavriksha: The Tree of Life",
        "artist": "Michelle Oosterbaan",
        "address": "74 W Rockland St, Philadelphia, Pennsylvania, 19144, USA",
        "media": [
          "8d0d60521cd1f4875f1976f91eae13f0"
        ]
      }
    },
    {
      "type": "Feature",
      "geometry": {
        "type": "Point",
        "coordinates": [
          -75.15670671609415,
          39.96099242531167
        ]
      },
      "properties": {
        "mural_name": "KATZ! \"One Human's Trash is Another's Treasure\"",
        "artist": "Candy Coated, aka Candy Depew",
        "address": "1103 Ridge Ave, Philadelphia, Pennsylvania, 19123, USA",
        "media": [
          "ee063f30f6f93a34d7f9d4d594836afa",
          "2fb8122a03ff28b84d2f194c64f63c26",
          "451cdd2292775a53733045839c8c7167"
        ]
      }
    },
    {
      "type": "Feature",
      "geometry": {
        "type": "Point",
        "coordinates": [
          -75.17228219148564,
          39.92327367570691
        ]
      },
      "properties": {
        "mural_name": "Keeping Kids Safe",
        "artist": "Jonathan Laidacker",
        "address": "2201 S 16th St, Philadelphia, Pennsylvania, 19145, USA",
        "media": [
          "338258f1e91a3079ca5a863cab25dad3",
          "86f87506ff1c225cef3f240a6808eeac",
          "a9123eb903582ed20174678a07fc468c",
          "da93c7b4dcb09ce61160927f9db33302",
          "3dc952f6ead104f07d8aa0b0c09c26ed",
          "f9d5943b25a35e5dc16b24706a4f3ca8",
          "79ec44a66891cbc60c48722a45b9bbc6",
          "c482d8c61488140560b40f001f34fa67",
          "a85317a1f9e65f6309cd5c4c0f8487a8",
          "3e8afab52263afbfd877b03c2809a714",
          "7e92149538ffc3f00ec1c58275a560f8",
          "bb52cef523b2497b353bfb390f961bba"
        ]
      }
    },
    {
      "type": "Feature",
      "geometry": {
        "type": "Point",
        "coordinates": [
          -75.11955104255735,
          39.99289383094985
        ]
      },
      "properties": {
        "mural_name": "Kensington Emergency Hub",
        "artist": "Andréa Grasso",
        "address": "2913-15 Kensington Avenue, Philadelphia, Pennsylvania, 19134, USA",
        "media": [
          "7709d7cd8b9f4929701c8e2fb4addf19",
          "9aac6e9bc5dd42ac341e92520f6f7971",
          "a0d6df953a5511810568075893e66b47",
          "71d7911ab052f0aa3da424dbd347f366",
          "9a4d2a7145fe82a27b6e2d05cb994719",
          "6b45233849051fe213f98674d61c3446",
          "80e55d99a9e090d2947073663be8e89b",
          "8898451d52a82b724d52b3d6c682756b"
        ]
      }
    },
    {
      "type": "Feature",
      "geometry": {
        "type": "Point",
        "coordinates": [
          -75.11955104255735,
          39.99289383094985
        ]
      },
      "properties": {
        "mural_name": "Kensington Emergency Hub, Community Artists Projects",
        "artist": "Andréa Grasso",
        "address": "2913-15 Kensington Avenue, Philadelphia, Pennsylvania, 19134, USA",
        "media": [
          "7ba3c46e21fb24152d45ca428d4ee0ea",
          "d3c75ce44ab43a64e55977f3ae7d446b",
          "b92b4e78da19a2d153fc27bc9ef39c73",
          "c90e0888c7993ad7825c3dae0a103103",
          "d2ec2b389fb24c1d64c14f596cec7249",
          "3e235c787d72002977929c659d3eee33",
          "deb5aa39e696060530f419f7bd89430c",
          "a3d227209ac2ad508e4f4eb53b217301",
          "a7ad8c2a46682bcb5b0f83c710b30159",
          "30214058f1552c0cc1ffd381ddf65823",
          "0b6b0ec92d84ca25fc3e0b72ce3d80a9",
          "3ae585766ace686697a79fc346076315",
          "0ad600dc5e593a6d6f8ee342386dd0e4",
          "e31a2fc90809418de30635856ece9ad3",
          "1351c8fa093a0edc7a34e67dae0d9709",
          "6ab103cd61703be499fbf59e9379c479"
        ]
      }
    },
    {
      "type": "Feature",
      "geometry": {
        "type": "Point",
        "coordinates": [
          -75.11299114911542,
          39.9973590408131
        ]
      },
      "properties": {
        "mural_name": "Kensington Storefront Van",
        "artist": "J.C. Zerbe",
        "address": "3208 Kensington Avenue, Philadelphia, Pennsylvania, 19134, USA",
        "media": [
          "39e2777e854bac88590e622d4a767958",
          "063a3350c732fbecbde2311e21fcf50c",
          "c56e088f8e4ed17a741776e5af0ca334"
        ]
      }
    },
    {
      "type": "Feature",
      "geometry": {
        "type": "Point",
        "coordinates": [
          -75.1063796314375,
          39.99937363756828
        ]
      },
      "properties": {
        "mural_name": "Kensington Trust Project",
        "artist": "Creative Resilience Collective",
        "address": "3455 Kensington Ave, Philadelphia, Pennsylvania, 19134, USA",
        "media": [
          "66d7093e881b1151aefbd87baa14dd4f",
          "d9f981f0bbb1d434c0dd26c56d4c1b52",
          "d981b34d44f591865039144f10ba1306",
          "ecdc7ae461ae066a19fa02c2768175c1",
          "a6afbcff59f9586399181ac6d9bc8d81"
        ]
      }
    },
    {
      "type": "Feature",
      "geometry": {
        "type": "Point",
        "coordinates": [
          -75.11798394757759,
          39.99338355533006
        ]
      },
      "properties": {
        "mural_name": "Kensington Voice Accessibility Project",
        "artist": "Jay Coreano",
        "address": "Kensington Neighborhood, Philadelphia, Pennsylvania, USA",
        "media": [
          "4537e2bff0d9c7cd55e75eff480da0e5"
        ]
      }
    },
    {
      "type": "Feature",
      "geometry": {
        "type": "Point",
        "coordinates": [
          -75.15052020391894,
          40.0092626331485
        ]
      },
      "properties": {
        "mural_name": "Kevin Hart: Live. Laugh. Love.",
        "artist": "Willis \"Nomo\" Humphrey",
        "address": "3653 Germantown Ave, Philadelphia, Pennsylvania, 19140, USA",
        "media": [
          "8d677c97353f7c6499dff2b99adb5c48",
          "cfcfb79d85bf1973d7b69ead593b92a2",
          "f2ddee478f2e63fd1bb28f551e69a75f",
          "dbe5228f61a489da82af65bbe62a26e7"
        ]
      }
    },
    {
      "type": "Feature",
      "geometry": {
        "type": "Point",
        "coordinates": [
          -75.11336454600088,
          39.99705135863286
        ]
      },
      "properties": {
        "mural_name": "Keys to Change",
        "artist": "Phillip Adams",
        "address": "3026 H St, Philadelphia, Pennsylvania, 19134, USA",
        "media": [
          "845f8edbf9ca0a6f25a10ee3bbd9b788",
          "83b884d708497426a960cd0e7e17f5bd"
        ]
      }
    },
    {
      "type": "Feature",
      "geometry": {
        "type": "Point",
        "coordinates": [
          -75.16814942883617,
          39.94537664495358
        ]
      },
      "properties": {
        "mural_name": "Killarney",
        "artist": "Patricia Ingersoll",
        "address": "1535 Lombard St, Philadelphia, Pennsylvania, 19146, USA",
        "media": [
          "25e2931b48e66b57a0b77599438506c6"
        ]
      }
    },
    {
      "type": "Feature",
      "geometry": {
        "type": "Point",
        "coordinates": [
          -75.14987270753052,
          39.97757260467502
        ]
      },
      "properties": {
        "mural_name": "Know the Elements: An Ode to Hip Hop",
        "artist": "Christian \"TAMEARTZ\" Rodriguez",
        "address": "900 Cecil B. Moore Ave, Philadelphia, Pennsylvania, 19122, USA",
        "media": [
          "65c86273aaeefe6b2f5f5fedaec1b159",
          "bc80eb783fdb0492ad9d1583982c8963",
          "64777917afb9c9334374ca4f400e9d7d",
          "007d843081d7e9416d8c01361ee277d6",
          "713a852dfc7d9ee8ef1c3d598d2695df",
          "0f05384d3059abe3d7fe235ccf64e884",
          "2751abeb7436167a5fc05fdc87df430a",
          "e6c727bd3ce9497283d8cc3d33d992f9",
          "10eae7e9fa6faf40dc67530dfa23987e"
        ]
      }
    },
    {
      "type": "Feature",
      "geometry": {
        "type": "Point",
        "coordinates": [
          -75.14973510088586,
          39.976273409131366
        ]
      },
      "properties": {
        "mural_name": "Knowledge & Methods: An Ode To 50 Years of Hip-Hop",
        "artist": "Christian \"TAMEARTZ\" Rodriguez",
        "address": "900-919 W Oxford St, Philadelphia, Pennsylvania, 19122, USA",
        "media": [
          "2780ec08dbb5b984c61332f5090970ef",
          "2f5871ef83ec3036e84f73818e812738",
          "45a78e885baa9d394a52211179dbf3ee",
          "9272574f5804daca3334c027968dc0aa",
          "da344d92abd77f92536ee6627de9e7f5"
        ]
      }
    },
    {
      "type": "Feature",
      "geometry": {
        "type": "Point",
        "coordinates": [
          -75.24031963872774,
          39.98197151357843
        ]
      },
      "properties": {
        "mural_name": "Kobe and Gianna Bryant",
        "artist": "Ernel Martinez",
        "address": "5901 W Columbia Ave, Philadelphia, Pennsylvania, 19151, USA",
        "media": [
          "b9de1291494b9abb0beb0e7e2421c28d",
          "7e2ca22576d3c89cca064cca052c4f6e",
          "3706ff38c69d3abab2805220b56fe1fd",
          "1a035a9b1f567ea139af631857cebcb3",
          "3a8c14854fe176fc0bb5784378e27b7d",
          "9677d3e53e7b8c1ae8919f2e9f67afb4",
          "aebe464d2877a4671a4211499f8d1d50"
        ]
      }
    },
    {
      "type": "Feature",
      "geometry": {
        "type": "Point",
        "coordinates": [
          -75.16314583143887,
          39.95930967651792
        ]
      },
      "properties": {
        "mural_name": "Koi Crazy",
        "artist": "Jane Degenhardt-Kutzer",
        "address": "322 N Broad St, Philadelphia, Pennsylvania, 19102, USA",
        "media": [
          "3fb800596dcef3488552c5c2f04e4258"
        ]
      }
    },
    {
      "type": "Feature",
      "geometry": {
        "type": "Point",
        "coordinates": [
          -75.14607571738617,
          40.02877994652151
        ]
      },
      "properties": {
        "mural_name": "Kuba Kingdom",
        "artist": "Danny Simmons",
        "address": "4937 Old York Rd, Philadelphia, Pennsylvania, 19141, USA",
        "media": [
          "fb7621288625c5551fa07ee656c1904b",
          "09551a127090c0054d4bfdf98c61ae5e",
          "44c7ff5f8800a3da7a5db36c62b24a25"
        ]
      }
    },
    {
      "type": "Feature",
      "geometry": {
        "type": "Point",
        "coordinates": [
          -75.0208838576703,
          40.1018881681828
        ]
      },
      "properties": {
        "mural_name": "L'Dor V'Dor",
        "artist": "Shira Walinsky",
        "address": "10100 Jamison Ave, Philadelphia, Pennsylvania, 19116, USA",
        "media": [
          "d106eeb97e4540680d2efacadbc16a2c",
          "b28fe233a5de53584019548c5a5630bc"
        ]
      }
    },
    {
      "type": "Feature",
      "geometry": {
        "type": "Point",
        "coordinates": [
          -75.1516864604339,
          39.98142967859875
        ]
      },
      "properties": {
        "mural_name": "L.E.A.D. Harms",
        "artist": "Cliff Eubanks",
        "address": "1915 N 11th St, Philadelphia, Pennsylvania, 19122, USA",
        "media": [
          "3e3c29616da8d87bd98584263f80aca7",
          "ebf3f8e8c16438c6990421b110c434c4"
        ]
      }
    },
    {
      "type": "Feature",
      "geometry": {
        "type": "Point",
        "coordinates": [
          -75.13503925582313,
          39.980452996531255
        ]
      },
      "properties": {
        "mural_name": "La Borinqueña",
        "artist": "Edgardo Miranda-Rodriguez",
        "address": "148 W Norris St, Philadelphia, Pennsylvania, 19122, USA",
        "media": [
          "decad2a1602ce7cc6805e50de2122479"
        ]
      }
    },
    {
      "type": "Feature",
      "geometry": {
        "type": "Point",
        "coordinates": [
          -75.13133357116465,
          40.004042723532564
        ]
      },
      "properties": {
        "mural_name": "La Cancion de mis Recuerdos (The Song of My Memory)",
        "artist": "Eric Okdeh",
        "address": "185 W Tioga St, Philadelphia, Pennsylvania, 19140, USA",
        "media": [
          "3f98ad459c8661ba000b50e313842cad"
        ]
      }
    },
    {
      "type": "Feature",
      "geometry": {
        "type": "Point",
        "coordinates": [
          -75.16339808098772,
          39.93517893405466
        ]
      },
      "properties": {
        "mural_name": "La Casa di Pazzi (Social Club)",
        "artist": "David Guinn",
        "address": "1143 S 12th St, Philadelphia, Pennsylvania, 19147, USA",
        "media": [
          "b737f671c55081705e4c5ad568706f13"
        ]
      }
    },
    {
      "type": "Feature",
      "geometry": {
        "type": "Point",
        "coordinates": [
          -75.13651185387423,
          39.984366067336765
        ]
      },
      "properties": {
        "mural_name": "La Casita: Memories of My Puerto Rican Home",
        "artist": "Danny Torres",
        "address": "2224 N 2nd St, Philadelphia, Pennsylvania, 19133, USA",
        "media": [
          "6923b84512370353bbc36bbaec67e953"
        ]
      }
    },
    {
      "type": "Feature",
      "geometry": {
        "type": "Point",
        "coordinates": [
          -75.15593437211133,
          39.961627587689534
        ]
      },
      "properties": {
        "mural_name": "La Chinesca",
        "artist": "Saoka",
        "address": "1039 Spring Garden St, Philadelphia, Pennsylvania, 19123, USA",
        "media": [
          "17cbe9d14bb094ad36395e6534d0d352",
          "04032916cc68757a02e02a4afac39b19",
          "c10400465faab36a89fb6ecf38ffb677",
          "5ec63089a57885a82f2d4ae8fdd3703d",
          "f3876fcb5b9f6831733c444b1825b2a4",
          "3641afa659122146b3e5281d2bacc61a"
        ]
      }
    },
    {
      "type": "Feature",
      "geometry": {
        "type": "Point",
        "coordinates": [
          -75.14708284512272,
          39.98612777013685
        ]
      },
      "properties": {
        "mural_name": "La Frontera",
        "artist": "Ernel Martinez",
        "address": "2200 N 8th St, Philadelphia, Pennsylvania, 19133, USA",
        "media": [
          "837312dbfb76d5fe23542a161afb33f5",
          "85ccefb7388ba29d461ef42cc6f567e2",
          "4f0c1520b22c640e7a05837473198f82",
          "a7177729c7ac46f67295b77b7a3bdb5c",
          "6d7ca26619341ea351c2fc4283339bcb",
          "8a24affd27f8f34cfb596695315edffb",
          "404d433dbe0f9e5459ac78023ee21a81",
          "63da61ef0994afb33683c4653775a02d",
          "316ad05e0eceaede296887c1004b7214",
          "7921b6c3eea03a0df101114910cf58ce"
        ]
      }
    },
    {
      "type": "Feature",
      "geometry": {
        "type": "Point",
        "coordinates": [
          -75.13942254937828,
          39.99387234776841
        ]
      },
      "properties": {
        "mural_name": "La Selva de Taino",
        "artist": "Stephanie Acevedo",
        "address": "2746 N 5th St, Philadelphia, Pennsylvania, 19133, USA",
        "media": [
          "41f8a2ff48e38bfe946f42bf7dabd619",
          "e68fa365b81342756b7c86412cfcf61d",
          "4cb24fd89afcd9221445e4376d4880c4",
          "758aa66ff8ce6fc089e0b569854afda7",
          "1cb54cb49336b3ebf2fe5441cd7c3cf7",
          "232cf375120d2bfd0d6a42d04a3b77f7"
        ]
      }
    },
    {
      "type": "Feature",
      "geometry": {
        "type": "Point",
        "coordinates": [
          -75.15866273940462,
          39.93691018001169
        ]
      },
      "properties": {
        "mural_name": "Labor and Love Intertwined",
        "artist": "Michelle Angela Ortiz",
        "address": "906 League St, Philadelphia, Pennsylvania, 19147, USA",
        "media": [
          "54c5b64dd9df6a9b971486c12d65c080",
          "cb70f892a24897e3100a3050ecc7c781",
          "b98f8cff3e3aba7236401643e27d5691",
          "a7e7cad7067798e007bdb7f1d2af5ddd",
          "2c5a5cc0265edc281fa96eb707334778"
        ]
      }
    },
    {
      "type": "Feature",
      "geometry": {
        "type": "Point",
        "coordinates": [
          -75.16420122402681,
          39.95431401055793
        ]
      },
      "properties": {
        "mural_name": "Labyrinth",
        "artist": "Sam Durant",
        "address": "1401 John F Kennedy Blvd, Philadelphia, Pennsylvania, 19102, USA",
        "media": [
          "e347a02dfa7c87e95bb86748abbe5509"
        ]
      }
    },
    {
      "type": "Feature",
      "geometry": {
        "type": "Point",
        "coordinates": [
          -75.20018106046503,
          39.96217386263976
        ]
      },
      "properties": {
        "mural_name": "Lancaster Avenue Project",
        "artist": "Emilie Ledieu",
        "address": "3900 Lancaster Ave, Philadelphia, Pennsylvania, 19104, USA",
        "media": [
          "e6d661a8af202795a3c2be51b67033d1",
          "6cbabde64284f960c043fccb4a9da9d2",
          "014ef980f45e749432793290c464fbae",
          "a3a1901155faee2686e13039279343b1",
          "8e51a7f196ac371477c31496afc26130",
          "2bed9a0cc4641a2b711a38267b65cb7a",
          "c9cf4e25f230d436e8bab363c6655e7e",
          "5ccdc6cbe0b846c564da6f1c8fc277a4",
          "09396f7e56c869715f566cd94d03210c",
          "9176f8a919d1edb7676387cfcd098c2a",
          "f714f1b726202c37a143dd10cd3739d8",
          "ee8f0801392d4ac11d1b3e173e07877c"
        ]
      }
    },
    {
      "type": "Feature",
      "geometry": {
        "type": "Point",
        "coordinates": [
          -75.197135,
          39.960102
        ]
      },
      "properties": {
        "mural_name": "Lancaster Avenue Tree Foundations",
        "artist": "Jonny Buss",
        "address": "3800 Lancaster Ave, Philadelphia, Pennsylvania, 19104, USA",
        "media": [
          "16b735fc4674380fc9bb568be22e1534",
          "a05443e67c7dcde6e0acdf46b162d3d3",
          "5d7dfbee49fc189ad3c01a2a02646781"
        ]
      }
    },
    {
      "type": "Feature",
      "geometry": {
        "type": "Point",
        "coordinates": [
          -75.16238401761092,
          40.025625314100466
        ]
      },
      "properties": {
        "mural_name": "Landscape mural at 4703 Greene Street",
        "artist": "Philadelphia Anti-Graffiti Network (PAGN)",
        "address": "4703 Greene St, Philadelphia, Pennsylvania, 19144, USA",
        "media": [
          "de7fe06fc2824d4a72f945b67c82b99f"
        ]
      }
    },
    {
      "type": "Feature",
      "geometry": {
        "type": "Point",
        "coordinates": [
          -75.22670643823655,
          39.97149225021337
        ]
      },
      "properties": {
        "mural_name": "Landscape mural by Philadelphia Anti-Graffiti Network at 5223 West Girard Avenue",
        "artist": "Philadelphia Anti-Graffiti Network (PAGN)",
        "address": "5223 W Girard Ave, Philadelphia, Pennsylvania, 19131, USA",
        "media": [
          "310ea7fbfca8e819260944beeee30da7"
        ]
      }
    },
    {
      "type": "Feature",
      "geometry": {
        "type": "Point",
        "coordinates": [
          -75.18560683244239,
          39.98554173772771
        ]
      },
      "properties": {
        "mural_name": "Landscape With Bird",
        "artist": "Brian Senft",
        "address": "1903 N Patton St, Philadelphia, Pennsylvania, 19121, USA",
        "media": [
          "d0b04fb4d1f882a0ae050d7a0d69b088"
        ]
      }
    },
    {
      "type": "Feature",
      "geometry": {
        "type": "Point",
        "coordinates": [
          -75.18560756044316,
          39.985542970902856
        ]
      },
      "properties": {
        "mural_name": "Landscape with Flower",
        "artist": "Brian Senft",
        "address": "1902 N Patton St, Philadelphia, Pennsylvania, 19121, USA",
        "media": [
          "049a750a66229abefabba631de03ab9b"
        ]
      }
    },
    {
      "type": "Feature",
      "geometry": {
        "type": "Point",
        "coordinates": [
          -75.15663627376762,
          39.92637253203598
        ]
      },
      "properties": {
        "mural_name": "Language Lab",
        "artist": "Shira Walinsky",
        "address": "604 Moore St, Philadelphia, Pennsylvania, 19148, USA",
        "media": [
          "ab56a9186dea2fb8a51576ea448c5513"
        ]
      }
    },
    {
      "type": "Feature",
      "geometry": {
        "type": "Point",
        "coordinates": [
          -75.15795092906339,
          39.96291321391314
        ]
      },
      "properties": {
        "mural_name": "Larger than Life",
        "artist": "Ken McFarlane",
        "address": "1219 Ridge Ave, Philadelphia, Pennsylvania, 19123, USA",
        "media": [
          "d403ea4129b04e0b10d00eb47af724be"
        ]
      }
    },
    {
      "type": "Feature",
      "geometry": {
        "type": "Point",
        "coordinates": [
          -75.14772406027556,
          39.941515198919724
        ]
      },
      "properties": {
        "mural_name": "Larry Fine",
        "artist": "David McShane",
        "address": "603 S 3rd St, Philadelphia, Pennsylvania, 19147, USA",
        "media": [
          "233e530ac401c9399a042fcf740acad9"
        ]
      }
    },
    {
      "type": "Feature",
      "geometry": {
        "type": "Point",
        "coordinates": [
          -75.147761,
          39.941392
        ]
      },
      "properties": {
        "mural_name": "Larry Fine (Reenvisioning)",
        "artist": "David McShane",
        "address": "606 S 3rd St, Philadelphia, Pennsylvania, 19147, USA",
        "media": [
          "a1fcbf9a8c8c382b968cee994866c1e0"
        ]
      }
    },
    {
      "type": "Feature",
      "geometry": {
        "type": "Point",
        "coordinates": [
          -75.14133522541957,
          39.985105246068514
        ]
      },
      "properties": {
        "mural_name": "Las Mujeres",
        "artist": "Danny Polanco, aka DanOne",
        "address": "2224 N Orkney St, Philadelphia, Pennsylvania, 19133, USA",
        "media": [
          "f7d71aaa67b94198ec6d8f724fab6974"
        ]
      }
    },
    {
      "type": "Feature",
      "geometry": {
        "type": "Point",
        "coordinates": [
          -75.13942090396094,
          39.99518638115432
        ]
      },
      "properties": {
        "mural_name": "Latinoamerica: Una Lengua, Multiples Culturas (Latin America: One Language, Many Cultures)",
        "artist": "Jose Ali Paz",
        "address": "2863 N 5th St, Philadelphia, Pennsylvania, 19133, USA",
        "media": [
          "2fcc374638b351b7c26abd16736620ee"
        ]
      }
    },
    {
      "type": "Feature",
      "geometry": {
        "type": "Point",
        "coordinates": [
          -75.16748776088394,
          39.955410481868086
        ]
      },
      "properties": {
        "mural_name": "Lay-lah Lay-lah  (Night Night, לַיְלָה לַיְלָה)",
        "artist": "Ella Ponizovsky Bergelson",
        "address": "1619 Arch St, Philadelphia, Pennsylvania, 19103, USA",
        "media": [
          "b52eee9603d546269808ff9f82845152",
          "ffc150345e2eb6ad77c877e300f40b3d",
          "a69a27266b4cb3827c7bcf13adefd614",
          "9cadfa8f7184c8aeda239da66784c0e7",
          "cb290ecce5754aad68f9d5e0eb03e72c",
          "03f84ac3c512e316ce35098704f2b5fb",
          "2a4a1d07375b888955b3c07c924da581",
          "5f6946a41557ef1e4413b7917c252b22",
          "b706ca5eba45f6d25dee08c82f5c0e79",
          "50a5dfd8eaff9ab270a539e909ad1f02",
          "c4e17da31e631d0bd14b610b123dc7b3",
          "85fcc6ea82cc54c718bea593d60d9e95"
        ]
      }
    },
    {
      "type": "Feature",
      "geometry": {
        "type": "Point",
        "coordinates": [
          -75.23571513267834,
          39.96597522303059
        ]
      },
      "properties": {
        "mural_name": "Layers of Haddington",
        "artist": "Jonathan Laidacker",
        "address": "255 N 58th St, Philadelphia, Pennsylvania, 19139, USA",
        "media": [
          "c48386f9119f480bf8dbfe881c6aed78"
        ]
      }
    },
    {
      "type": "Feature",
      "geometry": {
        "type": "Point",
        "coordinates": [
          -75.14913534492742,
          40.048010691301876
        ]
      },
      "properties": {
        "mural_name": "Learners and Leaders: The Prince Hall Eagles Playground Murals",
        "artist": "David McShane",
        "address": "6101 N Gratz St, Philadelphia, Pennsylvania, 19141, USA",
        "media": [
          "4d2869e325aac20ee71e573c6bd951d5",
          "97552f79c4571636eba2ec2229e488e6",
          "4ff4e4b0a110a25e88632502fa176790",
          "e99e4104e77fc358c275a8256e32094a",
          "89663bc41ed0c6e546fd6929b81297c9",
          "df754678cf558655559563d00540a7b2",
          "9f0eb8b529405e924c52e37df97bac9d",
          "b48de3d8392c80758f390dab7aa4a7af",
          "46337cb146066b2bb9e2d1904d3709cb",
          "c1e6d959563e8cff8b687546cd8a370e"
        ]
      }
    },
    {
      "type": "Feature",
      "geometry": {
        "type": "Point",
        "coordinates": [
          -75.14679921628861,
          39.95083119792967
        ]
      },
      "properties": {
        "mural_name": "Learning for Life",
        "artist": "Nathaniel Lee",
        "address": "399 Market St, Philadelphia, Pennsylvania, 19106, USA",
        "media": [
          "39d78fc790133a9faf57b4471aa29a8b",
          "8b002d02c6590dc6e0d8cb22dfe32578"
        ]
      }
    },
    {
      "type": "Feature",
      "geometry": {
        "type": "Point",
        "coordinates": [
          -75.13938090198769,
          39.98677311752449
        ]
      },
      "properties": {
        "mural_name": "Learning, Play and Unity in the Community",
        "artist": "Danny Polanco, aka DanOne",
        "address": "2331 N 4th St, Philadelphia, Pennsylvania, 19133, USA",
        "media": [
          "6c4a6805957865d5fa46fe6e8b7853e7",
          "83469b0f65a1cd3b31301cb163976323",
          "5668398d5f7edc24ca812f8a44bbe2ac",
          "8fc0d6b9a09bcd03f1f8687ab6de17ca"
        ]
      }
    },
    {
      "type": "Feature",
      "geometry": {
        "type": "Point",
        "coordinates": [
          -75.20972824144238,
          39.962480130044476
        ]
      },
      "properties": {
        "mural_name": "Lee Cultural Center mural",
        "artist": "Michael Schall",
        "address": "4328 Haverford Ave, Philadelphia, Pennsylvania, 19104, USA",
        "media": [
          "fa4ab7156e8711beee1623768884d34f"
        ]
      }
    },
    {
      "type": "Feature",
      "geometry": {
        "type": "Point",
        "coordinates": [
          -75.17024904425543,
          39.98083688541498
        ]
      },
      "properties": {
        "mural_name": "Legacies: Our Neighbors Lead and Inspire",
        "artist": "Ernel Martinez",
        "address": "2101 Cecil B Moore Ave, Philadelphia, Pennsylvania, 19121, USA",
        "media": [
          "4205abbca914526dbbdc1eec03eb0d2e",
          "9b1c6dd34bc35e6e16746896c518107d",
          "d4cc2158ac1e3fa1f8659ec770738179",
          "0e5e9bf69a4183fedd5e7aa0f3bcb554",
          "cc53581d8b7642e57b58bc29bd0a0d5b",
          "be44e9878a62478e8d9a646f35760d00",
          "cd687bec886bc287214fce35ee0666b4"
        ]
      }
    },
    {
      "type": "Feature",
      "geometry": {
        "type": "Point",
        "coordinates": [
          -75.22466894866939,
          39.957695176104544
        ]
      },
      "properties": {
        "mural_name": "Legacy",
        "artist": "Walé Oyéjidé",
        "address": "125 S 52nd St, Philadelphia, Pennsylvania, 19139, USA",
        "media": [
          "e740a902dc971ede002c614b5d4b7edc",
          "4d9594c83975318896c6782d0e386741",
          "5a9657df57ebcf3d73585308476bc7d4",
          "f28a618f903b6d6146443305cfd5e273",
          "935ae34f212fb107faf490f6ab04e0e5",
          "01cbe454c0d1af06fa9b34bd976db223",
          "5f9b550028ff1e91aeea6ca9e35c61a8",
          "92b1e69c9b553f3083c2f1b527a24d1b",
          "7354c6136a7c2d46552600026c1a2bf1",
          "cecfd5aff4ddb7c9a75ea7371ea519a9"
        ]
      }
    },
    {
      "type": "Feature",
      "geometry": {
        "type": "Point",
        "coordinates": [
          -75.15259407376686,
          39.94987440108944
        ]
      },
      "properties": {
        "mural_name": "Legacy",
        "artist": "Josh Sarantitis",
        "address": "707 Chestnut St, Philadelphia, Pennsylvania, 19106, USA",
        "media": [
          "6807f7dbf4029fb5775b465ddfa5acec",
          "5eab0e892e823fb03c63c9b6e4946a6b",
          "41676633e118340f476816840412dca1"
        ]
      }
    },
    {
      "type": "Feature",
      "geometry": {
        "type": "Point",
        "coordinates": [
          -75.152624,
          39.949786
        ]
      },
      "properties": {
        "mural_name": "Legacy",
        "artist": "Josh Sarantitis",
        "address": "707 Chestnut St, Philadelphia, Pennsylvania, 19106, USA",
        "media": [
          "6807f7dbf4029fb5775b465ddfa5acec",
          "5eab0e892e823fb03c63c9b6e4946a6b",
          "0947c77adc4307126bcccb583e964423"
        ]
      }
    },
    {
      "type": "Feature",
      "geometry": {
        "type": "Point",
        "coordinates": [
          -75.16579144493095,
          39.94386544105721
        ]
      },
      "properties": {
        "mural_name": "Legendary",
        "artist": "Tatyana Fazlalizadeh",
        "address": "1415 South St, Philadelphia, Pennsylvania, 19146, USA",
        "media": [
          "34adcce6f878a5670fb39a6cc0e84942",
          "86d90536f1a97145c59ca096efea60f0"
        ]
      }
    },
    {
      "type": "Feature",
      "geometry": {
        "type": "Point",
        "coordinates": [
          -75.14294811684847,
          39.97009281796578
        ]
      },
      "properties": {
        "mural_name": "Legendary Performances",
        "artist": "Alloyius Mcilwaine",
        "address": "412 W Girard Ave, Philadelphia, Pennsylvania, 19123, USA",
        "media": [
          "4306e32d9d6fd98f8a4e4dd7f69fd483",
          "62dae9406c003cfc37113d391160a0b3",
          "030de412c073dd8219f9f8280939c460",
          "ce3601094fa6f72ec1ef0de5bf2ac23b"
        ]
      }
    },
    {
      "type": "Feature",
      "geometry": {
        "type": "Point",
        "coordinates": [
          -75.18634202062958,
          39.973541423778244
        ]
      },
      "properties": {
        "mural_name": "Lemon Hill Cycle",
        "artist": "Alana Bograd",
        "address": "3023 Poplar St, Philadelphia, Pennsylvania, 19130, USA",
        "media": [
          "6c1b52741d33b508787693c1ca9f002d",
          "249a822f925f72ff771391edad126a2d",
          "85479205a2354c5248dced41c8572ee5",
          "d2a085a967000aad1797d584f2b04072",
          "3c3e440f2e0b3e0207558f11505b7570",
          "9b0525911cd8e50f98d4e02c1bfd873f",
          "d7cd7ddd54ba547a1c4540211868fa9b",
          "24ff32e06da7905d5f00386123da175f",
          "5afdc1502aa9cbfa7d3fbe63a44c145c",
          "898b6bc245030efd737e9cd807665038",
          "621acf5a4ffababf9c04c65045998c34",
          "80796a080c145869e79f43fb32b0b5af",
          "d12b6c307693750e159387734fed7836",
          "48622156816c0def99221b7b2c228ccc",
          "a5fafc42cc125947de1530bbdcfa657d",
          "bcb43c7ad7ef23c7b74e48b907625081",
          "78aa47b5f7a0ba687f9d5f8ee180d326",
          "33eb999f7ec1e8e425ccb620e522d557"
        ]
      }
    },
    {
      "type": "Feature",
      "geometry": {
        "type": "Point",
        "coordinates": [
          -75.04561185380938,
          40.014912073841245
        ]
      },
      "properties": {
        "mural_name": "Lenapehokink: K&T Trail",
        "artist": "Lisa Kelley",
        "address": "5202 Levick St, Philadelphia, Pennsylvania, 19135, USA",
        "media": [
          "197a373967ed80f2e54baafa3caa8da3",
          "ae977573fe0dc81ecf4145ea246be860",
          "7a265f713ebb1678da4e4281f888e349",
          "f0d404806ebd23879f4e6b379f10f941",
          "a2bd5aa11ddb8d809887ad7bd0c1639b",
          "610bff54ebd75ecd57c37abd50d27826",
          "dbdb118ae3d9b1e1b9262e44bf5552f8",
          "2b7992a8ac6a2924204b8f487e6b0c13",
          "4e6534b53690e9ed3563872e65dcf054",
          "849c2ed3e04b7f1f80ee2506262da433",
          "00ba25306b8a2f8e106fa21bced6d767",
          "09f86bdd92a987a9c2395dc0870c86d0",
          "e05ff847d5acc66b2d28467a240a02dc",
          "6c29abee086b70a89a044aa3a78281ea",
          "284cef5ab135da025955b253d4e96cc5",
          "f6a6c0ad3de62fab87b9adba4c0bcab7",
          "d7951451d9e4f5fc725d25cf16712bde",
          "1fa3a60c3c8835e1baa8269c0ffd1ef5"
        ]
      }
    },
    {
      "type": "Feature",
      "geometry": {
        "type": "Point",
        "coordinates": [
          -75.13969618774892,
          39.99542704202886
        ]
      },
      "properties": {
        "mural_name": "Letters to Home, Letters from Home (2900 N 5th St)",
        "artist": "Orlando Quevado",
        "address": "2900 N 5th St, Philadelphia, Pennsylvania, 19133, USA",
        "media": [
          "0beba07728daf7bf795fff1ee1dd7118"
        ]
      }
    },
    {
      "type": "Feature",
      "geometry": {
        "type": "Point",
        "coordinates": [
          -75.13934201658437,
          39.99534836150071
        ]
      },
      "properties": {
        "mural_name": "Letters to Home, Letters from Home (2901 N 5th St)",
        "artist": "Orlando Quevado",
        "address": "2901 N 5th St, Philadelphia, Pennsylvania, 19133, USA",
        "media": [
          "7116481c3ef9e96f5a1bf87fae176b22"
        ]
      }
    },
    {
      "type": "Feature",
      "geometry": {
        "type": "Point",
        "coordinates": [
          -75.22997761599234,
          40.029253048073706
        ]
      },
      "properties": {
        "mural_name": "Liberty Classic",
        "artist": "Eleanor Grosche",
        "address": "Main St & Leverington Ave, Philadelphia, Pennsylvania, 19127, USA",
        "media": [
          "7310624eeaa314a67f9a9458991eb548",
          "3dc5c53096662359e0f5c4bd8916da0a",
          "b78dae3d64105984bf761777635832d1",
          "c9b4420d6b885fc05a11da0f8dd3da8b",
          "c84cd3eef92def0e2b14e0b6cb4352ea",
          "072683579ac23fb55ef890623bdcb857"
        ]
      }
    },
    {
      "type": "Feature",
      "geometry": {
        "type": "Point",
        "coordinates": [
          -75.16145316698568,
          39.985274999792246
        ]
      },
      "properties": {
        "mural_name": "Life From the Past",
        "artist": "Cavin Jones",
        "address": "1901 W Norris St, Philadelphia, Pennsylvania, 19121, USA",
        "media": [
          "df8d5cc5923cfeaecef7e596eb913f1b"
        ]
      }
    },
    {
      "type": "Feature",
      "geometry": {
        "type": "Point",
        "coordinates": [
          -75.1874878896768,
          39.96356134487695
        ]
      },
      "properties": {
        "mural_name": "Life in the City",
        "artist": "Jane Golden",
        "address": "N 31st St & Spring Garden St, Philadelphia, Pennsylvania, 19104, USA",
        "media": [
          "9c77244ae6b43227b1d92de3acf4b609"
        ]
      }
    },
    {
      "type": "Feature",
      "geometry": {
        "type": "Point",
        "coordinates": [
          -75.16261841801378,
          39.94029306689803
        ]
      },
      "properties": {
        "mural_name": "Life is a Matter of Responsibility",
        "artist": "Cliff Eubanks",
        "address": "802 S 12th St, Philadelphia, Pennsylvania, 19147, USA",
        "media": [
          "389873d83f9dd147a2c939efd8038164"
        ]
      }
    },
    {
      "type": "Feature",
      "geometry": {
        "type": "Point",
        "coordinates": [
          -75.13809618908363,
          40.000691789250084
        ]
      },
      "properties": {
        "mural_name": "Life Reflects Nature: Memories of the Past, Traditions of the Present",
        "artist": "Michelle Angela Ortiz",
        "address": "3201 N 5th St, Philadelphia, Pennsylvania, 19140, USA",
        "media": [
          "b998e78fef45a32567a434efbba52e27"
        ]
      }
    },
    {
      "type": "Feature",
      "geometry": {
        "type": "Point",
        "coordinates": [
          -75.17949566159042,
          39.95451334011525
        ]
      },
      "properties": {
        "mural_name": "Light Drift",
        "artist": "J. Meejin Yoon",
        "address": "2600 Market St, Philadelphia, Pennsylvania, 19103, USA",
        "media": [
          "035f9bfdb39bb1c2dbff4bd5079054f4",
          "d86553dd60d0cb9484f537d6d17322d8",
          "59b0ef271a7035f53b2ec79ab2f432df",
          "e4f92b1aa541e46a1d50fa30319187e0",
          "6e174d5be128582c5350265512e33db3",
          "83f712869246067c9711e1669b9dcbfc",
          "a2c3e3cb23eeb4cbfd1f130c955a9d14",
          "370f4e6583c25a0327aebbcc662c0834",
          "9870db542854088530776789f0e06303",
          "77e2bf5edf9c577082b2789119617a91",
          "2ea9222684f2f6da66a80195ef4271a5",
          "28b366ef868d7de4a9a051ce6b6b744b",
          "f4ea5d9339123d49be3c2e89ff452835",
          "1de4db96810e1078c906222f4beb7ed6",
          "fd1a588788fc72c280334b776e4d00d6",
          "9b22dd62ccbe7f2b7e75d50b1167e796",
          "5ac5a56e121c6c96d704a6a0295c57bd",
          "45a2c65cd4ac416dde7319268f0a95ff",
          "f2e3f3ffbb57ed53a60dc4258c899f73",
          "17dbf94f388b2bc7f9cab0022a976c50",
          "c85a103d6c9f296093261d90f8c37524",
          "c1b5cb13c9d6d3b846a29eb898258f89",
          "bb89c0d00ee06b0ab05ef3ee569ec8ba",
          "47efa963397e4d4c613e0cfd8b6c72cd"
        ]
      }
    },
    {
      "type": "Feature",
      "geometry": {
        "type": "Point",
        "coordinates": [
          -75.19139557480231,
          39.96703443207892
        ]
      },
      "properties": {
        "mural_name": "Light of Day",
        "artist": "Paul Santoleri",
        "address": "Mantua St & N 34th St, Philadelphia, Pennsylvania, 19104, USA",
        "media": [
          "d4eb931970a0bf4ef4ba932de1d8ac6c",
          "290f3381be9c462403707891229cca46",
          "721f5658a416a8fafe094ebe3cdd29f7",
          "704dafbcb6ff6d43da43ebb9643c98b8",
          "98e20612636c4cb00b5199f826535066",
          "07388801baf03da47d87b8070693e266",
          "0df8a053bc5315a43f85fc1a8a06621c",
          "8afdf86943542d2ba1bd578436c94fc7",
          "7fc29ed48345a143beda8967e1d39ed9",
          "0cd3b938a205bc951d4d0f191823a109"
        ]
      }
    },
    {
      "type": "Feature",
      "geometry": {
        "type": "Point",
        "coordinates": [
          -75.065308,
          40.041149
        ]
      },
      "properties": {
        "mural_name": "Light of the Northeast",
        "artist": "Abdul Karim Awad",
        "address": "6826 Bustleton Ave, Philadelphia, Pennsylvania, 19149, USA",
        "media": [
          "41ea051766dca36b4e189cb5eb6ccca7",
          "06086892f58186447c816f6992db3120",
          "0605ce1fe3fb3d92ac218495c7404583"
        ]
      }
    },
    {
      "type": "Feature",
      "geometry": {
        "type": "Point",
        "coordinates": [
          -75.02616273432845,
          40.106269820801934
        ]
      },
      "properties": {
        "mural_name": "Limitless",
        "artist": "Tim McFarlane",
        "address": "10175 Bustleton Ave, Philadelphia, Pennsylvania, 19116, USA",
        "media": [
          "5e6b686b6fe6dd9862654223838d9985",
          "adf98462ff159e04909925c4d421db9f"
        ]
      }
    },
    {
      "type": "Feature",
      "geometry": {
        "type": "Point",
        "coordinates": [
          -75.1554820160942,
          39.96064135556057
        ]
      },
      "properties": {
        "mural_name": "Limpia Limpia",
        "artist": "Dennis McNett",
        "address": "1016 Buttonwood St, Philadelphia, Pennsylvania, 19123, USA",
        "media": [
          "515bf233ab8d0b38bf5d78998823c6d5",
          "b2e526928884164373681578de9b40fc",
          "caf47c8e69cd05fc30bcf29d2dbed936"
        ]
      }
    },
    {
      "type": "Feature",
      "geometry": {
        "type": "Point",
        "coordinates": [
          -75.13045580417179,
          39.97642145491346
        ]
      },
      "properties": {
        "mural_name": "Listening to Hear",
        "artist": "Jaq Masters",
        "address": "1530 E Montgomery Ave, Philadelphia, Pennsylvania, 19125, USA",
        "media": [
          "f94d1879bc86784c7edcd56a6d934b1e"
        ]
      }
    },
    {
      "type": "Feature",
      "geometry": {
        "type": "Point",
        "coordinates": [
          -75.05205808365675,
          40.06684479416258
        ]
      },
      "properties": {
        "mural_name": "Literacy Loop",
        "artist": "Jason Killinger",
        "address": "8300 Castor Ave, Philadelphia, Pennsylvania, 19152, USA",
        "media": [
          "0a98664ccba14ecf4cbc12a65b295a90",
          "1a6a9dd26d5c7c485e538218c8a34e1c",
          "ab2de18d632932072d6847e5ba385f44",
          "8a5cac4298fe1bde9dc7f908c8d1f485",
          "d2a65f1619726de0679349b8fa2b3567",
          "e3d2a92f7441a787c74e9a4d4ebf83c5",
          "dbd2c2d19cf9ea0bce52318bf3becbab",
          "385c9ff0cb0cbb30fe28854a7bca213a",
          "a07ca2d46e2d45d4fdf821a28a2bd5fc",
          "c23875efe4663eb995bedb65b55de1a5",
          "3f0c6f20f25c553a726b062cafc0e2d5",
          "2bc2c6f72572334a15d6904e8eb67ae9",
          "1fa79ca4b864786587af2cfc71c3d2e6",
          "8cffe03ef95950806e977bee1e667e79",
          "cb6e5a982ed9fde1c972d0f005745253",
          "59884311e507599a1fd7a3fcb7bb6309",
          "0303f6930716c35b8ba6aed15b09c4f9",
          "61cfdad092744cc9e70fc86cb9544100",
          "1b1452f605ea70d38e017ac0f9dac8f4",
          "b8c6faa617a13b3b77c5917295bab2d3",
          "c0b24e0066b6a3f932d049627298b231",
          "182063696efed65cdef67868d3fd03b6",
          "f1e8c9352260bbae409715ca8a85f91a",
          "9f789584ff094467532c7250835e8a03",
          "d6a6da846ebd19b47ec0312ce685c31d",
          "d896ba5d388951e9c938f83bbbf87f7a",
          "103bfd945e88c2ac07a070a5f2649834",
          "07dc17cc7ced7d8e83ef75d1993f31e4",
          "80d889761e7f1fa14b6f8eac3f4138b4",
          "80ebe77ab401d7fa7a656ec8fd8f1df9",
          "929c8f5f5346ca8e61083e440ab73d1c",
          "1902c739f103d983e2e14bab59025605",
          "df10f4f10df6df980b912b3af7818011",
          "7359bccd808e4a6ff2b6c0a5d2e9789e"
        ]
      }
    },
    {
      "type": "Feature",
      "geometry": {
        "type": "Point",
        "coordinates": [
          -75.13783033403637,
          40.007156327320274
        ]
      },
      "properties": {
        "mural_name": "Littlest Birds",
        "artist": "Cesar Viveros",
        "address": "3698 N Randolph St, Philadelphia, Pennsylvania, 19140, USA",
        "media": [
          "34769cc7a299e74c58cb85b90e371c65",
          "122ab8b7cbfb7fee1644b503a4fa8937"
        ]
      }
    },
    {
      "type": "Feature",
      "geometry": {
        "type": "Point",
        "coordinates": [
          -75.13375081788976,
          39.97483266878969
        ]
      },
      "properties": {
        "mural_name": "Live to Dream",
        "artist": "Brad Carney",
        "address": "1601 N Front St, Philadelphia, Pennsylvania, 19122, USA",
        "media": [
          "dc736a48b44698d79b37725adfbad65c"
        ]
      }
    },
    {
      "type": "Feature",
      "geometry": {
        "type": "Point",
        "coordinates": [
          -75.20841377138584,
          39.96740748158044
        ]
      },
      "properties": {
        "mural_name": "Local Heroes",
        "artist": "Ernel Martinez",
        "address": "4232 Lancaster Ave, Philadelphia, Pennsylvania, 19104, USA",
        "media": [
          "81b4368c7e0a1f029a6e1411ff6f0cf7",
          "9d85b067dac34ae05eb2860f175b5c93"
        ]
      }
    },
    {
      "type": "Feature",
      "geometry": {
        "type": "Point",
        "coordinates": [
          -75.22736124497722,
          39.97590483828765
        ]
      },
      "properties": {
        "mural_name": "Locust Memories, Oak Dreams",
        "artist": "Beverly Fisher",
        "address": "1452 N 53rd St, Philadelphia, Pennsylvania, 19131, USA",
        "media": [
          "8e747a448efecf70c5ed8240f1c9fe35",
          "49479a1ba86249cf6203085a5d0abe8c",
          "3c71b2a254dbe1676182b5439f9dd0fd",
          "958558ec939f513b29811ccc3c120a2b",
          "bc43bbf4b1e80580385f6c50e6c3f834",
          "564897217f30cf31746f492b2ac44946",
          "ebdd582dd80782f8799262ff0cd3045d",
          "210cf55011699ae54430a9af53d10db7",
          "239988c16e8e60ca4ad4940f114c0ad8",
          "6c390f9eefe1989769574953e87c2734",
          "92307b6ee4d503fdaa7e194f7d390b3a",
          "78e3a21b8292445c730f60ffcc6eb80f",
          "ea4e541261ecfcbc8444c570e974ba0d",
          "c6ef5ed8c6d53692d5cdd276c909ae1c",
          "059bf4d7854b3a3fee00789194e89eb4",
          "6b4202cdd6e6412269c0de184c559c47",
          "3f89c2c89cc477e400c61f2ba7ca30dc",
          "2179f730f6fe6c8f4169bfdb9deeff35",
          "800755f45e1f3e6c6a6811549a663d3c",
          "7f46a66d6edc3a34ec4c9570990b61cc",
          "1469fb9e6f4a8a8332941e58508d5fe3",
          "d61edd7bd7af9dbdfad37e2d68be0b51"
        ]
      }
    },
    {
      "type": "Feature",
      "geometry": {
        "type": "Point",
        "coordinates": [
          -75.17099258911122,
          39.95818130792084
        ]
      },
      "properties": {
        "mural_name": "Logan Squared: Ode to Philly",
        "artist": "Emekah Ogboh",
        "address": "200 N 19th St, Philadelphia, Pennsylvania, 19103, USA",
        "media": [
          "b974eba3acc2129f4ce23261b37c00d1"
        ]
      }
    },
    {
      "type": "Feature",
      "geometry": {
        "type": "Point",
        "coordinates": [
          -75.16164624370958,
          39.950565297995965
        ]
      },
      "properties": {
        "mural_name": "Long Play Philly DJs",
        "artist": "Shepard Fairey",
        "address": "1232 Chestnut St, Philadelphia, Pennsylvania, 19107, USA",
        "media": [
          "f688c597047124a86bdc23913f1dd4be",
          "10fab3942e91498dfc858ec58e52f2b5",
          "6e2aea422268a7c136055ab2c9ae87f3",
          "7e940c00e6d5719ff0a2a60189015b35"
        ]
      }
    },
    {
      "type": "Feature",
      "geometry": {
        "type": "Point",
        "coordinates": [
          -75.21614669114807,
          39.96186974017725
        ]
      },
      "properties": {
        "mural_name": "Look Beyond the Prize",
        "artist": "Kien Nguyen",
        "address": "91 N 48th St, Philadelphia, Pennsylvania, 19139, USA",
        "media": [
          "62c54669a37af468aa52ae44a87c4624",
          "beb0fa743eedeb8e9d6e94212496b724"
        ]
      }
    },
    {
      "type": "Feature",
      "geometry": {
        "type": "Point",
        "coordinates": [
          -75.1108111364449,
          39.99783189348466
        ]
      },
      "properties": {
        "mural_name": "Lots of Lots of Love",
        "artist": "John C. Zerbe",
        "address": "3256 Kensington Ave, Philadelphia, Pennsylvania, 19134, USA",
        "media": [
          "c8979dad084d23f7a780a0d1f1f001b9",
          "6fcdc6fa92c587a2bcbc5697c5111c67",
          "544b153d0cd6679e7d8dabfd70b53ff8",
          "63feed27112d49c70bddb0be1101a618"
        ]
      }
    },
    {
      "type": "Feature",
      "geometry": {
        "type": "Point",
        "coordinates": [
          -75.13459401777988,
          39.969902084220045
        ]
      },
      "properties": {
        "mural_name": "Lotus Diamond",
        "artist": "Shepard Fairey",
        "address": "1228 Frankford Ave, Philadelphia, Pennsylvania, 19125, USA",
        "media": [
          "d86986c70eeffeb54e518cdf2e3682cd"
        ]
      }
    },
    {
      "type": "Feature",
      "geometry": {
        "type": "Point",
        "coordinates": [
          -75.17049312084147,
          39.94222690880796
        ]
      },
      "properties": {
        "mural_name": "Love Across the USA",
        "artist": "Olek",
        "address": "740 S 17th St, Philadelphia, Pennsylvania, 19146, USA",
        "media": [
          "c946297709d5d24e0167fb31688b40c9",
          "96d371f9d3d73fb63b2b994b36d4fda0"
        ]
      }
    },
    {
      "type": "Feature",
      "geometry": {
        "type": "Point",
        "coordinates": [
          -75.16018475842306,
          39.925970216073075
        ]
      },
      "properties": {
        "mural_name": "LOVE Courtyard",
        "artist": "Basurama",
        "address": "1835 S 9th St, Philadelphia, Pennsylvania, 19148, USA",
        "media": [
          "56b1e09130d71398fae4c135d46420d5",
          "45ed42615f54141c7c38db2feb1ffa20",
          "d588951a729f05a4a36e7e0d13c4ad4d",
          "c9186cf8a18bcce841d46dba60714e55",
          "d3ae7fca77d173ad163416aa65b1cbb1"
        ]
      }
    },
    {
      "type": "Feature",
      "geometry": {
        "type": "Point",
        "coordinates": [
          -75.17667398465541,
          40.03580163994792
        ]
      },
      "properties": {
        "mural_name": "Love is the Message",
        "artist": "Jamel Shabazz",
        "address": "5800 Germantown Ave, Philadelphia, Pennsylvania, 19144, USA",
        "media": [
          "e955e16b13ca007dac2f5e60bf65e8f8"
        ]
      }
    },
    {
      "type": "Feature",
      "geometry": {
        "type": "Point",
        "coordinates": [
          -75.11955104255735,
          39.99289383094985
        ]
      },
      "properties": {
        "mural_name": "Love Lot",
        "artist": "Jacob C. Hammes",
        "address": "2913-15 Kensington Ave, Philadelphia, Pennsylvania, 19134, USA",
        "media": [
          "0c3bcd24e72b527a29fed1b3b546209c",
          "281230e59f0734b468bc2c41ab2307da",
          "fa9b0b61b332ee6b54cbf15e6d2a1d8e",
          "df9a2304a405bc527a262dd7eacad12c",
          "35da4ec155b30035c52bed080c72d761",
          "aeaacb92accb1ec75376291d8f7f1b6e",
          "c76aac48e2b223fb777a4534f9ab538c",
          "6db67a1023d923d71219c2456b93f0df",
          "1610465c8290eed1ebb1fdc6957c739f",
          "04ee354fdb81f5cc8ffe529036e0151c",
          "850cc7d07c69aab1caaf44d31a0ff5fb",
          "d603e7c382bc8ab47fa690a3be0409a4",
          "073c70543a443de417174c01265cab67",
          "ff9c3c58b5f424439f3114bfcccb6f20",
          "e686ba37a83bd5ed5d9db2d74f7e7b25",
          "9e4e5e0fa8fe8228e3fe067d2a0fd4de",
          "c24d52502813bba55379cdcda6752368"
        ]
      }
    },
    {
      "type": "Feature",
      "geometry": {
        "type": "Point",
        "coordinates": [
          -75.1690787,
          39.9653724
        ]
      },
      "properties": {
        "mural_name": "Love of the Game",
        "artist": "Nilé Livingston",
        "address": "1727-29 Mt Vernon St, Philadelphia, Pennsylvania, 19130, USA",
        "media": [
          "290d1821b54b97b28c2b34dfe891f780"
        ]
      }
    },
    {
      "type": "Feature",
      "geometry": {
        "type": "Point",
        "coordinates": [
          -75.17591296102303,
          40.03823243308848
        ]
      },
      "properties": {
        "mural_name": "Love Speak For Me",
        "artist": "Shira Walinsky",
        "address": "5853 Germantown Ave, Philadelphia, Pennsylvania, 19144, USA",
        "media": [
          "66f7de491b9f75f17630d8f6d4f732ca"
        ]
      }
    },
    {
      "type": "Feature",
      "geometry": {
        "type": "Point",
        "coordinates": [
          -75.1641246086824,
          39.949585725340754
        ]
      },
      "properties": {
        "mural_name": "Lovely Day",
        "artist": "Lauren Cat West",
        "address": "200 S Broad St, Philadelphia, Pennsylvania, 19102, USA",
        "media": [
          "ef6eb179cca35bb57c148f5e228a4554",
          "5a720e3acaee0ed99e417682f205ea27",
          "d877a788fc7f144fc0dc85cac02e5bc3",
          "0d79c6b6d42dcfa0254af6e8df83be3a",
          "631b3c51159202d548c12d03d99bf055",
          "a98657dd99b9952637fdb239b77c3f95",
          "47b0b7d2022a3d45d635f91e65b44894",
          "94d7d441eea5bea4d467f4a8ea836905",
          "89ca9acfd1ffc54148a54abb94cac89b",
          "87e1069c89bccf5c92bf2c8c2f99941d",
          "cb38f6cc958dafc4bed27c7ed2ceef60"
        ]
      }
    },
    {
      "type": "Feature",
      "geometry": {
        "type": "Point",
        "coordinates": [
          -75.14830373162832,
          40.00128800771339
        ]
      },
      "properties": {
        "mural_name": "Loving Memories",
        "artist": "Amber Art and Design",
        "address": "Germantown Ave & Allegheny Ave, Philadelphia, Pennsylvania, 19133, USA",
        "media": [
          "29917f41772a50ee125de1014ad45214",
          "28edd2c666a22b9ffab62a020c69f74d",
          "7b85ef186d7e26eefa193dec6f264bc4",
          "22894569c40b045e0038d9885c6cff36",
          "7953eb05c44ec61c6a19affab4f06227",
          "356931037ce94d69f5ba5117caa40fbd",
          "fed55f4c0405657674ffa8bed51381a4",
          "f48e91c5e1f15138c159c1e561e882f8",
          "1bac6610008588c9515027958b356b5d"
        ]
      }
    },
    {
      "type": "Feature",
      "geometry": {
        "type": "Point",
        "coordinates": [
          -75.14503981485703,
          40.039196662988815
        ]
      },
      "properties": {
        "mural_name": "Luminaries: The Coronation",
        "artist": "Patrick Dougher",
        "address": "1400 W Olney Ave, Philadelphia, Pennsylvania, 19141, USA",
        "media": [
          "5a23d58184a566b2ae3f809c48ce8a28",
          "636a1ded26ee3e49d9dbbd2052c4c87f",
          "bed0f65de991687a05a97be3665d4f2e",
          "2d38bf14efc15d6bd59e9727be5263fa",
          "0003871cd77ea85416fb1894415a4050",
          "5c1a0a78ad37ecc02da188be239fe543",
          "1d1fcda11a80c684712a1dfc2b8104c3",
          "fe674d790504b0abc190a57282b057a5"
        ]
      }
    },
    {
      "type": "Feature",
      "geometry": {
        "type": "Point",
        "coordinates": [
          -75.1492978510091,
          39.98145776771205
        ]
      },
      "properties": {
        "mural_name": "Magic Hour",
        "artist": "Brad Carney",
        "address": "927 W Berks St, Philadelphia, Pennsylvania, 19122, USA",
        "media": [
          "8a9fc43b2adfed8e3d96a7149f3b3a1e",
          "61382fd3870e6abc73ef4e2cf0c97a66"
        ]
      }
    },
    {
      "type": "Feature",
      "geometry": {
        "type": "Point",
        "coordinates": [
          -75.21197625308206,
          39.9440493829073
        ]
      },
      "properties": {
        "mural_name": "Magic Wall",
        "artist": "Ana Uribe",
        "address": "1230 S 47th St, Philadelphia, Pennsylvania, 19121, USA",
        "media": [
          "2fc224ef0c25372263392bd94bfeb31a",
          "52059bc35ed0dcde4e7a0686b1ceb91a"
        ]
      }
    },
    {
      "type": "Feature",
      "geometry": {
        "type": "Point",
        "coordinates": [
          -75.21481504678296,
          39.97272594262862
        ]
      },
      "properties": {
        "mural_name": "Magical Spaces: Playground and Murals",
        "artist": "David McShane",
        "address": "4600 W Girard Ave, Philadelphia, Pennsylvania, 19131, USA",
        "media": [
          "4d51008a286b1b4497587ab0d53c4927",
          "bcdf4b69499b642109d34bd487274271",
          "81ed1a7fcfb35eca3c81b555e75c44d8",
          "4eb35c0039b9345ecc46d37e37a98a30",
          "62a4c489cc3418eee80ee8081203da43",
          "a4118e118a56b0fe9d481d3f9a8852a2",
          "3518edd53a08cdc2bcbb1907706e852c",
          "337d72e8adfac2f8e9e3915a532358ba",
          "5557ce00bbf8f1354bc0b5d33d43ada3"
        ]
      }
    },
    {
      "type": "Feature",
      "geometry": {
        "type": "Point",
        "coordinates": [
          -75.13278542318614,
          39.99170402956931
        ]
      },
      "properties": {
        "mural_name": "Maguire Benches",
        "artist": "Brad Carney",
        "address": "W Lehigh Ave, Maguire Playground, Philadelphia, Pennsylvania, 19133, USA",
        "media": [
          "8e3da876a815c532e5c0bf7f643ae9bc",
          "f35de33a0c43188ce8bd77187920266d",
          "78f598b250e76a96e6abf44dcdd82aa7",
          "d95eab636118a55c90406c718fd171f1",
          "5a7ecddb9a49a4b3989302d570cbfa02"
        ]
      }
    },
    {
      "type": "Feature",
      "geometry": {
        "type": "Point",
        "coordinates": [
          -75.15923587512899,
          39.92632839659585
        ]
      },
      "properties": {
        "mural_name": "Making the Right Choice",
        "artist": "David McShane",
        "address": "1818 S 8th st, Philadelphia, Pennsylvania, 19148, USA",
        "media": [
          "d4b6312b9f75635f4f6d0cb1466ae4da"
        ]
      }
    },
    {
      "type": "Feature",
      "geometry": {
        "type": "Point",
        "coordinates": [
          -75.18509394249405,
          39.99140922681841
        ]
      },
      "properties": {
        "mural_name": "Malcolm X",
        "artist": "Cliff Hudson",
        "address": "3211 Ridge Ave, Philadelphia, Pennsylvania, 19128, USA",
        "media": [
          "1d00255fa8c65ed97db8fd2e2fa03437"
        ]
      }
    },
    {
      "type": "Feature",
      "geometry": {
        "type": "Point",
        "coordinates": [
          -75.18509394249405,
          39.99140922681841
        ]
      },
      "properties": {
        "mural_name": "Malcolm X (Reenvisioning)",
        "artist": "Cliff Hudson",
        "address": "3211 Ridge Ave, Philadelphia, Pennsylvania, 19128, USA",
        "media": [
          "4f89441d67dbecbe1470dfef5a4e1696"
        ]
      }
    },
    {
      "type": "Feature",
      "geometry": {
        "type": "Point",
        "coordinates": [
          -75.17863328022102,
          39.93929433344639
        ]
      },
      "properties": {
        "mural_name": "MALLKUANKA—Vuelo Surnorte De Colores/ The South-North Flight of Colors",
        "artist": "Roberto Mamani Mamani",
        "address": "Washington Ave & S 26th St, Philadelphia, Pennsylvania, 19146, USA",
        "media": [
          "84354e624a4347e01593e16147ab2fc1",
          "8c0e203106a7874112faeb9f79249949",
          "87d23e6311d8db370fd136ac0acac0ea",
          "30f24c3ba37c1a1f14464a81a023325d"
        ]
      }
    },
    {
      "type": "Feature",
      "geometry": {
        "type": "Point",
        "coordinates": [
          -75.18119577376753,
          39.93270977056098
        ]
      },
      "properties": {
        "mural_name": "Mamie Nichols",
        "artist": "David McShane",
        "address": "1529 S 22nd St, Philadelphia, Pennsylvania, 19146, USA",
        "media": [
          "e1a905f5edd0025f993b87193db03afa",
          "d8565a1f8ed55f1dc557216684ed6e40"
        ]
      }
    },
    {
      "type": "Feature",
      "geometry": {
        "type": "Point",
        "coordinates": [
          -75.22579907320737,
          40.025984510438164
        ]
      },
      "properties": {
        "mural_name": "Manayunk Heritage Mural (History of Canals)",
        "artist": "Patricia Ingersoll",
        "address": "4436 Main St, Philadelphia, Pennsylvania, 19127, USA",
        "media": [
          "85ad653bd6d1ee76d1607593f6479efe",
          "7129c2c5f6e4c8de909f028d30891714",
          "5507bc46d901ce821990f23ee76cef24",
          "1d980d4b558bb01ead1b75edda42b48a"
        ]
      }
    },
    {
      "type": "Feature",
      "geometry": {
        "type": "Point",
        "coordinates": [
          -75.22579907320737,
          40.025984510438164
        ]
      },
      "properties": {
        "mural_name": "Manayunk Heritage Mural (History of Industry)",
        "artist": "Patricia Ingersoll",
        "address": "4436 Main St, Philadelphia, Pennsylvania, 19127, USA",
        "media": [
          "3b8165b638efc163e08d9b2066937a0d",
          "5cac4e501b9cd2e23afaf215a2aa6108",
          "5507bc46d901ce821990f23ee76cef24",
          "1d980d4b558bb01ead1b75edda42b48a"
        ]
      }
    },
    {
      "type": "Feature",
      "geometry": {
        "type": "Point",
        "coordinates": [
          -75.23051931794483,
          40.03144753419726
        ]
      },
      "properties": {
        "mural_name": "Manayunk Panorama",
        "artist": "Eurhi Jones",
        "address": "4667 Umbria Street, Philadelphia, Pennsylvania, 19127, USA",
        "media": [
          "eb8917df8ff73cb11555ea5968ada6b1",
          "28aa571eb9f506a7ee6c3f236423e39c",
          "938c61d87219f8c865a39b11d1c5fb77",
          "e06993fc67c7ee0967c012c4a1040142",
          "8e861f5b4b5cd53e43996f5ba5128ddf",
          "9c8dbf5d62e40facd87efd34a6fcff6a",
          "33dd17272d75372d300105c560bcee68"
        ]
      }
    },
    {
      "type": "Feature",
      "geometry": {
        "type": "Point",
        "coordinates": [
          -75.21722034843268,
          40.02295938848873
        ]
      },
      "properties": {
        "mural_name": "Manayunk Textile",
        "artist": "Henry Morales",
        "address": "Shurs Ln & Cresson St, Philadelphia, Pennsylvania, 19127, USA",
        "media": [
          "a5f499ae9c5fc653afe9687ad022a53a",
          "491dd05cb935a06be6f9402f72bc6ba8",
          "5c9ff036a193000ff1aee9a812b2472f",
          "eb5c23a31a216c536bc773b362cc5e7c"
        ]
      }
    },
    {
      "type": "Feature",
      "geometry": {
        "type": "Point",
        "coordinates": [
          -75.20896465960757,
          40.015664099581706
        ]
      },
      "properties": {
        "mural_name": "Manayunk Views",
        "artist": "Patricia Ingersoll",
        "address": "5028 Ridge Ave, Philadelphia, Pennsylvania, 19128, USA",
        "media": [
          "5e72641301e8153a39a085a3736181cc",
          "fff7e16e1cac55277c79bdadfe5e8a6c",
          "337c70470480d04f64b6c20e693795ae",
          "1527bdd028776bfc272ab1dbc0a3146f",
          "67660d1074f5709ab19235ed26bdeea1",
          "23a3f3e9cb56d3e111b6e5f18a8fc76f"
        ]
      }
    },
    {
      "type": "Feature",
      "geometry": {
        "type": "Point",
        "coordinates": [
          -75.15980654542234,
          39.92545169859643
        ]
      },
      "properties": {
        "mural_name": "Mandala",
        "artist": "Delia King",
        "address": "1901 S 9th St, Philadelphia, Pennsylvania, 19148, USA",
        "media": [
          "66a6f3b4659a2fc0ab28130741a8be4d",
          "a7d987795fdef00c9fff850007d55f45",
          "d9abc11719c1b76ff1b5f211254daf0d",
          "c3d7f2bfa1061fc3092108aac7e02048"
        ]
      }
    },
    {
      "type": "Feature",
      "geometry": {
        "type": "Point",
        "coordinates": [
          -75.1874878896768,
          39.96356134487695
        ]
      },
      "properties": {
        "mural_name": "Mantua All Stars",
        "artist": "Shira Walinsky",
        "address": "N 31st St & Spring Garden St, Philadelphia, Pennsylvania, 19104, USA",
        "media": [
          "9690b17f39770211da21334008d10322"
        ]
      }
    },
    {
      "type": "Feature",
      "geometry": {
        "type": "Point",
        "coordinates": [
          -75.12866556715382,
          39.99557507232209
        ]
      },
      "properties": {
        "mural_name": "Manual 3: Hope Sigil",
        "artist": "José Ortiz-Pagán",
        "address": "3000 N Swanson St, Philadelphia, Pennsylvania, 19134, USA",
        "media": [
          "70b556941da3828b27fce4bdf5d8e096",
          "34d8a5e2ed5df66b17545c4aacbe7068"
        ]
      }
    },
    {
      "type": "Feature",
      "geometry": {
        "type": "Point",
        "coordinates": [
          -75.11212941478512,
          39.986381359374406
        ]
      },
      "properties": {
        "mural_name": "Many Voices Many Eyes",
        "artist": "Diane Pieri",
        "address": "2950 Memphis St, Philadelphia, Pennsylvania, 19134, USA",
        "media": [
          "b46b79550f42d90d4fb3ca8a614947bc",
          "b46b79550f42d90d4fb3ca8a614947bc"
        ]
      }
    },
    {
      "type": "Feature",
      "geometry": {
        "type": "Point",
        "coordinates": [
          -75.0722757574625,
          40.03785144952884
        ]
      },
      "properties": {
        "mural_name": "Many Voices One Song: Beauty and Strength in Diversity",
        "artist": "David McShane",
        "address": "6401 Horrocks St, Philadelphia, Pennsylvania, 19149, USA",
        "media": [
          "32185a1f9ed686eb2c756b4b702ed9c7",
          "6c89924c4772cc2af42866b11ed71d4a",
          "bb13f11399cb0121c891d90b5e81ccd4",
          "2d728f33e777e999069842eab0fc43a0",
          "c2d8338e795b828d9507ba394079a4d5",
          "1257d1c8e7785ec1877daaf3728c42e7",
          "593691e3b30f994d61c87ee02d8d75f1",
          "612d5763987cd7cf624840415fae9fb8",
          "7a7138641683bd0b8657d63ad5922002",
          "345f168db966b1083f723d63dc8f541d",
          "976df30a1012534ba3d93a831200eb9e"
        ]
      }
    },
    {
      "type": "Feature",
      "geometry": {
        "type": "Point",
        "coordinates": [
          -75.15245171556924,
          39.94231457088438
        ]
      },
      "properties": {
        "mural_name": "Mapping Courage: Honoring the Legacy of W.E.B Du Bois and Engine 11",
        "artist": "Willis \"Nomo\" Humphrey",
        "address": "601 South St, Philadelphia, Pennsylvania, 19147, USA",
        "media": [
          "09f4fad9cb459f360423c84c502242d5",
          "bc9b771dd5c21c27c31ce5eb4c664617",
          "36bbc986e4a43401b5b498556cda9930"
        ]
      }
    },
    {
      "type": "Feature",
      "geometry": {
        "type": "Point",
        "coordinates": [
          -75.17566896108981,
          39.953748977983764
        ]
      },
      "properties": {
        "mural_name": "Mapping Freire",
        "artist": "Marcus Balum",
        "address": "2110 Market St, Philadelphia, Pennsylvania, 19103, USA",
        "media": [
          "ec172402815b3f1b1855aea51e1a92d0"
        ]
      }
    },
    {
      "type": "Feature",
      "geometry": {
        "type": "Point",
        "coordinates": [
          -75.16806505596321,
          39.933594255731556
        ]
      },
      "properties": {
        "mural_name": "Mario Lanza",
        "artist": "Diane Keller",
        "address": "1326 S Broad St, Philadelphia, Pennsylvania, 19146, USA",
        "media": [
          "4d957de32fffe855efa2575cfd12d14c",
          "e17acfb06b74aef885377e76da4a566e",
          "0ac096720cf1bfd5917ab465a0c04d6d",
          "b1fc5bc38a64420392d2b09bec17da09",
          "b4be0bb27bdc5b026edc99986b9ff5c1",
          "44be7bf165ecb10ac1c2c35123337684"
        ]
      }
    },
    {
      "type": "Feature",
      "geometry": {
        "type": "Point",
        "coordinates": [
          -75.15959789704381,
          39.951533017746925
        ]
      },
      "properties": {
        "mural_name": "Market East/Chestnut Street Walk",
        "artist": "Marian Bailey",
        "address": "1199 Ludlow St, Philadelphia, Pennsylvania, 19107, USA",
        "media": [
          "2fd4d460690042145f708b7623c38716",
          "b50b83fe581e1c8dae429edd1d323299"
        ]
      }
    },
    {
      "type": "Feature",
      "geometry": {
        "type": "Point",
        "coordinates": [
          -75.16354767561977,
          39.95296446809859
        ]
      },
      "properties": {
        "mural_name": "Marriage Selfie Mural",
        "artist": "Nathaniel Lee",
        "address": "1400 John F. Kennedy Blvd, Philadelphia, Pennsylvania, 19107, USA",
        "media": [
          "eb66c96544eb18e2aa2d05c2ccb01e41",
          "a28de194c52825c94ee44b2aa548fe81"
        ]
      }
    },
    {
      "type": "Feature",
      "geometry": {
        "type": "Point",
        "coordinates": [
          -75.17353651609378,
          39.97419480758924
        ]
      },
      "properties": {
        "mural_name": "Martin Luther King Jr. Day of Service Banner Project",
        "artist": "Amir Lyles",
        "address": "2010 S College Ave, Philadelphia, Pennsylvania, 19121, USA",
        "media": [
          "535f2afd36a579ff31773f0b91f38e43",
          "ae7a08e8b97afef514360282e197686b",
          "b68e4a4ac87339e79921effea3666358",
          "c1c9c5632ab9e9c45312be7324967658",
          "186417a492779ffd3d446c085d1d1267",
          "fe77d7539e77b96e63e0e3c7ee72bee4"
        ]
      }
    },
    {
      "type": "Feature",
      "geometry": {
        "type": "Point",
        "coordinates": [
          -75.15858355200858,
          39.95172083553639
        ]
      },
      "properties": {
        "mural_name": "Matisse Under the Table",
        "artist": "Kathleen Eastwood-Riaño",
        "address": "1100 Market St, Philadelphia, Pennsylvania, 19107, USA",
        "media": [
          "1b1748ec7896ccc707426e1d47bb608c",
          "e3b5367c941ec7f2bdff9d2d67e066a4"
        ]
      }
    },
    {
      "type": "Feature",
      "geometry": {
        "type": "Point",
        "coordinates": [
          -75.17510361825997,
          40.080809276127226
        ]
      },
      "properties": {
        "mural_name": "McCloskey School",
        "artist": "Beth Clevenstine",
        "address": "8500 Pickering Ave, Philadelphia, Pennsylvania, 19150, USA",
        "media": [
          "1c9595dd0c8a6ca1eff112968cd19bc5",
          "af4ab0cdbff6a128ad3cfc4bc25f64ec",
          "5034562ac7177a3e3965cdbfb8a26b03",
          "90418d091f9c948fb993d0f494c11985",
          "b9dda8f61be42c33b396932daf404a0a"
        ]
      }
    },
    {
      "type": "Feature",
      "geometry": {
        "type": "Point",
        "coordinates": [
          -75.1586880319599,
          39.934136353776
        ]
      },
      "properties": {
        "mural_name": "Melting Pot at Capitolo Playground",
        "artist": "Jon Laidacker",
        "address": "900 Federal St, Philadelphia, Pennsylvania, 19147, USA",
        "media": [
          "18e9e07197e55ca1c585dcf8053739db",
          "91787006ae053631172c6c9dfdc177b2",
          "c7a381b20ef18f5f0f8caf31520d40e5",
          "8fa61cfc0aa5c0cb19c573825efb1260",
          "65419286dfc567e17126d98aaf7c9472",
          "43e002940bb1c076783d69a05a5c8d01",
          "3a0ca38582acd09ed78ef3852d76cb39"
        ]
      }
    },
    {
      "type": "Feature",
      "geometry": {
        "type": "Point",
        "coordinates": [
          -75.17257897191314,
          39.968533720939796
        ]
      },
      "properties": {
        "mural_name": "Memes of Consciousness: Where Beauty Intervenes",
        "artist": "Andrea Walls",
        "address": "2027 Fairmount Ave, Philadelphia, Pennsylvania, 19130, USA",
        "media": [
          "93b3ee6b2255dfca3b763458351bbcae"
        ]
      }
    },
    {
      "type": "Feature",
      "geometry": {
        "type": "Point",
        "coordinates": [
          -75.15865098211856,
          39.97251178547997
        ]
      },
      "properties": {
        "mural_name": "Memories and Mementos",
        "artist": "David McShane",
        "address": "1221-25 N Broad St, Philadelphia, Pennsylvania, 19122, USA",
        "media": [
          "a114d8b14b54c698c4364e29aae3fbdb",
          "93457676dacd0fa54d7528e63d35cd93",
          "5a3b7c6397e3aef7d0ab76e618130493",
          "8979402920e57236bcfdc86d22d66193",
          "62764b800a198c4f711088f1b3ee8eec"
        ]
      }
    },
    {
      "type": "Feature",
      "geometry": {
        "type": "Point",
        "coordinates": [
          -75.15594817622494,
          39.96223705291445
        ]
      },
      "properties": {
        "mural_name": "Memory of My Life",
        "artist": "Frito Bastien",
        "address": "1039 Spring Garden St, Philadelphia, Pennsylvania, 19123, USA",
        "media": [
          "36543d48f30a8fe77a3648822c3aa4ca",
          "5c0aa994f9ba1650b7c8dbdb8bea21d8"
        ]
      }
    },
    {
      "type": "Feature",
      "geometry": {
        "type": "Point",
        "coordinates": [
          -75.16638675389603,
          39.982840978280315
        ]
      },
      "properties": {
        "mural_name": "Men Can",
        "artist": "Paul Santoleri",
        "address": "1932 W Berks St, Philadelphia, Pennsylvania, 19121, USA",
        "media": [
          "67da17fb121f817fb7434aa663317ca4"
        ]
      }
    },
    {
      "type": "Feature",
      "geometry": {
        "type": "Point",
        "coordinates": [
          -75.15785032958604,
          39.950707871276016
        ]
      },
      "properties": {
        "mural_name": "Mercantile Library",
        "artist": "Kala Hagopian @HagopianArts",
        "address": "1021 Chestnut St, Philadelphia, Pennsylvania, 19107, USA",
        "media": [
          "24134d66d7e213d0ab9b7d7c7a153230",
          "b3d0a381ce647fdc0939b7da2feb5012",
          "9a3a8b2569e018dc2b49d6fb66b1ddd9"
        ]
      }
    },
    {
      "type": "Feature",
      "geometry": {
        "type": "Point",
        "coordinates": [
          -75.01647220739045,
          40.03031848598918
        ]
      },
      "properties": {
        "mural_name": "Messages from Mom",
        "artist": "Delia King",
        "address": "8151 State Road, Philadelphia, Pennsylvania, 19136, USA",
        "media": [
          "4efcef863fa78464d2c03a7d423f10ea",
          "99adf4e826b194cca92cfa5d24da34ec",
          "e0502669676d37eaaeef955a3581e0b9",
          "ea4502a2da7bd9150c8b49a1336de218",
          "fb1a87b8f810ae2ea305497f1d591745",
          "c48035f6bb1cae5017663b0f89b097eb",
          "3059ebf225cf5ba15905cead2d99a9d7"
        ]
      }
    },
    {
      "type": "Feature",
      "geometry": {
        "type": "Point",
        "coordinates": [
          -75.15958563184566,
          39.96021488105244
        ]
      },
      "properties": {
        "mural_name": "Messages to Our Neighbors",
        "artist": "Aram Han Sinfuentes",
        "address": "1300 Noble Street, Philadelphia, Pennsylvania, 19123, USA",
        "media": [
          "496dbdb4ab246b10ddfe2021fad64c32",
          "bfe6ce5ed3d2ec5dee8681608e1a8a67",
          "ecc76d4ad94a8d68677554abe5a1e497",
          "0523db996c44454919f1daa4cbdaa8bb",
          "0523db996c44454919f1daa4cbdaa8bb",
          "52a506255221c5310001363ff76653bb",
          "f4deb96fea7a8f4048ce9f7e52eddce0",
          "179b0614ae1d1aff447f454853fab725",
          "63ff2d9c74c04a3a6e9e05421939e92f",
          "242ba042f965c8c167238c5c6c2ac63c",
          "cb1e435c0a249fd2c40520934eff0cf6",
          "5809023d7a5ebffd84a3614cdad1fb94",
          "16a358da5445ecbff7c17b277f0077a9",
          "df2937edb07c33c15f4e547834c86e1c",
          "e8c784c0fc7c88d0e9a3a26f07bdfe74",
          "a60505ec5826570ff6b5c9ac8ae9f015",
          "653ea7efc14c34f295d4acb5557939cb",
          "188489b88dc7304ddde3692cbfb3842f",
          "d05ee23f64408ec347d4ce0956e762b8",
          "4c4280ffe4be50bb1ef600b97e149495",
          "ab92901efea1354d41429753140ef622",
          "180f81deff872d070154db99d9cf4092",
          "a0894f363ffbde8934b2835c6cbd9ce6",
          "a0894f363ffbde8934b2835c6cbd9ce6",
          "8c6ebccc2119d8733ae721167e02ce2a",
          "d78b1dc91bfb775848fcd787ceee6bd9",
          "15f9c14da7348839c90fe563005c7082",
          "53b951e99d0ee630ccf1be4eea28087b",
          "9b279692f0fc7fe5470ec1d809857ae0",
          "9489d5ad5514e6000bf27c81074d19e5",
          "6730d45fe1b8288ec30e93dd26968064",
          "f849bc3014e0bf9aeb8ce07487258f58",
          "acddc83aabeef8b187ccb0ae17134d9e",
          "4a68b0ed8cc311124b5fe7506d62c62f",
          "e58853c63b4c49a36e344f900e2b6e72",
          "51412d21c598eff19c73928895984582"
        ]
      }
    },
    {
      "type": "Feature",
      "geometry": {
        "type": "Point",
        "coordinates": [
          -75.18743975744911,
          39.9749264882017
        ]
      },
      "properties": {
        "mural_name": "Metamorphosis",
        "artist": "Robert Phillips",
        "address": "Poplar Dr & W Girard Ave, Philadelphia, Pennsylvania, 19130, USA",
        "media": [
          "9157ba5dd77dbb22a684cb2c1c4a48ec",
          "dc93f8532c9bc766f9d9ee1031625d93",
          "8d0c316eb7d210dd5f92fd0d40d8cb55",
          "472aef12c53ff841beaaa34f534daa2c",
          "20fbca3b5cc87dbd1c2bb75fefca5d83",
          "5d8633dd65c1aab5e202d7c882727081",
          "23f0daccb04356a4b4c16af69d47dcaf",
          "daa65988ee06ee6bf14f64629e43ce9c",
          "e617aded3bb7850e2060d42d7b1593bc",
          "4dc611d1e914371b86ba296a67e5a142",
          "cd1fd0cc87c8c9902057c6a05080d1e9",
          "e8c76d9cae29ebd33f8bdd990d296799",
          "a527eb3ffe9bb8a8f0b3887d54facb86"
        ]
      }
    },
    {
      "type": "Feature",
      "geometry": {
        "type": "Point",
        "coordinates": [
          -75.1490402418357,
          39.992345932160696
        ]
      },
      "properties": {
        "mural_name": "Metamorphosis Mural",
        "artist": "Paige Smith",
        "address": "2601 N 11th St, Philadelphia, Pennsylvania, 19133, USA",
        "media": [
          "4b019c2842bc9b532d0ac81e2c1f9863"
        ]
      }
    },
    {
      "type": "Feature",
      "geometry": {
        "type": "Point",
        "coordinates": [
          -75.15995558437861,
          39.96554643789633
        ]
      },
      "properties": {
        "mural_name": "Metamorphosis: Blueprint to End Homelessness",
        "artist": "Josh Sarantitis",
        "address": "1360 Ridge Ave, Philadelphia, Pennsylvania, 19123, USA",
        "media": [
          "d6414c1ae05f1cee97c19a46bc2116a0"
        ]
      }
    },
    {
      "type": "Feature",
      "geometry": {
        "type": "Point",
        "coordinates": [
          -75.02616273432845,
          40.106269820801934
        ]
      },
      "properties": {
        "mural_name": "Metanoia",
        "artist": "Dom Lyner (aka Llyn.el)",
        "address": "10175 Bustleton Ave, Philadelphia, Pennsylvania, 19116, USA",
        "media": [
          "585928c1e5612c3f87b35a9997a32cf0"
        ]
      }
    },
    {
      "type": "Feature",
      "geometry": {
        "type": "Point",
        "coordinates": [
          -75.1942089642409,
          39.966892716774645
        ]
      },
      "properties": {
        "mural_name": "Micro to Macro",
        "artist": "Benjamin Volta",
        "address": "3543 Fairmount Ave, Philadelphia, Pennsylvania, 19104, USA",
        "media": [
          "023fe07da075f24c54be617215f07dcf",
          "25648eb8e84149ae38904efd10571412",
          "becb1e62dcabb20a6987df09e1c81b85",
          "21ff45d9257d02d6d647b5beef15a397",
          "abd7ac640a31864404d54c891665226c",
          "9a859f9a25153410b0a51be2c7da0fc5",
          "79cba2c487ba62117746acbe354fc4e0",
          "89ae10af3f3bbb38c3dd8ac3133bbd68",
          "7e5f9e2283e121cdad3f2a4ad5a0119f",
          "d60389aea0444b45148fb06912c45802"
        ]
      }
    },
    {
      "type": "Feature",
      "geometry": {
        "type": "Point",
        "coordinates": [
          -75.15271871983494,
          39.92477847503746
        ]
      },
      "properties": {
        "mural_name": "Migrant Imaginary",
        "artist": "Layqa Nuna Yawar",
        "address": "1902 S 4th St, Philadelphia, Pennsylvania, 19148, USA",
        "media": [
          "0e082f44003dbbf6d51c2c2052f8f8e8"
        ]
      }
    },
    {
      "type": "Feature",
      "geometry": {
        "type": "Point",
        "coordinates": [
          -75.16572123572712,
          39.95172457107578
        ]
      },
      "properties": {
        "mural_name": "Migrants, Ibrahim, Mingora-Philadelphia",
        "artist": "JR",
        "address": "30 S 15th St, Philadelphia, Pennsylvania, 19102, USA",
        "media": [
          "d6fc33be22a7a7a0fcd1014171bc2342",
          "57880a2e3a54b5aa7eae71a292daccdb",
          "b6d9e204af576363902633d68a7b4426",
          "8079e95fe9e3f6d75a2c607a59e7b1dc",
          "b0b7aabf253fbc18c3f9c542e7ef51d0",
          "df9dec97f20197a8b437665ead2d8841",
          "a6ee46d48e54a88cb16338d79a202be7",
          "c0becb718a5f60b087f99aa82fa8f0f5"
        ]
      }
    },
    {
      "type": "Feature",
      "geometry": {
        "type": "Point",
        "coordinates": [
          -75.16147936583015,
          39.93075921996442
        ]
      },
      "properties": {
        "mural_name": "Migrating Home",
        "artist": "Shira Walinsky",
        "address": "1500 S 10th St, Philadelphia, Pennsylvania, 19147, USA",
        "media": [
          "c8108a2cf78ba8f833afd3d23811130a",
          "2c1a64526ee2c3d31c374eb26841bc26",
          "fa0fede756de61faca6324083828554c"
        ]
      }
    },
    {
      "type": "Feature",
      "geometry": {
        "type": "Point",
        "coordinates": [
          -75.06954312825039,
          40.03857077518273
        ]
      },
      "properties": {
        "mural_name": "Migration Nation",
        "artist": "Shira Walinsky",
        "address": "1601 Hellerman St, Philadelphia, Pennsylvania, 19149, USA",
        "media": [
          "ea996acdd8d092c4c1ab068aeb262634",
          "d2d7b5e4cd9d03804e859be02b90a677",
          "bf72b63449c8d4c8c0db51d7c990d1de",
          "c590fe24383c09fca647cf7c0c7edc6a",
          "2263c14471cf2712ee5f68fbff4f4d75",
          "64f80f217706e0528ea2faf84cc27bd3",
          "2200d22e91528b5aab573edb78a8a2a2",
          "418906dc1feeabf276c93daf487703d4",
          "4f0f5dc48c712d2ff72879ce1f81e452"
        ]
      }
    },
    {
      "type": "Feature",
      "geometry": {
        "type": "Point",
        "coordinates": [
          -75.06954312825039,
          40.03857077518273
        ]
      },
      "properties": {
        "mural_name": "Migration Nation",
        "artist": "Shira Walinsky",
        "address": "1601 Hellerman St, Philadelphia, Pennsylvania, 19149, USA",
        "media": [
          "2599b57f232cea38d40c8b0a89fe636b",
          "4f0f5dc48c712d2ff72879ce1f81e452",
          "2200d22e91528b5aab573edb78a8a2a2",
          "64f80f217706e0528ea2faf84cc27bd3",
          "c590fe24383c09fca647cf7c0c7edc6a",
          "bf72b63449c8d4c8c0db51d7c990d1de",
          "d2d7b5e4cd9d03804e859be02b90a677"
        ]
      }
    },
    {
      "type": "Feature",
      "geometry": {
        "type": "Point",
        "coordinates": [
          -75.17889388962787,
          39.928024213427086
        ]
      },
      "properties": {
        "mural_name": "Milkscapes",
        "artist": "Aimee Gilmore",
        "address": "2000 Mifflin St, Philadelphia, Pennsylvania, 19145, USA",
        "media": [
          "4358477f172bedb65022d5151722f7a0",
          "27f70d5c0931ddd07dcdaf9b1a834b0f",
          "597e5ef6d587c92c1ee3f3ce9dcf8f64",
          "00826f7ff6603782b499d1311cf92a73",
          "dd88aa11ea4229dc58141dcd6c04ca9c",
          "fd17c2901dea243224094fabe6b50463",
          "27f76ecfa04e67ec1f73d7a70d708cfd",
          "3ae75cb903d0003d82b4cc9ca6429924",
          "aa4660da926b279ba31b52088b90a8ce"
        ]
      }
    },
    {
      "type": "Feature",
      "geometry": {
        "type": "Point",
        "coordinates": [
          -75.21469170260231,
          39.970926280326815
        ]
      },
      "properties": {
        "mural_name": "Mill Creek Cultural Center mural by Eric Okdeh",
        "artist": "Eric Okdeh",
        "address": "4624 Lancaster Ave, Philadelphia, Pennsylvania, 19131, USA",
        "media": [
          "f21adc9c2103b6aa1e17a4fe1317511b",
          "61075107673bf26d4f11ff2b6431c117",
          "e8f05f324e725850151ab89cef49fe7f"
        ]
      }
    },
    {
      "type": "Feature",
      "geometry": {
        "type": "Point",
        "coordinates": [
          -75.2335464702651,
          39.92175569091152
        ]
      },
      "properties": {
        "mural_name": "MLK Day of Service, 2016 (John Bartram High School)",
        "artist": "Willis \"Nomo\" Humphrey",
        "address": "2401 S 67th St, Philadelphia, Pennsylvania, 19142, USA",
        "media": [
          "f01af03a5feb7f6b400f4eae5dc341bd",
          "5ef21f02d407b967686d9c48b1c01b35",
          "1a576e07fc613c5167a9ad116f3d273b",
          "e2780b69de1a680493f87494768a596a",
          "a8a273ea512bb3cf952deb00d18c0137",
          "85c96c3afb337673d41e8f14bd676584",
          "875404bd8d7ecd575f6e6e743d0832fa",
          "2a0ed0961f36d954446234c5c9a08561",
          "46d64b35c73d38281f60a1e361cf22dd"
        ]
      }
    },
    {
      "type": "Feature",
      "geometry": {
        "type": "Point",
        "coordinates": [
          -75.04844274438429,
          40.021226337876094
        ]
      },
      "properties": {
        "mural_name": "Monarch Butterfly, Milkweed Flowers and Dragonfly",
        "artist": "Alana Bograd",
        "address": "6501 Hegerman St, Philadelphia, Pennsylvania, 19135, USA",
        "media": [
          "d624f269ec383248c4e237768a7c5e2d",
          "3c3bde5f9276bda455b983bd65bed397",
          "ff8a855ba65bc3ee54355f4cae8c51f9",
          "5b76c480e485ab124efdec15e729ba57",
          "bb74509bd432f0095297078447d6e672"
        ]
      }
    },
    {
      "type": "Feature",
      "geometry": {
        "type": "Point",
        "coordinates": [
          -75.1690477,
          39.9654291
        ]
      },
      "properties": {
        "mural_name": "Monument Lab Research/Mobile Labs",
        "artist": "Paul Farber",
        "address": "1727-29 Mt. Vernon Street, Philadelphia, Pennsylvania, 19107, USA",
        "media": [
          "4e23ecba61f1a6b3957b1a39aef50d35"
        ]
      }
    },
    {
      "type": "Feature",
      "geometry": {
        "type": "Point",
        "coordinates": [
          -75.16313497376656,
          39.95581240587296
        ]
      },
      "properties": {
        "mural_name": "Monument to New Immigrants",
        "artist": "Tania Bruguera",
        "address": "118-128 N Broad St, Philadelphia, Pennsylvania, 19102, USA",
        "media": [
          "9f7abf3f50dade3ed7e8c1974f1e930f",
          "73b4ae45f0bafc24368bcfafbc1171ee",
          "5b08db5e97958a05aae6baa2e0293461",
          "d472ac5086738f87b9a6103e9419faa7",
          "2f7dccb30fa0cc73301acac8145ae7d6"
        ]
      }
    },
    {
      "type": "Feature",
      "geometry": {
        "type": "Point",
        "coordinates": [
          -75.168086,
          39.961348
        ]
      },
      "properties": {
        "mural_name": "Moon Viewing Platform",
        "artist": "Nadia Hironaka",
        "address": "465 N 18th St, Philadelphia, Pennsylvania, 19130, USA",
        "media": [
          "3b26de97389381f509ac5cc2855ce8c7"
        ]
      }
    },
    {
      "type": "Feature",
      "geometry": {
        "type": "Point",
        "coordinates": [
          -75.1556064665693,
          39.93883630664912
        ]
      },
      "properties": {
        "mural_name": "Moonlit Landscape",
        "artist": "Diane Keller",
        "address": "737 Christian St, Philadelphia, Pennsylvania, 19147, USA",
        "media": [
          "ab0ba37a0432a4e9adc28d244df061d8",
          "e55b04dfd5235c043ce5cd932c73e826",
          "0691f284dc20ed23f40534667d818325",
          "6266965651eece694265ff4342159a27"
        ]
      }
    },
    {
      "type": "Feature",
      "geometry": {
        "type": "Point",
        "coordinates": [
          -75.15670957036933,
          39.90257933218584
        ]
      },
      "properties": {
        "mural_name": "More than Food",
        "artist": "Carlos \"Calo\" Rosa",
        "address": "3616 S Galloway St, Philadelphia, Pennsylvania, 19148, USA",
        "media": [
          "0033b9fb03c91351edaa36041326b4bb",
          "9464d860386ba42bc387cb15eadb1822",
          "6cf1c1df41d2d1e53ee466a8b39a7de3",
          "ed2a74ae45476d3b09a1a7223db6a3a9",
          "e30902328ed382a387f2aa44544c8f59",
          "e89c7cd61336c1017bfb72aba9a04944"
        ]
      }
    },
    {
      "type": "Feature",
      "geometry": {
        "type": "Point",
        "coordinates": [
          -75.1570995160941,
          39.96399258780886
        ]
      },
      "properties": {
        "mural_name": "Morning Doves",
        "artist": "Qimin \"Jimmy\" Liu",
        "address": "623 N 12th St, Philadelphia, Pennsylvania, 19123, USA",
        "media": [
          "b5a4dac5aab2254d7af6da1511f7fedd"
        ]
      }
    },
    {
      "type": "Feature",
      "geometry": {
        "type": "Point",
        "coordinates": [
          -75.12869524522416,
          39.98475190344454
        ]
      },
      "properties": {
        "mural_name": "Morning Glory \"Matuzahor\"",
        "artist": "Alexandre \"Psyckoze\" Stolypine",
        "address": "2012 E Hagert St, Philadelphia, Pennsylvania, 19125, USA",
        "media": [
          "5b28ea3a91371de41e95d54154673ac0",
          "b96700edd15056c5206b15e9fb71ef1a",
          "ccc66bb45d487308af2843717ead0f50",
          "d2db493f9d148e7b483f1622a35bae93",
          "1705fb90041a707c3ca7de081436caf8",
          "0625210551e72ba7d3fd3c1ec61774f3",
          "064088eadb984e3d2d76b0dc42878e56",
          "e1390bef755c319755882eee86f933a5"
        ]
      }
    },
    {
      "type": "Feature",
      "geometry": {
        "type": "Point",
        "coordinates": [
          -75.19027085227762,
          39.93738767765433
        ]
      },
      "properties": {
        "mural_name": "Morning Landscape",
        "artist": "Cliff Eubanks",
        "address": "S 28th St & Wharton St, Philadelphia, Pennsylvania, 19146, USA",
        "media": [
          "0f343b2fb85cfdfad04e1d2abd614bd8"
        ]
      }
    },
    {
      "type": "Feature",
      "geometry": {
        "type": "Point",
        "coordinates": [
          -75.1600234724101,
          39.92069493778012
        ]
      },
      "properties": {
        "mural_name": "Mosaic Magic",
        "artist": "Snoemen",
        "address": "744 W Moyamensing Ave, Philadelphia, Pennsylvania, 19148, USA",
        "media": [
          "e84260f9977c986be5b8a80bce32c587",
          "840da2b8da039f70b82fa193f65f75bb",
          "f337166fa32f9e0b5da603fa0278477c",
          "2ec51b88b8305b719a105b7b57b6b593"
        ]
      }
    },
    {
      "type": "Feature",
      "geometry": {
        "type": "Point",
        "coordinates": [
          -75.24763196658532,
          39.90658728449617
        ]
      },
      "properties": {
        "mural_name": "Motivation High School",
        "artist": "Samuel E. Byrd",
        "address": "S 78th St & Buist Ave, Philadelphia, Pennsylvania, 19153, USA",
        "media": [
          "4ee5834b3ea4d1eddf99d5fbd9b8d962",
          "0f6f1add70efa99f8456a864aa0fdee1"
        ]
      }
    },
    {
      "type": "Feature",
      "geometry": {
        "type": "Point",
        "coordinates": [
          -75.18524766060794,
          40.05233002095833
        ]
      },
      "properties": {
        "mural_name": "Mount Airy Way",
        "artist": "Natalie Flor Negrón",
        "address": "6703 Germantown Ave, Philadelphia, Pennsylvania, 19119, USA",
        "media": [
          "a1fe7fe581f17d465404d0e5b37516cf",
          "f6ac5a488d09f9d34d1f6b6d0e71a71c"
        ]
      }
    },
    {
      "type": "Feature",
      "geometry": {
        "type": "Point",
        "coordinates": [
          -75.1690477,
          39.9654291
        ]
      },
      "properties": {
        "mural_name": "Move in Closer",
        "artist": "Nilé Livingston",
        "address": "1727-29 Mt. Vernon Street, Philadelphia, Pennsylvania, 19107, USA",
        "media": [
          "4debc7ff5ae38420992e3a416a033eef",
          "d1e999cd96d18d48d635d25513dd6d26",
          "6e00721923f75da4ae71b86bd57b90ba",
          "12fab764e0ebb7327aad2bfb95248d6d",
          "2438e128b6fd7c298e9b8783882f2ccf",
          "0980d98f94e1bf0aad0f46a90434238e",
          "076307ef21075de3cdb2849fcb33701b",
          "293b89bf09f90d952663afb9689734b6",
          "3b282c4574cb39c5eb3b0ede5da9c25a",
          "95e5f4f4eb90e397ca9565ad9c457cc8",
          "7175a99df6d141894652a231bc58f7f4",
          "7175a99df6d141894652a231bc58f7f4",
          "25b4747be0035d74fbd7636548d62a34",
          "6edecf86255a1de3a81ded594031c67e",
          "bd34b984b8981d8c55527fa9c5352b0b",
          "9d88d6c55ac071b16d00f360989677ba",
          "8c7254018905793ef1f82fb1d8dc57f8",
          "fa79844145ad8da2766164a20103fac6",
          "68b1df1b308020ce0932d52535c5d298",
          "0a2a28a325c3ad3a8dbfca5ebc3b2f92"
        ]
      }
    },
    {
      "type": "Feature",
      "geometry": {
        "type": "Point",
        "coordinates": [
          -75.20905138187926,
          39.941690207971966
        ]
      },
      "properties": {
        "mural_name": "Movement Blooms from the Heart",
        "artist": "Josh Sarantitis",
        "address": "1414 S 47th St, Philadelphia, Pennsylvania, 19143, USA",
        "media": [
          "6168da6c8d8ebc73a086a927f26e16e5",
          "d34fa14cc4c7a67a9358d6119b002398",
          "c7c82db4fc520d7fd491067427610b7d",
          "da1a8df4573ad20dd0d6962eacbd0208",
          "18b955f0635606f28b48349e4fa785f0",
          "6e15833790c6006c8805fe9208af956b",
          "ea3f824c473ec2fd27dc11f66e3c3e47",
          "43f7fdb27b3626be239be66aca7f06a1",
          "1ae2efb1d1489055cd88a55748de213c",
          "d3bf8148334a0621b73c33a903530145",
          "212d9be6b23401cf8fb4cf84e9ec3d3a",
          "b309168a101dab82f5613c5f492f1ec9",
          "ff508a97151a4969c434c1f27428760a",
          "cf16a5e414f77f7ccd7425a5f834c46b",
          "0fe12eacb997740f56e46d6e847a6a1f",
          "a93925b3d0d4319b2290fdca5aa94fef",
          "92d81e678ee552ac9090f2efa2604be1"
        ]
      }
    },
    {
      "type": "Feature",
      "geometry": {
        "type": "Point",
        "coordinates": [
          -75.17769956943918,
          39.97437496804085
        ]
      },
      "properties": {
        "mural_name": "Moving Forward",
        "artist": "Willis \"Nomo\" Humphrey",
        "address": "1210 N College Ave, Philadelphia, Pennsylvania, 19121, USA",
        "media": [
          "f488e70abb669e6fdbffafa338bd3c85",
          "41ef380abbc5ae8141a98d6317cdf024",
          "6e18ed597a310c5875a36b1e70c80272"
        ]
      }
    },
    {
      "type": "Feature",
      "geometry": {
        "type": "Point",
        "coordinates": [
          -74.96981317678356,
          40.09582537403598
        ]
      },
      "properties": {
        "mural_name": "Moving Toward Greatness and Maximizing Potential: The Stephen Decatur School Murals",
        "artist": "David McShane",
        "address": "3500 Academy Rd, Philadelphia, Pennsylvania, 19154, USA",
        "media": [
          "5184a07b99f391cae8f6c87405cce7eb",
          "b3b927f35416735bf72036ca476e592b",
          "c947b16d4ccf745a44177718da488b14",
          "6ae654af0ca50656cf3a27397a7ef29f",
          "960178e5db415e4644e2ed476ad1fd70",
          "f349dd40c7a16c962dbbe5cd6b3a400a",
          "b4fdb2ebc3fb0831d494d662c2847c26",
          "29320bd095553b2292b567347f858fb0",
          "a970e2f58c2cd13c1736bb2f3083ca64",
          "4a4690c54e16e685a7cb2831f1df26d2",
          "fe6b73544c6f975cd61cd42179b95b54",
          "7c7d2858a77808a91d2a7a147925e5f8",
          "7de2b4a23e9fc10ea8a2678f3e476236",
          "e5148e69d8a014a93e61748b34e6cb14",
          "880cedce8b1f5a87ac137b9221d81f0c",
          "28c4c4649aabc6f9ddd1769e566119c7",
          "a04a866d35a7b429a22251ef4d587084",
          "1f58a21c8e854b870dd31cafd1c9854a",
          "0652a4db13d48052297c115ad28d08cc",
          "a252b5c82ee2a05b2acef267d2fbab39",
          "c158350022c37d188497c7054635072e",
          "76e5ae8df7e3c9baf934a5a04882ed75",
          "49bd4d04cf6a92d309943298618a5238",
          "480d4e5bb0c94df3005644ad7070f3e1",
          "87b13f8ec96c9c5e701642baf1a03bf1",
          "c635df91cbfff83f40daeed031bb8975",
          "561199d3e8150e451779e8bb574016d9",
          "19ceb110077612c2c1e3bcc6fd00dec7",
          "1a2692a2b71bf30f11c114628af92015",
          "37dd9b3b7ae25b69a2a0d45789ca79bf",
          "9838805bdeffb4cb823bdd1bd9d40325",
          "8225e829bf420deab65318aa922eadd6"
        ]
      }
    },
    {
      "type": "Feature",
      "geometry": {
        "type": "Point",
        "coordinates": [
          -75.1648473387958,
          39.902106269846975
        ]
      },
      "properties": {
        "mural_name": "Moving Toward Your Dreams",
        "artist": "Donald Gensler",
        "address": "700 Pattison Ave, Philadelphia, Pennsylvania, 19148, USA",
        "media": [
          "7b75769733fcf5938540d40cf4c2ca2a",
          "e86399d347222f8c94a9d1bcce8d7111",
          "e1a4c62d949484bc2ad698c306ca9cab"
        ]
      }
    },
    {
      "type": "Feature",
      "geometry": {
        "type": "Point",
        "coordinates": [
          -75.17800324454525,
          39.98146419361924
        ]
      },
      "properties": {
        "mural_name": "Moving Towards Greatness: W. D. Kelley Eagles Playground Murals and Mosaics",
        "artist": "David McShane",
        "address": "1601 N 28th Street, Philadelphia, Pennsylvania, 19121, USA",
        "media": [
          "9153cb33c5b898ac231488c3f3a08e5e",
          "bf0ee54512c9a194c32eed5af691a552",
          "2530c80d228585a489529a321147357d",
          "be198538ce70680d004c901d9e6b5746",
          "79340824beb44aa601777ded7f29f8c7",
          "3d3a7b9c960f283524bb0afe4a45ebf3",
          "6d611a786e42eeecbf80b163d3ec3c4d",
          "d31f3c3e3ae516d40745aec9666101e6",
          "432aa7bb0c0ce21c186636706db02a2b"
        ]
      }
    },
    {
      "type": "Feature",
      "geometry": {
        "type": "Point",
        "coordinates": [
          -75.22305437376392,
          40.037493264623365
        ]
      },
      "properties": {
        "mural_name": "Moxie Roots",
        "artist": "Benjamin Volta",
        "address": "6498 Ridge Ave, Philadelphia, Pennsylvania, 19128, USA",
        "media": [
          "1766765cb50c9c3a45e28c17e78be831",
          "62bb64498a0e40b954ef29645f37abbf",
          "72f5af940a0a534f5c03ccc4242cf0ab",
          "fb493d2f52a4688664aed9584ec74ac0",
          "42d4a3de881e7d5b817fe61e7af3a424",
          "cccf49a3b92780c012a169739045a222"
        ]
      }
    },
    {
      "type": "Feature",
      "geometry": {
        "type": "Point",
        "coordinates": [
          -75.16056982976001,
          39.9428614870477
        ]
      },
      "properties": {
        "mural_name": "Multi-Cultural Women's Mural",
        "artist": "Christine Isak",
        "address": "1108 South St, Philadelphia, Pennsylvania, 19147, USA",
        "media": [
          "b0266184653525cd8159f0c722e45f87",
          "7153f4a871ec8afb7fc09589569d7ae5"
        ]
      }
    },
    {
      "type": "Feature",
      "geometry": {
        "type": "Point",
        "coordinates": [
          -75.15088175861894,
          39.918984578048885
        ]
      },
      "properties": {
        "mural_name": "Mummers On Parade",
        "artist": "Mtukufu Mtumaini-El",
        "address": "2300 S 2nd St, Philadelphia, Pennsylvania, 19148, USA",
        "media": [
          "0a1aa4bc4c46a8f6fa5af2fd2a3aeaeb",
          "a0c71dda1780cb13197845a1b003786a"
        ]
      }
    },
    {
      "type": "Feature",
      "geometry": {
        "type": "Point",
        "coordinates": [
          -75.16846353143954,
          39.93819362496417
        ]
      },
      "properties": {
        "mural_name": "Mural by Josette Urso (Cirque Du Soleil) at 1501 Washingon Avenue",
        "artist": "Josette Urso",
        "address": "1501 Washington Ave, Philadelphia, Pennsylvania, 19146, USA",
        "media": [
          "9102b80e0b4d8744d6d5b9d3b8284072",
          "38f6ad8edaef4a89939e3ac70a2bdaf9"
        ]
      }
    },
    {
      "type": "Feature",
      "geometry": {
        "type": "Point",
        "coordinates": [
          -75.23017944944272,
          39.96734052417821
        ]
      },
      "properties": {
        "mural_name": "Mural by Ras Malik (title unknown), 402 North 55th Street",
        "artist": "Ras Malik",
        "address": "402 N 55th St, Philadelphia, Pennsylvania, 19139, USA",
        "media": [
          "6a71b36dbdedd0074d609ffd1ad11938"
        ]
      }
    },
    {
      "type": "Feature",
      "geometry": {
        "type": "Point",
        "coordinates": [
          -75.15808785837409,
          39.95276047646982
        ]
      },
      "properties": {
        "mural_name": "Mural by Robert Bullock (title unknown)",
        "artist": "Robert Bruce Bullock",
        "address": "N 11th St & Filbert St, Philadelphia, Pennsylvania, 19107, USA",
        "media": [
          "3911c1eb7ec09c31d294e0bd447f0db2",
          "56d846eb60b4d259c2f3cb00db7e1a20",
          "442c857517f91cd13b655d910c014b30"
        ]
      }
    },
    {
      "type": "Feature",
      "geometry": {
        "type": "Point",
        "coordinates": [
          -75.15868971609447,
          39.95469883663647
        ]
      },
      "properties": {
        "mural_name": "Mural Magic (2023 Philadelphia Flower Show Installation)",
        "artist": "Donna Grace Kroh",
        "address": "1101 Arch St, Philadelphia, Pennsylvania, 19107, USA",
        "media": [
          "a98fb3105063852c4afd1c2d358c48ab",
          "01771944f0fdcfd2568d65d008857f0b",
          "c64ca1545d8093f0b82c916a969c9ec0",
          "161ddb0bf50239ae48d981bb8ce96285",
          "46ddb5b2f4a3e6b8e39ac71c5d430597",
          "254446ca727cfe16cb1e93676a7a776d",
          "22daf28730d08ab1e143d085e6d3c57c",
          "f5995ae81c8c242651d4212bffbbd77c",
          "171a661844c2c3c52963e6629a26a3ff",
          "d36f330e3d7573f6d9578744f315d145",
          "d8bb67225b482525e41059cd18e2da4f"
        ]
      }
    },
    {
      "type": "Feature",
      "geometry": {
        "type": "Point",
        "coordinates": [
          -75.18660137574108,
          39.95590678072979
        ]
      },
      "properties": {
        "mural_name": "Mural Row: Best Philly",
        "artist": "Isabella Akhtarshenas",
        "address": "3624 Market St, Philadelphia, Pennsylvania, 19104, USA",
        "media": [
          "5be87287c2eac40e99d09b7326c874fa",
          "276864509aa5ead73da76cf882a35dfb",
          "b355ac210679f43765c49198eba69f3d",
          "7dd1304ca30060a22d246782e415b1b6",
          "e3646ff80fbef87a5e0aa8c5b540fb41",
          "1eb547643954fbd020e7fc77b3265407",
          "6ea00fc9de58c78fd2c277a89e5ae20f",
          "2339974dcf2f539cb09d070d0c6a8bbd",
          "7df094e182b9ff5c844bd22801c90169",
          "f18b09c82573616ab2aad045ab4a399c",
          "2657f159ab0228f915556e0bc3dd09ab",
          "76316e31d82714969d32bc47d543200f",
          "2c0eba9d52c571ccddeca89e51a8a289",
          "b21d5ce57ad9c93ab1e683b68cb27d08",
          "0be0adf2786ca4d7d15ab36c23220db6",
          "45271db6aa9ba7eb8a592049f9253e8c"
        ]
      }
    },
    {
      "type": "Feature",
      "geometry": {
        "type": "Point",
        "coordinates": [
          -75.1432460917089,
          39.95414783816057
        ]
      },
      "properties": {
        "mural_name": "Muralmorphosis",
        "artist": "Joshua Frankel",
        "address": "219 Race St, Philadelphia, Pennsylvania, 19106, USA",
        "media": [
          "e58c7db30ed6a339922dff33388be156"
        ]
      }
    },
    {
      "type": "Feature",
      "geometry": {
        "type": "Point",
        "coordinates": [
          -75.14070232417549,
          39.954537258481984
        ]
      },
      "properties": {
        "mural_name": "Murals in Motion: A Tribute to Edward Muybridge",
        "artist": "Eric Okdeh",
        "address": "140 Race St, Philadelphia, Pennsylvania, 19106, USA",
        "media": [
          "52ae0bc99eaea298058db65b705744ea",
          "09a35abf398edb26a0f0af72757f411e",
          "08e7cb02d666707c49f5b7a06eb2d34e",
          "afdaeecdb77a29de3a7755cd39247392"
        ]
      }
    },
    {
      "type": "Feature",
      "geometry": {
        "type": "Point",
        "coordinates": [
          -75.1293479757652,
          39.98008470832826
        ]
      },
      "properties": {
        "mural_name": "Music Mural",
        "artist": "Barbara Smolen",
        "address": "2214 Frankford Ave, Philadelphia, Pennsylvania, 19125, USA",
        "media": [
          "f0ffd253ae1bf5a634b6ac3edb1022b4",
          "ce39d8032405887b21ac96d3acd3df24",
          "c42b7e2df85fdcd446ae7b007fd5f58c",
          "9dc135dab63109a8d527c28feb0794d1"
        ]
      }
    },
    {
      "type": "Feature",
      "geometry": {
        "type": "Point",
        "coordinates": [
          -75.21702400916415,
          39.95334523233625
        ]
      },
      "properties": {
        "mural_name": "Musical Explosion",
        "artist": "Jane Golden",
        "address": "4726 Spruce St, Philadelphia, Pennsylvania, 19139, USA",
        "media": [
          "6cd62cda38612e7bad4789ea165b8a9c"
        ]
      }
    },
    {
      "type": "Feature",
      "geometry": {
        "type": "Point",
        "coordinates": [
          -75.16686270260283,
          39.95428444063965
        ]
      },
      "properties": {
        "mural_name": "my art gives me a voice",
        "artist": "Lisa Kelly",
        "address": "1617 JFK Blvd, Philadelphia, Pennsylvania, 19103, USA",
        "media": [
          "b55b4114b145fa3b39eb20bad9849ba4",
          "4e9fa8cd61a2b54cb2ba19e551e3620c",
          "bdfc3943c9bf49d15cc1944ead378574",
          "fad2b5cf03fa78279de72dd98a6949aa",
          "6b3d176653860d18cd91ca3092c9281b",
          "166036e3eb50164406ca070af925286a",
          "0d769bdf86e25713104982a88904d1be",
          "8e5a2a465573173ae778cc9030f6615c"
        ]
      }
    },
    {
      "type": "Feature",
      "geometry": {
        "type": "Point",
        "coordinates": [
          -75.16399646915306,
          40.04608579842528
        ]
      },
      "properties": {
        "mural_name": "My Crazy Red Rooster",
        "artist": "Danny Simmons",
        "address": "822 E Chelten Ave, Philadelphia, Pennsylvania, 19138, USA",
        "media": [
          "0822361e3860cd260af00ceee777641e",
          "0f5f43889f98a628aa628a29a2a6b77b",
          "eac3ff5eb4da6c44108fa3318b7bc0ba"
        ]
      }
    },
    {
      "type": "Feature",
      "geometry": {
        "type": "Point",
        "coordinates": [
          -75.1235515295845,
          39.998237916157535
        ]
      },
      "properties": {
        "mural_name": "My Friends in the Jungle",
        "artist": "Kevin McDevitt",
        "address": "341 E Allegheny Ave, Philadelphia, Pennsylvania, 19134, USA",
        "media": [
          "7f00f6bdf3ce45e90e067a646598abc7"
        ]
      }
    },
    {
      "type": "Feature",
      "geometry": {
        "type": "Point",
        "coordinates": [
          -75.11815274755742,
          39.98373393169338
        ]
      },
      "properties": {
        "mural_name": "My Life, My Path, My Destiny",
        "artist": "Cesar Viveros",
        "address": "Tulip St & E Lehigh Ave, Philadelphia, Pennsylvania, 19125, USA",
        "media": [
          "476056d0f0879089fb9d1e66df3f6914",
          "52ae8f274e5ea0b52cde5e7f564f0109"
        ]
      }
    },
    {
      "type": "Feature",
      "geometry": {
        "type": "Point",
        "coordinates": [
          -75.12999029203976,
          39.98676743528906
        ]
      },
      "properties": {
        "mural_name": "My North Philly: Kensington",
        "artist": "David McShane",
        "address": "1822 E Letterly St, Philadelphia, Pennsylvania, 19125, USA",
        "media": [
          "e312ab5c5252afa398b2876063e7adc6"
        ]
      }
    },
    {
      "type": "Feature",
      "geometry": {
        "type": "Point",
        "coordinates": [
          -75.15944509042633,
          39.91682769593105
        ]
      },
      "properties": {
        "mural_name": "Namaste",
        "artist": "Shira Walinsky",
        "address": "2553 N Broad St, Philadelphia, Pennsylvania, 19132, USA",
        "media": [
          "5745968c3a2d82aaa1790a39788c76b3"
        ]
      }
    },
    {
      "type": "Feature",
      "geometry": {
        "type": "Point",
        "coordinates": [
          -75.17662434492944,
          39.987363986876645
        ]
      },
      "properties": {
        "mural_name": "Nana Blankets",
        "artist": "Kathryn Pannepacker",
        "address": "2501 Diamond Street, Philadelphia, Pennsylvania, 19121, USA",
        "media": [
          "9748e2a81564b65118dee6894aed9f1e",
          "0d386f10b2f0ed9f4742f73ae2740654",
          "3d589d771ee087e928aa7d311467f23a",
          "896912b9ba2d8737a31ac74a6cb07d40",
          "bca9883bd849b505b9b36fea18ab76b8",
          "67efc60e011a3f3ff5221a8d253e5764",
          "f3ddbd7f6692f4ebb5029f488ec382ba",
          "6ec774407c0ae4aacacccb51dd50210e",
          "524bc2135ad6cd4bb9d40075ada84f61",
          "0649bfc39ba23ae8a97937d49ff59c1b",
          "7e5220fd9942045375ac3fc4efb8da6a"
        ]
      }
    },
    {
      "type": "Feature",
      "geometry": {
        "type": "Point",
        "coordinates": [
          -75.165384673767,
          39.94263024432441
        ]
      },
      "properties": {
        "mural_name": "NATIV NTELIGENCE",
        "artist": "NTEL",
        "address": "701 S Broad St, Philadelphia, Pennsylvania, 19147, USA",
        "media": [
          "be6ad2444817ee09f854fbe09a6b697a",
          "5e0aa84056993f2e96ea31bde1f49674",
          "ddefadd71765844aeba69bb39f82d778",
          "377702d67ea67e727bb29be61a61805e",
          "e2b5aa70b327ef7ea8d6251515888370"
        ]
      }
    },
    {
      "type": "Feature",
      "geometry": {
        "type": "Point",
        "coordinates": [
          -75.13262930279348,
          39.9849592353128
        ]
      },
      "properties": {
        "mural_name": "Natural Learning",
        "artist": "Pedro Ospina",
        "address": "104 W Dauphin St, Philadelphia, Pennsylvania, 19133, USA",
        "media": [
          "f651472efd8d88e36f279aca66278b43",
          "cc0d0e673ac187ec64860ce8c89aa62a"
        ]
      }
    },
    {
      "type": "Feature",
      "geometry": {
        "type": "Point",
        "coordinates": [
          -75.1578329017108,
          39.92318683968848
        ]
      },
      "properties": {
        "mural_name": "Nature Matching System",
        "artist": "Tattfoo Tan",
        "address": "641 Snyder Ave, Philadelphia, Pennsylvania, 19148, USA",
        "media": [
          "92035cdad9fdcb6268d3c6025679c2f0",
          "d645bff7155bc7aef4e316aad280c389"
        ]
      }
    },
    {
      "type": "Feature",
      "geometry": {
        "type": "Point",
        "coordinates": [
          -75.17099029747277,
          39.89502114695719
        ]
      },
      "properties": {
        "mural_name": "Navy Yard Shipping Container",
        "artist": "Sarah Folger",
        "address": "201 Rouse Blvd, Philadelphia, Pennsylvania, 19112, USA",
        "media": [
          "27b89813ba9f53aa4a50a5981aa138af",
          "f46dab12b7a0e1732bdb520de7cf95f9"
        ]
      }
    },
    {
      "type": "Feature",
      "geometry": {
        "type": "Point",
        "coordinates": [
          -75.15721537452032,
          39.93913308412831
        ]
      },
      "properties": {
        "mural_name": "Neighbor Ballads",
        "artist": "Frank Sherlock",
        "address": "9th St & Christian St, Philadelphia, Pennsylvania, 19147, USA",
        "media": [
          "1312aaa14720cbec992ac144431796a4",
          "13d0f7dcb88184c57a8c271bfd5d9dcd",
          "d97508ae8f7caa2daab9a0f269c53219",
          "4f7d908aca1c785853a4abe71cf0d1c2",
          "83f6ad01c27da0421d0d793108355a86",
          "8ad1a76940bd4721f1717176a4d53615",
          "ee570c5cc24aa0038aec72bdf4a959a9",
          "73458de0b62b49502af6cda25938d0d2",
          "ff8ec80d999b11f4465446fa97d7206e",
          "194341003a2c57fd0c239b1be07d7081",
          "b43280d0ac42d876195113a2f1ee908b",
          "d7d3bb74675ba5edfb0603d1657f4b67",
          "9f132a2424d4588732899d42e91b1ed5",
          "462e5d202d95fcfd088e465caed05ad3",
          "a72b65e23b3928b109b48e2539051077",
          "dc87bf13f5228368b913307a5883d9d4"
        ]
      }
    },
    {
      "type": "Feature",
      "geometry": {
        "type": "Point",
        "coordinates": [
          -75.2425443701002,
          39.96102925480488
        ]
      },
      "properties": {
        "mural_name": "Neighbors Together",
        "artist": "Cliff Eubanks",
        "address": "56 S 61Sst St, Philadelphia, Pennsylvania, 19139, USA",
        "media": [
          "ddcb1c667d730ca19817472e3d50d486"
        ]
      }
    },
    {
      "type": "Feature",
      "geometry": {
        "type": "Point",
        "coordinates": [
          -75.13812280094577,
          39.989254620943974
        ]
      },
      "properties": {
        "mural_name": "Nelson Playground",
        "artist": "Frito Bastien",
        "address": "301 W Cumberland St, Philadelphia, Pennsylvania, 19133, USA",
        "media": [
          "d88a05ffd67440f5ef0683ad6138701d",
          "62fbaa94ebc325d011c841bf4b3c525b",
          "37b1446830f1e808c67a8c6e12bdc57a"
        ]
      }
    },
    {
      "type": "Feature",
      "geometry": {
        "type": "Point",
        "coordinates": [
          -75.13812280094577,
          39.989254620943974
        ]
      },
      "properties": {
        "mural_name": "Nelson Playground Rebuild (Frito Bastien Reenvisioning)",
        "artist": "Frito Bastien",
        "address": "301 W Cumberland St, Philadelphia, Pennsylvania, 19133, USA",
        "media": [
          "be9b31697cfe884bbe54e2973e3c134b",
          "c466313f15504f1e996f1bf8dcb73a46"
        ]
      }
    },
    {
      "type": "Feature",
      "geometry": {
        "type": "Point",
        "coordinates": [
          -75.13812280094577,
          39.989254620943974
        ]
      },
      "properties": {
        "mural_name": "Nelson Playground Rebuild (We Play Ball Here)",
        "artist": "Betsy Z. Casañas",
        "address": "301 W Cumberland St, Philadelphia, Pennsylvania, 19133, USA",
        "media": [
          "8d680e3eb9275e6f951ce88608ddc98f",
          "99d2214543bedbbe3ce0e64c75d58ceb",
          "0054fc814307061dbdc218bd0b2f7a7b",
          "ebf355f0d81d5e51698663196125fd31",
          "c466313f15504f1e996f1bf8dcb73a46",
          "101485484f691db09f12f4aafe34969f",
          "ef90afe0ed91e1b677fbd62da7b4c25b",
          "c86f8e7877472dda2006c65872aec85a",
          "b95bfe772d1e09503b65667778223af8"
        ]
      }
    },
    {
      "type": "Feature",
      "geometry": {
        "type": "Point",
        "coordinates": [
          -75.13076952958318,
          40.03679156682173
        ]
      },
      "properties": {
        "mural_name": "Never Forgotten",
        "artist": "Randall Whitfield",
        "address": "5600 N 5th St, Philadelphia, Pennsylvania, 19120, USA",
        "media": [
          "b09cb0ee530f96354364d75850a1cdd1",
          "b2f1b95b3a96b21895fafc465a3e2842",
          "586d6da7a1b1d4b96fcb3ac83114f074",
          "60ff29ddf4df2328ebc4f26590fdb679",
          "64b601b944e40fbbb52ac43a11846df5",
          "e19e840e631d7cdbddcdea6bd7db73d7",
          "72e09123307e854974c1d4eb7b089fcd",
          "6f0d9bccdda03f7246177cd3f12a3ca9",
          "6e645939f25d518bbf170ce1f9546577",
          "986821b6a0ad56933522b0690fdd6ed2"
        ]
      }
    },
    {
      "type": "Feature",
      "geometry": {
        "type": "Point",
        "coordinates": [
          -75.18094627205053,
          39.98193931278866
        ]
      },
      "properties": {
        "mural_name": "Newkirk Memorial Garden",
        "artist": "Eliseo Art Silva",
        "address": "1704 N Newkirk St, Philadelphia, Pennsylvania, 19121, USA",
        "media": [
          "595d7aa27e23be78f6c64a400fb6a529"
        ]
      }
    },
    {
      "type": "Feature",
      "geometry": {
        "type": "Point",
        "coordinates": [
          -75.12830877830037,
          39.983402699096224
        ]
      },
      "properties": {
        "mural_name": "Next Stop, Hagert!",
        "artist": "Serena Saunders (aka MsPassionArt)",
        "address": "2026 E Hagert St, Philadelphia, Pennsylvania, 19125, USA",
        "media": [
          "be8d19c7d0b2df9ca093aff1a0af8c88",
          "0ac4c4a1409c587f288970a1bc7865d8",
          "90548e963a0709a1892ff538b0f027b7",
          "62f8b2fd576d8f37522f78416aa92c96",
          "e58f6e8aa70456055e0c1fee71d09e57",
          "759cdbee0bd21d7169dc20a481e6a00f",
          "293c17a94cbd0c39aac72b008ed04d2d",
          "2779d8cf0d95404e7fce10627cc77edc",
          "e3a9798de846de2827c829738c6affce",
          "629ed6c6c7c641105ca0a2281e503d27"
        ]
      }
    },
    {
      "type": "Feature",
      "geometry": {
        "type": "Point",
        "coordinates": [
          -75.13487243204787,
          39.97454013353495
        ]
      },
      "properties": {
        "mural_name": "No Borders",
        "artist": "Molly Crabapple",
        "address": "N Front St & W Oxford St, Philadelphia, Pennsylvania, 19122, USA",
        "media": [
          "f81d053862c0dbfdeae593b4e9741f63",
          "08cd41dc605aea5a662dd16e599610f2"
        ]
      }
    },
    {
      "type": "Feature",
      "geometry": {
        "type": "Point",
        "coordinates": [
          -75.152008,
          39.95331
        ]
      },
      "properties": {
        "mural_name": "NO SLAVERY. NO EXCEPTIONS.",
        "artist": "Ernel Martinez",
        "address": "701 Arch St, Philadelphia, Pennsylvania, 19106, USA",
        "media": [
          "c6807d9bec5641ae8d066805f8671824",
          "f00926b57dbbe23a9e9d05b50cf2be26",
          "af52781ba81d95b361b63a8b83a00e85",
          "f8999e7eb89a3149d4edf271c6cd1a28"
        ]
      }
    },
    {
      "type": "Feature",
      "geometry": {
        "type": "Point",
        "coordinates": [
          -75.14960600682828,
          39.982533422300584
        ]
      },
      "properties": {
        "mural_name": "Norris Homes Marker",
        "artist": "Jennie Shanker",
        "address": "N 10th St & W Norris St, Philadelphia, Pennsylvania, 19122, USA",
        "media": [
          "30dd88895f6f07f1d6d7564474e632db",
          "60ef54f29dd7f88c187e5154d241528b",
          "42380eaa17d8e492ed10fd7c597c010b",
          "91c9b0429784bf33afc73bc1b49e87d3",
          "07598e4f950c5fc41924a4ffd68cebbd",
          "c532ae62441bf7612dd5b8187e5b8710"
        ]
      }
    },
    {
      "type": "Feature",
      "geometry": {
        "type": "Point",
        "coordinates": [
          -75.130448,
          39.978589
        ]
      },
      "properties": {
        "mural_name": "Norris Passage",
        "artist": "Beverly Fisher",
        "address": "E Norris St & Frankford Ave, Philadelphia, Pennsylvania, 19125, USA",
        "media": [
          "1e05c85c1e4de204853881d0d9396d2b",
          "ab4590a83910aee394d141336e3da215",
          "5a5ed7970c93793086da2a225abcad78",
          "0503ab3f4fcb18f6e70aae8817e0ddac",
          "9167ed24a7c5f0361fc23c67ee6e49a4",
          "7d3d29d3e3b35405aec490ac6662372b",
          "43250db181d5382c44d5ea760e1772c4",
          "b55156b974e6f52c41307b3831183a18",
          "3f1ee2ddb43109f527ab69343101b292",
          "f3d0c5ddf31db2e9f22acd2d8296cbfe",
          "1048c530b67b6eea0bee810560ddc983",
          "795c5a2f0687d58cb8347c5bb0671a7f",
          "57eba7427a1cd419cf51df88b3a3fe66",
          "dcfec8f351004c687b77619a25a8cd0c",
          "34ec12ba8187c5a905c506f2bba3dff1",
          "ff1aba3bc1f75dff281e20a74156056b",
          "61541da431c41639a8751448131aa163",
          "29a47b7733657f4279bd86c979b66377",
          "7622217984f049941438f8857ae364f7",
          "1d39f0066d95136a5ca9370d67bc2848",
          "839efe24c6f880115b0977d4ab0874d8",
          "1fbd4676791a58c2846b86689469375e",
          "d3550fdedb47a06503f1f5cf913f207f",
          "c68841e17b4a45c21707ea07a7641062",
          "c6f597237c5b6f981960efd111b0f2ba",
          "cb759833ee6a347d480fd0b49c87d301",
          "3a6fbc2cf79925c8298cd91d63a420be",
          "b25fcfc2782d3ac1b029e4bc0f033846",
          "a9d11e3b3af3b5c3ba0e50ebbccc83be",
          "63c397938afcc4f295193b70786a9501",
          "2fccb05d0d7a5ab64b44886e82838452",
          "f839adcf10e05de189219113c2f9b46f",
          "4dd1ca7eec46e662bc0a0018b193972b",
          "5a249439e962788499336ea66f7cf014",
          "4997af5d01592e4d866e324bca7330ff",
          "4a1883e01dfc467ea2ec51ad7e21c617",
          "3266fcb7a423181aa5c17ed886a87bc1",
          "621441773887d304dcee7a9209036637",
          "7bf7e2435f1c7a8f1d302f89f81dbb92",
          "5a5ed7970c93793086da2a225abcad78",
          "9f48e37f6c4010b8f6c0aa5f2de377cc",
          "665e39f6556c1b59c963b026f40a07d6",
          "665e39f6556c1b59c963b026f40a07d6",
          "f7bd94b725f2ea7cfd45a8e654317838",
          "e5c24d248a2d3ccc672a075036e43791"
        ]
      }
    },
    {
      "type": "Feature",
      "geometry": {
        "type": "Point",
        "coordinates": [
          -75.15314542598554,
          40.00215928365137
        ]
      },
      "properties": {
        "mural_name": "North Philadelphia Community Mural (Health Partners)",
        "artist": "David McShane",
        "address": "3214 N Broad St, Philadelphia, Pennsylvania, 19140, USA",
        "media": [
          "a0c627c8338d01813b1a96c7281fafea"
        ]
      }
    },
    {
      "type": "Feature",
      "geometry": {
        "type": "Point",
        "coordinates": [
          -75.15969120032649,
          39.97224523086675
        ]
      },
      "properties": {
        "mural_name": "North Philadelphia Heroes",
        "artist": "Cliff Eubanks",
        "address": "W Girard Ave & N Broad St, Philadelphia, Pennsylvania, 19130, USA",
        "media": [
          "16552cb85a22d9940029d3c858d37b6c",
          "ac315be50275f1e3cb847788a3c5ac1c",
          "133a6d88a9510d6fd1b01732f078d2e9",
          "7153d6b87b4755d1327a39ed16d89897"
        ]
      }
    },
    {
      "type": "Feature",
      "geometry": {
        "type": "Point",
        "coordinates": [
          -75.2063529168463,
          39.972733713812545
        ]
      },
      "properties": {
        "mural_name": "North Star: The Journey to Freedom",
        "artist": "Delia King",
        "address": "1100 N 41st St, Philadelphia, Pennsylvania, 19104, USA",
        "media": [
          "8ac2b659dd51ff719b320478ffa24690"
        ]
      }
    },
    {
      "type": "Feature",
      "geometry": {
        "type": "Point",
        "coordinates": [
          -75.13304821936343,
          39.9837613197036
        ]
      },
      "properties": {
        "mural_name": "Nunca Olvides de Dónde Vienes / Never Forget Where You Come From",
        "artist": "Celso González",
        "address": "2200 N Front St, Philadelphia, Pennsylvania, 19122, USA",
        "media": [
          "dcba4ee7bdfb753441f62e2b4c43e961",
          "7d90dd8ce6cc6d570782601c32e745a2",
          "401d3af5122db3d5139055bd8dbcc96a"
        ]
      }
    },
    {
      "type": "Feature",
      "geometry": {
        "type": "Point",
        "coordinates": [
          -75.12971673820618,
          39.97230927530389
        ]
      },
      "properties": {
        "mural_name": "Ocean Songs",
        "artist": "Benjamin Volta",
        "address": "1300 E Palmer St, Philadelphia, Pennsylvania, 19125, USA",
        "media": [
          "93529acf4bfb460d40a8469eec431661",
          "77064a1eac458e5d6f7c8cc394b96385",
          "d79a399dd7bd1e0f88ff7c78b067d9b4",
          "f3c44dd463d0cd33433e88a1180810ca",
          "fd56ddf3fed50896c55631a537866920",
          "be45cc9d9b219f9d6abbcb13e6c038f4"
        ]
      }
    },
    {
      "type": "Feature",
      "geometry": {
        "type": "Point",
        "coordinates": [
          -75.11552903588485,
          39.98055862283899
        ]
      },
      "properties": {
        "mural_name": "Oceans of Imagination",
        "artist": "Mike Smash",
        "address": "2531 E Lehigh Ave, Philadelphia, Pennsylvania, 19125, USA",
        "media": [
          "e1c131cae0913e1a890436de80ba0e24",
          "0dcc6067d490f8acabe3a6287f518dbb"
        ]
      }
    },
    {
      "type": "Feature",
      "geometry": {
        "type": "Point",
        "coordinates": [
          -75.23432000014007,
          39.95943823226759
        ]
      },
      "properties": {
        "mural_name": "Ode to West Philly",
        "artist": "Ras Malik",
        "address": "5630 Chestnut St, Philadelphia, Pennsylvania, 19139, USA",
        "media": [
          "58969a968445167e3e74ea87d2af602e"
        ]
      }
    },
    {
      "type": "Feature",
      "geometry": {
        "type": "Point",
        "coordinates": [
          -75.17331451213114,
          39.93842793505819
        ]
      },
      "properties": {
        "mural_name": "Offering by the River",
        "artist": "Michael Schwartz",
        "address": "1800 Washington Ave, Philadelphia, Pennsylvania, 19146, USA",
        "media": [
          "fab88a223109d2f77ac52b8378d8967f",
          "037cd1c929007d12170d11b7855bbfc6",
          "a8797d3d6813b9164eb0a257643ea4b7",
          "7caca45ba12fe4a896cb9bb0a97704c9"
        ]
      }
    },
    {
      "type": "Feature",
      "geometry": {
        "type": "Point",
        "coordinates": [
          -75.1400683408513,
          39.97323522797939
        ]
      },
      "properties": {
        "mural_name": "Offering of the Wolfbat",
        "artist": "Dennis McNett",
        "address": "1425 N American St, Philadelphia, Pennsylvania, 19122, USA",
        "media": [
          "5a141a75ae8361fa7527425f64b566c6",
          "e66fc169094d2697cd406fb8bdd4fa0f",
          "f930c4bf46ed2053c2511e729ca0953a",
          "d1468d243507c3ac21602f0ab6cb0224",
          "919d593461f7d6477a1be8e7c190a3b3",
          "745bf773ba5e47f45a65b756907eb8a1",
          "654b9009de37b7df87eea68ef5a8e35e",
          "6010cae7468d325e774a4359ea5586b7",
          "2fc5fafb4158b9292b779066cebe2df4"
        ]
      }
    },
    {
      "type": "Feature",
      "geometry": {
        "type": "Point",
        "coordinates": [
          -75.21654056377417,
          39.93838556782238
        ]
      },
      "properties": {
        "mural_name": "Oh So Affirmed",
        "artist": "Briana Dawkins",
        "address": "5213 Woodland Ave, Philadelphia, Pennsylvania, 19143, USA",
        "media": [
          "7e39dc518eadf2cb49a2d7a3e3d39714",
          "28bb5392a587f1e32c5afb8fcaa1fd14",
          "ad4dad9f0979d7d55bb561fdf26a3ade"
        ]
      }
    },
    {
      "type": "Feature",
      "geometry": {
        "type": "Point",
        "coordinates": [
          -75.14390401658586,
          39.95392770653505
        ]
      },
      "properties": {
        "mural_name": "Old City Views",
        "artist": "Paul Santoleri",
        "address": "228 Race St, Philadelphia, Pennsylvania, 19106, USA",
        "media": [
          "43aec97ba47b783c3bb9a11d5db5020f"
        ]
      }
    },
    {
      "type": "Feature",
      "geometry": {
        "type": "Point",
        "coordinates": [
          -75.20287780590756,
          39.971815988901554
        ]
      },
      "properties": {
        "mural_name": "On the Block",
        "artist": "James Burns",
        "address": "3956 Pennsgrove St, Philadelphia, Pennsylvania, 19104, USA",
        "media": [
          "c8a1489c1dd83b19fab2cd205c2f0be8",
          "6b2dc7146524598c1c07985931e903f4"
        ]
      }
    },
    {
      "type": "Feature",
      "geometry": {
        "type": "Point",
        "coordinates": [
          -75.19299268617196,
          39.92502685527821
        ]
      },
      "properties": {
        "mural_name": "On the Fence Voting Banners",
        "artist": "Taj Cannon",
        "address": "2800 S Vare Ave, Philadelphia, Pennsylvania, 19145, USA",
        "media": [
          "85b5a7025d1292c7af4fecfaf6a151c6",
          "b755e5f6e4947881d148f5164de24c54",
          "b70f2acafd41d01c28a404882149261e",
          "8561f823d98417f89a347e7fbeb452d5",
          "c678a7e425c4f4c3aad6065bf68e8670"
        ]
      }
    },
    {
      "type": "Feature",
      "geometry": {
        "type": "Point",
        "coordinates": [
          -75.15179308777876,
          39.947308108392136
        ]
      },
      "properties": {
        "mural_name": "On the Threshold (Salvaged Stoops, Philadelphia)",
        "artist": "Kaitlin Pomerantz",
        "address": "210 W Washington Square, Philadelphia, Pennsylvania, 19106, USA",
        "media": [
          "c15aa4b1ee4df23ca82ab292cb2d7569"
        ]
      }
    },
    {
      "type": "Feature",
      "geometry": {
        "type": "Point",
        "coordinates": [
          -75.14840689211492,
          40.0236222414096
        ]
      },
      "properties": {
        "mural_name": "Once Upon A Beanstalk",
        "artist": "Mike Smash",
        "address": "4612 N Broad St, Philadelphia, Pennsylvania, 19140, USA",
        "media": [
          "a9c7a58cd19dd06ad1294fe679039f82",
          "79fbf714bdea34c151485591d9d5b19f",
          "79fbf714bdea34c151485591d9d5b19f"
        ]
      }
    },
    {
      "type": "Feature",
      "geometry": {
        "type": "Point",
        "coordinates": [
          -75.13858147139246,
          39.99223429222281
        ]
      },
      "properties": {
        "mural_name": "Once Upon a Time in Fairhill",
        "artist": "De’von Downes",
        "address": "401 W Lehigh Ave, Philadelphia, Pennsylvania, 19133, USA",
        "media": [
          "abe398118614e783c20d098129b7b359",
          "a8903fc5b496ac7126682af4cda6539a"
        ]
      }
    },
    {
      "type": "Feature",
      "geometry": {
        "type": "Point",
        "coordinates": [
          -75.18074250589467,
          40.04286900219361
        ]
      },
      "properties": {
        "mural_name": "Once Upon a Time in Germantown",
        "artist": "Keisha Whatley",
        "address": "6228 Germantown Ave, Philadelphia, Pennsylvania, 19144, USA",
        "media": [
          "0e059bcda99be7c6f5ebadaf47ecb7b5",
          "3df1eba2fab4a333c6748ff08da3b0ae"
        ]
      }
    },
    {
      "type": "Feature",
      "geometry": {
        "type": "Point",
        "coordinates": [
          -75.14534535105409,
          40.03191802035698
        ]
      },
      "properties": {
        "mural_name": "Once Upon a Time in Logan",
        "artist": "Andre Chaney",
        "address": "1333 Wagner Ave, Philadelphia, Pennsylvania, 19141, USA",
        "media": [
          "fd09d3bda55aa9b5fdca3154f2c1cfac",
          "b14173ce9f9943cc55c38badda99f51e",
          "e59d46510b404298d2975ebfe9364984",
          "9004bad2e613ef5745701a0c4bd078ea",
          "8b0fdfe5b9c458b0b72f1b9119cc3db4",
          "4f9e6487e7fcd13790720c3892dc569d"
        ]
      }
    },
    {
      "type": "Feature",
      "geometry": {
        "type": "Point",
        "coordinates": [
          -75.15317481473905,
          39.929828915824636
        ]
      },
      "properties": {
        "mural_name": "Once Upon a Time in South Philly (1501 South 5th Street)",
        "artist": "Manuela Guillén",
        "address": "1501 S 5th St, Philadelphia, Pennsylvania, 19147, USA",
        "media": [
          "5466bcc6ecdaccb34c77456d37de312e"
        ]
      }
    },
    {
      "type": "Feature",
      "geometry": {
        "type": "Point",
        "coordinates": [
          -75.15800803173491,
          39.930520058478876
        ]
      },
      "properties": {
        "mural_name": "Once Upon a Time in South Philly (1501 South 8th Street)",
        "artist": "Manuela Guillén",
        "address": "1501 S 8th St, Philadelphia, Pennsylvania, 19147, USA",
        "media": [
          "d09e248617725fe9417b5a626057a583",
          "0e334159b0528ca8b9ab27673cc48b0b"
        ]
      }
    },
    {
      "type": "Feature",
      "geometry": {
        "type": "Point",
        "coordinates": [
          -75.2326704967577,
          39.940605745511064
        ]
      },
      "properties": {
        "mural_name": "Once You Become Fearless Life Becomes Limitless: The William C. Longstreth School Murals",
        "artist": "David McShane",
        "address": "5700 Willows Ave, Philadelphia, Pennsylvania, 19143, USA",
        "media": [
          "0ca703ccffa586e999c8d902016f55cc",
          "e90d50a2f3a74fb43ce661d9bbcf6434",
          "7a350a7ccab2f5a721f2215921cf60e4",
          "e713a829d95ef523a5e9309d23f8ca7e",
          "a01dc0e621c38b2bf8536619dd797193",
          "f8ad2709fd543f3cb60b69078b12a877",
          "30732ac0f677df070bb7b65a160d4330",
          "69d583cabbc6cf3293eeeca123cea5ff",
          "44b061dce7654d0fb2a07bc7a437a0d0",
          "22c099f0bbc2479a1ba391fc232985de",
          "f6baf0d5c330b333a667db6c1f9c6466",
          "cfbc7d51668c88d6eaf059c9f3467bb8",
          "90259403086abeba9a43a71c194a3a93",
          "8addd104ba353238f0453b5fb3478352",
          "f920c907f6e604fad88954f9b332fdd7",
          "fa5e3b009c3df58f5b11ebd23ba054a7",
          "61f1d72073cb7a9c47a941b69e6b44e4",
          "020c64fe6a43bbcdecc0f0e21557f70e",
          "8517f2596a95a868613ad87cd4222e86",
          "6d132d15a613451927217cc785599794",
          "924922575f8fcccd08d9ac10856db366"
        ]
      }
    },
    {
      "type": "Feature",
      "geometry": {
        "type": "Point",
        "coordinates": [
          -75.1672441412185,
          39.988896789361426
        ]
      },
      "properties": {
        "mural_name": "One Day at a Time",
        "artist": "Cavin Jones",
        "address": "2253 N 21st St, Philadelphia, Pennsylvania, 19132, USA",
        "media": [
          "d4e56eb22b64b6ae1faca7e2899ae9cc"
        ]
      }
    },
    {
      "type": "Feature",
      "geometry": {
        "type": "Point",
        "coordinates": [
          -75.16876421794774,
          39.94520298827861
        ]
      },
      "properties": {
        "mural_name": "One World",
        "artist": "Ann Northrup",
        "address": "1600 Lombard St, Philadelphia, Pennsylvania, 19146, USA",
        "media": [
          "308e9d6b8f6eb411b396238d4ec7e7d5",
          "217d846957c49af84b238070aea49213"
        ]
      }
    },
    {
      "type": "Feature",
      "geometry": {
        "type": "Point",
        "coordinates": [
          -75.16604523290637,
          39.953221110563256
        ]
      },
      "properties": {
        "mural_name": "One World (by Patricial Ingersoll, 15th & Market Streets)",
        "artist": "Patricia Ingersoll",
        "address": "1515 Market St, Philadelphia, Pennsylvania, 19102, USA",
        "media": [
          "f5a0c50e3d5059afb84b9531e36022c2"
        ]
      }
    },
    {
      "type": "Feature",
      "geometry": {
        "type": "Point",
        "coordinates": [
          -75.17486655179205,
          39.9537890047315
        ]
      },
      "properties": {
        "mural_name": "One World (Reenvisioning)",
        "artist": "Ann Northrup",
        "address": "2100 Market St, Philadelphia, Pennsylvania, 19103, USA",
        "media": [
          "6c43e676673fe6142567878973ad00d3",
          "16f55da9357400642b41717985fa8f89",
          "1dc9ce39724dc9d595302a1ec6c7fec6"
        ]
      }
    },
    {
      "type": "Feature",
      "geometry": {
        "type": "Point",
        "coordinates": [
          -75.15787401469274,
          39.99200918699775
        ]
      },
      "properties": {
        "mural_name": "Oneness of the Human Family / Unity in Diversity",
        "artist": "Cathleen Hughes",
        "address": "2539 N 16th St, Philadelphia, Pennsylvania, 19132, USA",
        "media": [
          "1780858fd64a0b820f2daa7c25bacf85",
          "cf0232fcc1c1dda3951c0d695c6a6491"
        ]
      }
    },
    {
      "type": "Feature",
      "geometry": {
        "type": "Point",
        "coordinates": [
          -75.14318764629171,
          39.96295864319793
        ]
      },
      "properties": {
        "mural_name": "Open Spaces and Underground Rivers",
        "artist": "Paul Santoleri",
        "address": "714 N 3rd St, Philadelphia, Pennsylvania, 19123, USA",
        "media": [
          "da0f8319625afa2215936e8428fa84db"
        ]
      }
    },
    {
      "type": "Feature",
      "geometry": {
        "type": "Point",
        "coordinates": [
          -75.16686270260283,
          39.95428444063965
        ]
      },
      "properties": {
        "mural_name": "Opposing Forces",
        "artist": "Alvin Tull",
        "address": "1617 JFK Blvd, Philadelphia, Pennsylvania, 19103, USA",
        "media": [
          "e8063255e08ab57eb924a383afee39a8",
          "20bea25dd8c3dcac8ade154ff77c67db",
          "f87e83ae778a16bc4da829a93f92ee01",
          "3b4a0426bfa423b0990c4ef3e580f4b7",
          "06f86ce4948d0c0c1a0aee7489f20ba1",
          "1f888e868d1daf4fab983ff63af53dd7",
          "c757f5c0f2597e40bd6f811727f0cbef",
          "cc730a3aacd454eea72948fa818e983b"
        ]
      }
    },
    {
      "type": "Feature",
      "geometry": {
        "type": "Point",
        "coordinates": [
          -75.17391025861964,
          39.896124467271726
        ]
      },
      "properties": {
        "mural_name": "ORI",
        "artist": "JEFRË",
        "address": "3 Crescent Dr, Philadelphia, Pennsylvania, 19112, USA",
        "media": [
          "4be22042cc56d615ad9a74523204901b",
          "e662719e891ca6b1cf3b17e86bb518fa",
          "fd5c4f04847bc4b0bd895e9d948415dd",
          "3a361ef6488f1d86a2a581c8d5d4cfeb",
          "0c8690c22723b9b0aedde18dba156abb",
          "caf7d73ba67fb6b34b849e904109f7e9",
          "4bd97ffd95a7d441b3f0a9a46c886568"
        ]
      }
    },
    {
      "type": "Feature",
      "geometry": {
        "type": "Point",
        "coordinates": [
          -75.17024129115734,
          39.969317102135605
        ]
      },
      "properties": {
        "mural_name": "Our Backyard",
        "artist": "Ann Northrup",
        "address": "2013 Brown St, Philadelphia, Pennsylvania, 19130, USA",
        "media": [
          "3487c92fdf753d8620f6742a77380d5f"
        ]
      }
    },
    {
      "type": "Feature",
      "geometry": {
        "type": "Point",
        "coordinates": [
          -75.1648473387958,
          39.902106269846975
        ]
      },
      "properties": {
        "mural_name": "Our City, Our Team",
        "artist": "Jonathan Laidacker",
        "address": "700 Pattison Ave, Philadelphia, Pennsylvania, 19148, USA",
        "media": [
          "ab8db12daa44195ab1c8723c0f919023",
          "ff48e59066656868841fa1a31b04540c",
          "422701a6a9d7e5ef966afda26bb1118e",
          "9a3dd4a3d7d8117ac9244c4228045e16",
          "eb67301637b71e6418e2ea0b84e57c40",
          "16708fa9b05d6a0a8fb0162e53ab91fd",
          "d0c47aa9e462c722ee8af23bc4333620",
          "bb10e19b7feff4ca3bcef6a078a90bb1",
          "8df3672900760d23f4bf0e3565b700c9",
          "cfa7698ecb7cdea9bc376ef7e0704321"
        ]
      }
    },
    {
      "type": "Feature",
      "geometry": {
        "type": "Point",
        "coordinates": [
          -75.13773941609428,
          39.95914482953368
        ]
      },
      "properties": {
        "mural_name": "Our Flag Unfurled",
        "artist": "Meg Saligman",
        "address": "500 N Christopher Columbus Blvd, Philadelphia, Pennsylvania, 19123, USA",
        "media": [
          "cedc890b32428ba1e71255b623979960"
        ]
      }
    },
    {
      "type": "Feature",
      "geometry": {
        "type": "Point",
        "coordinates": [
          -75.17217623588539,
          39.96601525108876
        ]
      },
      "properties": {
        "mural_name": "Our Garden",
        "artist": "Ann Northrup",
        "address": "2100 Mt Vernon St, Philadelphia, Pennsylvania, 19130, USA",
        "media": [
          "827400a107d47d9b066e5b0a134580e7",
          "f83477fdb8009d447e11b522ce8510f7",
          "ef033b9e0e211fa4008a4c3e0bf08802"
        ]
      }
    },
    {
      "type": "Feature",
      "geometry": {
        "type": "Point",
        "coordinates": [
          -75.1614889161411,
          40.02119656881867
        ]
      },
      "properties": {
        "mural_name": "Our Grassroots",
        "artist": "Rebecca Schultz",
        "address": "4500 Wayne Ave, Philadelphia, Pennsylvania, 19144, USA",
        "media": [
          "5289e818d44458c979cf8dc8e127b001",
          "93cf32f8840e99ef072c7d650a724a44",
          "147313e7f1d00596117129cb021446f9",
          "334ca84732fe8a741ad0e74ca438a07c",
          "af4406e3861a948b7a4e585f1fb8a862"
        ]
      }
    },
    {
      "type": "Feature",
      "geometry": {
        "type": "Point",
        "coordinates": [
          -75.16645888006852,
          39.94241314204524
        ]
      },
      "properties": {
        "mural_name": "Our House",
        "artist": "Odili Donald Odita",
        "address": "728 S Broad St, Philadelphia, Pennsylvania, 19146, USA",
        "media": [
          "d3e703119afa29783eebb0a492b2d9e9",
          "312a5f62594504a7a61aa9a640097080",
          "5498513c9fbf29fc7999dbb7d1cc2d03",
          "ecefd7c009836837f73cc493383ae00e",
          "aff1f9648faa17cf338d8a031a92b0c9"
        ]
      }
    },
    {
      "type": "Feature",
      "geometry": {
        "type": "Point",
        "coordinates": [
          -75.15781103942011,
          39.938459272401175
        ]
      },
      "properties": {
        "mural_name": "Our Market Ancestor: Betty Ann Mongelluzo",
        "artist": "Michelle Angela Ortiz",
        "address": "921 S 9th St, Philadelphia, Pennsylvania, 19147, USA",
        "media": [
          "e39db6edd67af86155efa7fa1fd99ad5",
          "22f317bdbd06c1bc5712d2dc5bc0b288"
        ]
      }
    },
    {
      "type": "Feature",
      "geometry": {
        "type": "Point",
        "coordinates": [
          -75.1581918461661,
          39.93681229777432
        ]
      },
      "properties": {
        "mural_name": "Our Market Ancestor: Carl Samuel Redel",
        "artist": "Michelle Angela Ortiz",
        "address": "1037 S 9th St, Philadelphia, Pennsylvania, 19147, USA",
        "media": [
          "3a1e07e24d94f26c9edd8b626cc5fb32",
          "d289daf23d2f9ee015672272e0ea4a96",
          "34e32cef7bf5d6c3206b34c728ec0734"
        ]
      }
    },
    {
      "type": "Feature",
      "geometry": {
        "type": "Point",
        "coordinates": [
          -75.15781103942011,
          39.938459272401175
        ]
      },
      "properties": {
        "mural_name": "Our Market Ancestors: Danny and Joe Di Bruno",
        "artist": "Michelle Angela Ortiz",
        "address": "921 S 9th St, Philadelphia, Pennsylvania, 19147, USA",
        "media": [
          "e39db6edd67af86155efa7fa1fd99ad5",
          "3ad39f3a8ede2a66ac12f0a5021e856d",
          "22f317bdbd06c1bc5712d2dc5bc0b288"
        ]
      }
    },
    {
      "type": "Feature",
      "geometry": {
        "type": "Point",
        "coordinates": [
          -75.14968514122337,
          39.98563815362762
        ]
      },
      "properties": {
        "mural_name": "Our Neighborhood: Unity, Growth, Abundance, Love",
        "artist": "Anthony 'Seper' Torcasio",
        "address": "1040 W Susquehanna Ave, Philadelphia, Pennsylvania, 19122, USA",
        "media": [
          "71ed88f706992177d49e5c32232be3f5",
          "3b47aa6115671f357452292c51981e28",
          "aa989a5aa1da610e6227ad2f9be5efc3",
          "e36cf848084f8b49379d24b87d0c16cb",
          "72d8650bbe5f6b78a6660f0b1033cc55",
          "defc9170982c1ed4e9ccf57c1c86a269",
          "fd99fe27aa31d12a8c993fb67c856ae6"
        ]
      }
    },
    {
      "type": "Feature",
      "geometry": {
        "type": "Point",
        "coordinates": [
          -75.16018475842306,
          39.925970216073075
        ]
      },
      "properties": {
        "mural_name": "Our Park/Southwark",
        "artist": "Gamar Markarian",
        "address": "1835 S 9th St, Philadelphia, Pennsylvania, 19148, USA",
        "media": [
          "56b1e09130d71398fae4c135d46420d5",
          "d3ae7fca77d173ad163416aa65b1cbb1",
          "45ed42615f54141c7c38db2feb1ffa20",
          "d588951a729f05a4a36e7e0d13c4ad4d",
          "c9186cf8a18bcce841d46dba60714e55",
          "15802154c220ec0f551528aa4f830309"
        ]
      }
    },
    {
      "type": "Feature",
      "geometry": {
        "type": "Point",
        "coordinates": [
          -75.22002338615569,
          39.97378842770285
        ]
      },
      "properties": {
        "mural_name": "Our Philadelphia",
        "artist": "David Serotkin",
        "address": "4906 Lancaster Ave, Philadelphia, Pennsylvania, 19104, USA",
        "media": [
          "220c979f17d496b2ee7211c415d9c6b9"
        ]
      }
    },
    {
      "type": "Feature",
      "geometry": {
        "type": "Point",
        "coordinates": [
          -75.1315421878939,
          39.98705941575056
        ]
      },
      "properties": {
        "mural_name": "our story of us",
        "artist": "Trapeta B. Mayson",
        "address": "2400 Kensington Ave, Philadelphia, Pennsylvania, 19125, USA",
        "media": [
          "84ed1d23c64b62484eeb6f2590799d6d",
          "5d84bef452ac3f11a41dcab693477d62",
          "3c7200cc097eb37767bd1698bd0d591a",
          "6186a1afc02282ea2fb94fa047927427",
          "e5a0395882629c1151b0c33e5742cd7b"
        ]
      }
    },
    {
      "type": "Feature",
      "geometry": {
        "type": "Point",
        "coordinates": [
          -75.04223010279208,
          40.026958736623065
        ]
      },
      "properties": {
        "mural_name": "Our Tacony: Yesterday and Tomorrow",
        "artist": "Mariel Capanna",
        "address": "6934 Torresdale Ave, Philadelphia, Pennsylvania, 19135, USA",
        "media": [
          "28cefa18fef75fa36a7fbbe53113a5b7",
          "1483cb1ae01a6a698394bf295ad6c747",
          "7c05fc3ec77f78a27e961e9e57fc372b",
          "ee79c9ff57c66ca7be9e0786e006acc8",
          "54a2dedcc2f0778c7517d691b9c15ef1",
          "7489f9d99cd43ce477dfa33d620f1b9d",
          "9141e1dde4025061b03bd7b482dbf7e0"
        ]
      }
    },
    {
      "type": "Feature",
      "geometry": {
        "type": "Point",
        "coordinates": [
          -75.14483224678465,
          39.92346720697312
        ]
      },
      "properties": {
        "mural_name": "Our Urban Landscape",
        "artist": "James Burns",
        "address": "29 Snyder Ave, Philadelphia, Pennsylvania, 19148, USA",
        "media": [
          "11f4dce4b5ea4052b89ba04a221e83a6",
          "8199169b334810f418e788e604b7ac11",
          "820925ebe0ac66a941143913fe054b9b",
          "76340254a6e1f62b3895287c17492e99"
        ]
      }
    },
    {
      "type": "Feature",
      "geometry": {
        "type": "Point",
        "coordinates": [
          -75.15508067364597,
          39.992390689055995
        ]
      },
      "properties": {
        "mural_name": "Our Vision, Our Testament",
        "artist": "James Burns",
        "address": "2534 N Broad St, Philadelphia, Pennsylvania, 19132, USA",
        "media": [
          "68087745c88f45205e22a954ba845c17"
        ]
      }
    },
    {
      "type": "Feature",
      "geometry": {
        "type": "Point",
        "coordinates": [
          -75.15987389653502,
          40.02658775323661
        ]
      },
      "properties": {
        "mural_name": "Our Voice, Our Strength",
        "artist": "Felix St. Fort",
        "address": "4675 Germantown Ave, Philadelphia, Pennsylvania, 19144, USA",
        "media": [
          "683db755a5762107c81243601e132b5f"
        ]
      }
    },
    {
      "type": "Feature",
      "geometry": {
        "type": "Point",
        "coordinates": [
          -75.197739,
          39.968458
        ]
      },
      "properties": {
        "mural_name": "Our Wayfinders",
        "artist": "Eric Okdeh",
        "address": "3718 Mantua Ave, Philadelphia, Pennsylvania, 19104, USA",
        "media": [
          "da4afd7c2eae69395162ed5b9094ad8c",
          "86d485de44a36d6b2a8b84bc15fc6d66",
          "ccb137c1cc0fd87cd70b787de9acc2d3"
        ]
      }
    },
    {
      "type": "Feature",
      "geometry": {
        "type": "Point",
        "coordinates": [
          -75.2440909512262,
          39.98388816319493
        ]
      },
      "properties": {
        "mural_name": "Overbrook Natureworks",
        "artist": "Eurhi Jones",
        "address": "6134 Lancaster Ave, Philadelphia, Pennsylvania, 19151, USA",
        "media": [
          "f2bea3acd8667ab23425d0220b24152a"
        ]
      }
    },
    {
      "type": "Feature",
      "geometry": {
        "type": "Point",
        "coordinates": [
          -75.18062110279432,
          39.96311235273799
        ]
      },
      "properties": {
        "mural_name": "Paine's Park Temporary Installation",
        "artist": "Yis Goodwin",
        "address": "Martin Luther King Jr Dr & Benjamin Franklin Pkwy, Philadelphia, Pennsylvania, 19130, USA",
        "media": [
          "aeb12559cf4fc686503adaf2659db430",
          "e47bef078cc99a4df12ce91b55ce6627",
          "f9d473d4fb11e2428ab5206f0c1b026d",
          "2f2f0c632bf293102441058783e51b81",
          "04fce3b35a77da9e85787ec4b7a5d4d6",
          "6f20d0ed48516352a806a82ddb667988",
          "5d0fbff81a7def5fcddf44ada97d4af7",
          "f3033cfd63ec643422001d1079dbca4f",
          "dc7b3208b6cf3bb778bdc233b8534e72",
          "0c84de324592eddccba3c77bb0dbf83a",
          "7a149a7474ed3b1929e8c805dc5b6372",
          "269cfd330a9010902b4d773f50ef7d9f",
          "679e1019c7e2e5c7677b6b22e3aa9f49",
          "1e23d6998add119a95a13b620653edc0"
        ]
      }
    },
    {
      "type": "Feature",
      "geometry": {
        "type": "Point",
        "coordinates": [
          -75.22483018221995,
          39.93799834031292
        ]
      },
      "properties": {
        "mural_name": "Paint Me Like I Am",
        "artist": "Ernel Martinez",
        "address": "5550 Chester Ave, Philadelphia, Pennsylvania, 19143, USA",
        "media": [
          "dc7cc1b040549be90d99b314671c2c64",
          "c38dd170fbd91179bea6d2c6241de8a8",
          "518349a9852b9e1d1cb48a71783191d4"
        ]
      }
    },
    {
      "type": "Feature",
      "geometry": {
        "type": "Point",
        "coordinates": [
          -75.19735217587667,
          40.52096952100919
        ]
      },
      "properties": {
        "mural_name": "Palisades High School",
        "artist": "Jonathan Laidacker",
        "address": "35 E Church Hill Rd, Kintnersville, Pennsylvania, 18930, USA",
        "media": [
          "6951fd936d8ab4e725ad3337b17cbe0e",
          "d74e1ff4c3f63249c476ba15e775cfc0"
        ]
      }
    },
    {
      "type": "Feature",
      "geometry": {
        "type": "Point",
        "coordinates": [
          -75.16645016163133,
          40.002000130953
        ]
      },
      "properties": {
        "mural_name": "Panati Playground Mural (title unknown)",
        "artist": "David McShane",
        "address": "3100 N 22nd St, Philadelphia, Pennsylvania, 19132, USA",
        "media": [
          "cc981c8ef7b18c7427591451e3bda3cb"
        ]
      }
    },
    {
      "type": "Feature",
      "geometry": {
        "type": "Point",
        "coordinates": [
          -75.18554615652381,
          40.00637230348933
        ]
      },
      "properties": {
        "mural_name": "Paradise",
        "artist": "Felix St. Fort",
        "address": "3451 W Allegheny Ave, Philadelphia, Pennsylvania, 19132, USA",
        "media": [
          "53aa788191f3d6a593a32acae3401ea6"
        ]
      }
    },
    {
      "type": "Feature",
      "geometry": {
        "type": "Point",
        "coordinates": [
          -75.15501690260265,
          39.960655943680806
        ]
      },
      "properties": {
        "mural_name": "Parejita",
        "artist": "Santiago Galeas",
        "address": "448 N 10th St, Philadelphia, Pennsylvania, 19123, USA",
        "media": [
          "1ed44ff73398df66072a64ba23473439",
          "fb7fd5de10468af4fd5ef3490d69e83a"
        ]
      }
    },
    {
      "type": "Feature",
      "geometry": {
        "type": "Point",
        "coordinates": [
          -75.21312940481836,
          39.94502558412869
        ]
      },
      "properties": {
        "mural_name": "Park Pleasant",
        "artist": "Phillip Adams",
        "address": "4712 Chester Ave, Philadelphia, Pennsylvania, 19143, USA",
        "media": [
          "c967e96cb9a2327579441a76f119c00f",
          "1e9ca76bc0466f5cf47c1bf5e42dab14"
        ]
      }
    },
    {
      "type": "Feature",
      "geometry": {
        "type": "Point",
        "coordinates": [
          -75.179099,
          39.9611409
        ]
      },
      "properties": {
        "mural_name": "Parkway Daydreams",
        "artist": "Miriam Singer",
        "address": "2200 Benjamin Franklin Pkwy, Philadelphia, Pennsylvania, 19130, USA",
        "media": [
          "270f905abb8bf5c57fd2bfdacc547bf6",
          "2662d8cb5151f8d102e614d2aa67b8a3"
        ]
      }
    },
    {
      "type": "Feature",
      "geometry": {
        "type": "Point",
        "coordinates": [
          -75.16842772958704,
          39.92352573887866
        ]
      },
      "properties": {
        "mural_name": "Parts Per Million",
        "artist": "Benjamin Volta",
        "address": "2101 S Broad St, Philadelphia, Pennsylvania, 19148, USA",
        "media": [
          "b869d5d3b88b0f01542964836e53ec13",
          "7688bb363d5c23e573727ae7e8ee6c51",
          "2bd8a9fefa4bb2b8901e4ed98fb0487d",
          "9821ede59045d9b0ec098803505c2ce6"
        ]
      }
    },
    {
      "type": "Feature",
      "geometry": {
        "type": "Point",
        "coordinates": [
          -75.17111717116387,
          39.91586017903867
        ]
      },
      "properties": {
        "mural_name": "Passage :: Migration",
        "artist": "Ricardo Rivera (Klip Collective)",
        "address": "2800 S Broad St, Philadelphia, Pennsylvania, 19145, USA",
        "media": [
          "fafbe414e130e6607da6f63b466b18df"
        ]
      }
    },
    {
      "type": "Feature",
      "geometry": {
        "type": "Point",
        "coordinates": [
          -74.75338837917327,
          40.20521110020988
        ]
      },
      "properties": {
        "mural_name": "Passage of Time",
        "artist": "Phillip Adams",
        "address": "31 Wolverton St, Trenton, New Jersey, 08611, USA",
        "media": [
          "a8b4091b24c1bcf6761d9682ff43eecf",
          "0b8b9610a4f4b3c7c2e964bdf119c271",
          "2c2d9f42a7f5b42f39afb7a7e5619ffc",
          "5eb1cb8bfd3acb503ea724b9fe529119",
          "a0cfc51f88e8682e7f7e520cb0c23595",
          "ec1d4fb950f41e48ae9f4e3b3b91ba1f",
          "13109a437110826e841b41bf8af1d762",
          "81cbee902976eb693eb7c9bb98e4a037",
          "f95153aecf2c6a2dc312afde659be6a0",
          "08e0dddd9c83f77c234858e524eddf90",
          "7a774545544cb1bc51f2fe229739ef53",
          "d4627d1f0103ca0696131b42c11b2510"
        ]
      }
    },
    {
      "type": "Feature",
      "geometry": {
        "type": "Point",
        "coordinates": [
          -75.245647179336,
          39.966717487636714
        ]
      },
      "properties": {
        "mural_name": "Passage Parts I & II",
        "artist": "Kim Alsbrooks",
        "address": "229 N 63rd St, Philadelphia, Pennsylvania, 19139, USA",
        "media": [
          "fe4cc2a64ef4a5bb49152f016774af24",
          "b09b6e90bf6860bb7a3f69acd3736bb1",
          "b9d027faaa96effb40e7dd534872009a"
        ]
      }
    },
    {
      "type": "Feature",
      "geometry": {
        "type": "Point",
        "coordinates": [
          -75.13969618774892,
          39.99542704202886
        ]
      },
      "properties": {
        "mural_name": "Passing Through (Fairhill - 2900 North 5th Street)",
        "artist": "Meg Saligman",
        "address": "2900 N 5th St, Philadelphia, Pennsylvania, 19133, USA",
        "media": [
          "8f6bbfae86e98a92249bb321af8b8046"
        ]
      }
    },
    {
      "type": "Feature",
      "geometry": {
        "type": "Point",
        "coordinates": [
          -75.13934201658437,
          39.99534836150071
        ]
      },
      "properties": {
        "mural_name": "Passing Through (Fairhill - 2901 North 5th Street)",
        "artist": "Meg Saligman",
        "address": "2901 N 5th St, Philadelphia, Pennsylvania, 19133, USA",
        "media": [
          "4ec98d06a739f1add5fc4d0711b2b54d"
        ]
      }
    },
    {
      "type": "Feature",
      "geometry": {
        "type": "Point",
        "coordinates": [
          -75.19473754052764,
          39.975722079574155
        ]
      },
      "properties": {
        "mural_name": "Passing Through (Schuylkill Expressway)",
        "artist": "Meg Saligman",
        "address": "I-76 at W Girard Ave (Mile Marker 342.9), Philadelphia, Pennsylvania, 19104, USA",
        "media": [
          "f58c4f245096530fdd9c64e116ea970c"
        ]
      }
    },
    {
      "type": "Feature",
      "geometry": {
        "type": "Point",
        "coordinates": [
          -75.20697858775031,
          39.95907029809209
        ]
      },
      "properties": {
        "mural_name": "Passion Flower",
        "artist": "Paul Santoleri",
        "address": "4221 Powelton Ave, Philadelphia, Pennsylvania, 19104, USA",
        "media": [
          "7710d049ae53fa8ea638810c92b3d62d",
          "10db3838544c9249691d83893685c804"
        ]
      }
    },
    {
      "type": "Feature",
      "geometry": {
        "type": "Point",
        "coordinates": [
          -75.18453080022854,
          39.95305684117665
        ]
      },
      "properties": {
        "mural_name": "Pathfinder in the Sun",
        "artist": "Josh Sarantitis",
        "address": "119 S 31st St, Philadelphia, Pennsylvania, 19104, USA",
        "media": [
          "66f5203dedbc716b9c2c4c3beb18dbc3"
        ]
      }
    },
    {
      "type": "Feature",
      "geometry": {
        "type": "Point",
        "coordinates": [
          -75.16464774493137,
          39.929235407047045
        ]
      },
      "properties": {
        "mural_name": "Pathology of Devotion",
        "artist": "Vince Desiderio",
        "address": "1644 E Passyunk Ave, Philadelphia, Pennsylvania, 19148, USA",
        "media": [
          "1d01addec51f087e55fcdbd601e67969"
        ]
      }
    },
    {
      "type": "Feature",
      "geometry": {
        "type": "Point",
        "coordinates": [
          -75.19896856159019,
          39.96504321605312
        ]
      },
      "properties": {
        "mural_name": "Pathway to the Art House",
        "artist": "Shira Walinsky",
        "address": "3800 Melon St, Philadelphia, Pennsylvania, 19104, USA",
        "media": [
          "48801b6dba7c3a5ebe2b8c4bb6ec6fb7",
          "c25cc84027a1f3ed0edc4b32585cf426",
          "5cffb8b2f4cf8678a78a217fc62216c4",
          "3128a616448e2b0fb1694e58dae16ce5",
          "9a44459c305bf210c02ab4f8263d3eab",
          "121d52b85d430d4a88ddb1c9708401e6",
          "0f392cbcbad0f660f829f7aa1be888c6",
          "9c0a1dcdb402653effb3ec9969aa7d89",
          "c0d1fe1b3c55e6530cd4093de5ea5592"
        ]
      }
    },
    {
      "type": "Feature",
      "geometry": {
        "type": "Point",
        "coordinates": [
          -75.09005014677967,
          40.07176951243703
        ]
      },
      "properties": {
        "mural_name": "Pathways",
        "artist": "Meg Saligman",
        "address": "333 Cottman Ave, Philadelphia, Pennsylvania, 19111, USA",
        "media": [
          "295b1872e89aeb7181b19432e175adf8"
        ]
      }
    },
    {
      "type": "Feature",
      "geometry": {
        "type": "Point",
        "coordinates": [
          -75.0321397012414,
          40.02997472036055
        ]
      },
      "properties": {
        "mural_name": "Pathways to Justice",
        "artist": "Jamee Grigsby",
        "address": "7374 Edmund St, Philadelphia, Pennsylvania, 19136, USA",
        "media": [
          "b676fd82e940a0fec08c4701856f8184",
          "abcb65d3ec48db7824ebbf41a9afa38d",
          "619082556c209e6dc356ac7c2ea2e1ae",
          "191669a747cfd480577a4e6c5bf4f6a1",
          "ccb9c8bc9608fb2ce7a18cedbe2bacca",
          "b566540008289eacd92ae0daf3715ed4",
          "ca7e4401640dc0e34dfe90c6843edb16",
          "93efbe865e41c2a3b2831ffa41155aa0",
          "de90038c4d35fde6c666fbc39df26173",
          "a90163f8814e6357591523ea06032285",
          "f8751268b7b4b1b261aec4ada1a4dc4e"
        ]
      }
    },
    {
      "type": "Feature",
      "geometry": {
        "type": "Point",
        "coordinates": [
          -75.16133642356455,
          40.00606217419184
        ]
      },
      "properties": {
        "mural_name": "Patterns and Family Trees",
        "artist": "Delia King",
        "address": "3401 N 20th St, Philadelphia, Pennsylvania, 19140, USA",
        "media": [
          "c2c59ad446a5d42edd7e8ef12e277218"
        ]
      }
    },
    {
      "type": "Feature",
      "geometry": {
        "type": "Point",
        "coordinates": [
          -75.14622399766202,
          39.96143426729064
        ]
      },
      "properties": {
        "mural_name": "Patterns and Printmaking: Personifying Nature",
        "artist": "Becky McIntyre",
        "address": "531 N 5th St, Philadelphia, Pennsylvania, 19123, USA",
        "media": [
          "e134013af2beb611f58ba7103ca09ba5",
          "d2f133a9a8ef4b90b1d8ba1b12d3a338"
        ]
      }
    },
    {
      "type": "Feature",
      "geometry": {
        "type": "Point",
        "coordinates": [
          -75.1924834737663,
          39.967007457074615
        ]
      },
      "properties": {
        "mural_name": "Patti Labelle: Timeless Journey",
        "artist": "Sam Byrd",
        "address": "3402 Mantua Ave, Philadelphia, Pennsylvania, 19104, USA",
        "media": [
          "fd4dd0e3c90e9192895177712a8c231e"
        ]
      }
    },
    {
      "type": "Feature",
      "geometry": {
        "type": "Point",
        "coordinates": [
          -75.21164349251396,
          39.956662379246936
        ]
      },
      "properties": {
        "mural_name": "Paul Robeson",
        "artist": "Peter Pagast",
        "address": "4502 Chestnut St, Philadelphia, Pennsylvania, 19139, USA",
        "media": [
          "cae0190fe3007530cc4fc4ea387dc5c4",
          "bd8f8f1bc023f594873bc735e443917c",
          "54a5c77527ad994d51a3fc58cd496804",
          "197ea111e85144bcfe56eb5e5e10fe6d"
        ]
      }
    },
    {
      "type": "Feature",
      "geometry": {
        "type": "Point",
        "coordinates": [
          -75.14172205581386,
          39.98619306164151
        ]
      },
      "properties": {
        "mural_name": "Paz Para Vieques",
        "artist": "Joe Brenman",
        "address": "503 W Dauphin St, Philadelphia, Pennsylvania, 19133, USA",
        "media": [
          "a43b28549f04411926385aec36f7a216",
          "57847a38d03fa234e07e41c9c5397635"
        ]
      }
    },
    {
      "type": "Feature",
      "geometry": {
        "type": "Point",
        "coordinates": [
          -75.1923046026034,
          39.93723795858608
        ]
      },
      "properties": {
        "mural_name": "PDR Peace Wall",
        "artist": "Peter Pagast",
        "address": "1308 S 29th St, Philadelphia, Pennsylvania, 19146, USA",
        "media": [
          "afd4a157dbbc7afdf5e23a81b1e48e24",
          "33ab0b604da834ffbac793eeacfc773b"
        ]
      }
    },
    {
      "type": "Feature",
      "geometry": {
        "type": "Point",
        "coordinates": [
          -75.16730717376717,
          39.94051737209125
        ]
      },
      "properties": {
        "mural_name": "Peace is a Haiku Song",
        "artist": "Josh Sarantitis",
        "address": "1425 Christian St, Philadelphia, Pennsylvania, 19146, USA",
        "media": [
          "7bb56a414dff65d5f0fc9859fb1ebf27"
        ]
      }
    },
    {
      "type": "Feature",
      "geometry": {
        "type": "Point",
        "coordinates": [
          -75.18481715289346,
          39.98946422530138
        ]
      },
      "properties": {
        "mural_name": "Peace is Gold, and the Song I Wish to Hear",
        "artist": "James Burns",
        "address": "2139 N 32nd St, Philadelphia, Pennsylvania, 19121, USA",
        "media": [
          "aff350b43f7e4b7e3bcc0927ab6faa03"
        ]
      }
    },
    {
      "type": "Feature",
      "geometry": {
        "type": "Point",
        "coordinates": [
          -75.14991013668379,
          39.940055297143395
        ]
      },
      "properties": {
        "mural_name": "Peace Through Imagination",
        "artist": "Paul Santoleri",
        "address": "412 Monroe St, Philadelphia, Pennsylvania, 19147, USA",
        "media": [
          "4759eb8fba0a548fcbdd13407bb4d750"
        ]
      }
    },
    {
      "type": "Feature",
      "geometry": {
        "type": "Point",
        "coordinates": [
          -75.15941948786937,
          40.02599885851461
        ]
      },
      "properties": {
        "mural_name": "Peace, Positivity, and Hope for the Future",
        "artist": "Alloyius Mcilwaine",
        "address": "11 E Sylvania St, Philadelphia, Pennsylvania, 19144, USA",
        "media": [
          "9c569b8112cc49f3fb1079a097a84d51",
          "fddeee6ce1a488ecb1d2ad65433d9f9a",
          "00441dbc0ca339297965da7005977cdc",
          "2b8baa58d0c418cb898352ad0cc89931",
          "bc1dee45c4ed367e7fff5504a2c69c49"
        ]
      }
    },
    {
      "type": "Feature",
      "geometry": {
        "type": "Point",
        "coordinates": [
          -75.21628585660966,
          39.967389119865175
        ]
      },
      "properties": {
        "mural_name": "Peaceable Kingdom",
        "artist": "Parris Stancell",
        "address": "4800 Parrish St, Philadelphia, Pennsylvania, 19139, USA",
        "media": [
          "05c9215a9ff3405623c4553209b039bd"
        ]
      }
    },
    {
      "type": "Feature",
      "geometry": {
        "type": "Point",
        "coordinates": [
          -75.14612213522645,
          39.99930351993998
        ]
      },
      "properties": {
        "mural_name": "Peaceable Kingdom",
        "artist": "Charles E. Hankin",
        "address": "3107 N 10th St, Philadelphia, Pennsylvania, 19133, USA",
        "media": [
          "a1facf7abdd84c58610442e0043ebd49"
        ]
      }
    },
    {
      "type": "Feature",
      "geometry": {
        "type": "Point",
        "coordinates": [
          -75.19473754052764,
          39.975722079574155
        ]
      },
      "properties": {
        "mural_name": "Peaceable Kingdom",
        "artist": "Dietrich L. Adonis",
        "address": "I-76 at W Girard Ave (Mile Marker 342.9), Philadelphia, Pennsylvania, 19104, USA",
        "media": [
          "eabea625e45780b7ef8ad3f49a452388",
          "7e918092ea1dbf60b217219bc5ae0056",
          "b10f2dbfdb7c63e149198df56eb0df58"
        ]
      }
    },
    {
      "type": "Feature",
      "geometry": {
        "type": "Point",
        "coordinates": [
          -75.18884978169986,
          39.93175834608274
        ]
      },
      "properties": {
        "mural_name": "Peaceable Playground",
        "artist": "David Guinn",
        "address": "2600 Morris St, Philadelphia, Pennsylvania, 19145, USA",
        "media": [
          "a58d1f369e2bf4a42026c3aedefaaa3c",
          "ec99d6f3eeedf191fc023b17b7757356",
          "b4edc4a26211ae742837ff5bbfe300b1",
          "2cb1697de41aac5506753e17f68d9acf",
          "060ad1f7dcac0f0fe084e8399f2e687f"
        ]
      }
    },
    {
      "type": "Feature",
      "geometry": {
        "type": "Point",
        "coordinates": [
          -75.15066475770173,
          39.92448108036739
        ]
      },
      "properties": {
        "mural_name": "Peaceful Doorways",
        "artist": "Cathleen Hughes",
        "address": "1900 S 3rd St, Philadelphia, Pennsylvania, 19148, USA",
        "media": [
          "5c75a33587cd708dd24444faa92b718e",
          "9072da072e0dae59def981b8fe70eee6",
          "275cb2cff29952b53abbee3178de6b1f"
        ]
      }
    },
    {
      "type": "Feature",
      "geometry": {
        "type": "Point",
        "coordinates": [
          -75.07539180308835,
          40.056425123082775
        ]
      },
      "properties": {
        "mural_name": "Peaceful Thicket",
        "artist": "Dom Lyner (aka Llyn.el)",
        "address": "1400 Cottman Ave, Philadelphia, Pennsylvania, 19111, USA",
        "media": [
          "1fe5eba2e0cd947aba51311e54f0a18e"
        ]
      }
    },
    {
      "type": "Feature",
      "geometry": {
        "type": "Point",
        "coordinates": [
          -75.15854369662553,
          39.95824972502826
        ]
      },
      "properties": {
        "mural_name": "PEARLS",
        "artist": "Benjamin Volta",
        "address": "Pearl St & N 12th St, Philadelphia, Pennsylvania, 19107, USA",
        "media": [
          "c4809fad174d782a94138f7c5ba36c2b",
          "1c373b5f54768d0f1ab851e153a1f8fa",
          "d39832790727cebe1ade45abb7a6efe5",
          "99c5e59d9091327edc04a46586955a6d",
          "cbfc4871c5fc40aa23cae262da429fcf"
        ]
      }
    },
    {
      "type": "Feature",
      "geometry": {
        "type": "Point",
        "coordinates": [
          -75.15719113992625,
          39.97588489751178
        ]
      },
      "properties": {
        "mural_name": "Pedal Powering",
        "artist": "Candy Coated, aka Candy Depew",
        "address": "1501 N Broad St, Philadelphia, Pennsylvania, 19122, USA",
        "media": [
          "d2719cabaa212fe2244aaff54b0db859"
        ]
      }
    },
    {
      "type": "Feature",
      "geometry": {
        "type": "Point",
        "coordinates": [
          -75.14195240882147,
          39.96040270313018
        ]
      },
      "properties": {
        "mural_name": "Pedal Thru",
        "artist": "Paul Santoleri",
        "address": "200 Spring Garden St, Philadelphia, Pennsylvania, 19123, USA",
        "media": [
          "e4759c353b2694b2afc35332db76702e",
          "a8401a14835fe0bd06ff89f0e9312c6e",
          "368ef16eed5ffd3555056c103197a052",
          "0561765f948124154ea57f9e6f54eafb",
          "a2d3f229cc7d62c4b195ae73db8f16f8",
          "964651d3f367b405e31d54e3df50207b",
          "b57287ec7b9d7b9491c160cba0c9caa0",
          "e28a4e838e41b0ac6f621c42b51c5750",
          "5739b422d82e5bcf6327f07715f281f5",
          "6b13661a4ecf22318123de535d819924",
          "ce3e5a034877b55f35fe516849444fc7"
        ]
      }
    },
    {
      "type": "Feature",
      "geometry": {
        "type": "Point",
        "coordinates": [
          -75.13670815567906,
          40.00237354665494
        ]
      },
      "properties": {
        "mural_name": "Pedro Albizu Campos",
        "artist": "Elizam Escobar",
        "address": "3310 N 5th St, Philadelphia, Pennsylvania, 19140, USA",
        "media": [
          "94e8d6ec3431eaf097b0e7cd05c36268",
          "246ece4bfc2d787dc5de71a0fab9f389"
        ]
      }
    },
    {
      "type": "Feature",
      "geometry": {
        "type": "Point",
        "coordinates": [
          -75.24751605840585,
          39.908086235172426
        ]
      },
      "properties": {
        "mural_name": "Penrose School",
        "artist": "Ana Uribe",
        "address": "2515 S 78th St, Philadelphia, Pennsylvania, 19153, USA",
        "media": [
          "ee1dcaaf015067472fbc983cd4efd127",
          "7fe0d90c313f59bd0063dda3cb5d8e2a"
        ]
      }
    },
    {
      "type": "Feature",
      "geometry": {
        "type": "Point",
        "coordinates": [
          -75.18121938911202,
          39.93242902513401
        ]
      },
      "properties": {
        "mural_name": "People of Point Breeze",
        "artist": "David McShane",
        "address": "1541 S 22nd St, Philadelphia, Pennsylvania, 19146, USA",
        "media": [
          "8d7f97cc6e0351cce75066df9370874d"
        ]
      }
    },
    {
      "type": "Feature",
      "geometry": {
        "type": "Point",
        "coordinates": [
          -75.24757353677462,
          39.89721963146784
        ]
      },
      "properties": {
        "mural_name": "Pepper Middle School and Family",
        "artist": "Jared Bader",
        "address": "2901 S 84th St, Philadelphia, Pennsylvania, 19153, USA",
        "media": [
          "9b8b646854dfbb66eac4a680c69bd8d6",
          "e6926835fdfaf49cdc4ddaf8cee0cea8",
          "236a9104d89b5a371a184d69d619ff71",
          "4d9d32a6b88f96c5a644ba54cabf5766",
          "d8071f048818c232a0c7627fa51289f6",
          "89ddb90cd182c2480dd6b7687809037e"
        ]
      }
    },
    {
      "type": "Feature",
      "geometry": {
        "type": "Point",
        "coordinates": [
          -75.15922207323968,
          39.93287006269869
        ]
      },
      "properties": {
        "mural_name": "Percy Street Pedal Procession",
        "artist": "Lindsay Bedford",
        "address": "1300 Percy St, Philadelphia, Pennsylvania, 19147, USA",
        "media": [
          "3134cb6c037de665a16e5d7617fcd66e",
          "62acc6b1f02ab455a565c433448ecb6b",
          "e2cd922dcf8128305403c3857560cf78",
          "dcbbc147b828069502d8ae9c4f603e9b",
          "2d7be9c35309c35e54a07a40d780eea1"
        ]
      }
    },
    {
      "type": "Feature",
      "geometry": {
        "type": "Point",
        "coordinates": [
          -75.05253945542844,
          40.09201852898015
        ]
      },
      "properties": {
        "mural_name": "Persephone and her Imaginary Garden",
        "artist": "Joe Brenman",
        "address": "8801 Verree Rd, Philadelphia, Pennsylvania, 19115, USA",
        "media": [
          "26f027274a71ecdc554287f3b4db1f80",
          "808649e936b617f387ffc6045e5292be"
        ]
      }
    },
    {
      "type": "Feature",
      "geometry": {
        "type": "Point",
        "coordinates": [
          -75.134649,
          39.972127
        ]
      },
      "properties": {
        "mural_name": "Persistence",
        "artist": "Jason Andrew Turner",
        "address": "1412 Frankford Ave, Philadelphia, Pennsylvania, 19125, USA",
        "media": [
          "c12180f6445d8ecaf84c4874845ad00b",
          "14faf8267c03df2c15ce0ba017c2c9dc"
        ]
      }
    },
    {
      "type": "Feature",
      "geometry": {
        "type": "Point",
        "coordinates": [
          -75.16192997561988,
          39.95034432488495
        ]
      },
      "properties": {
        "mural_name": "Personal Melody",
        "artist": "How and Nosm",
        "address": "S 13th St & Drury St, Philadelphia, Pennsylvania, 19107, USA",
        "media": [
          "0d1487c048aeec110292cbca4ef203ad",
          "713391b86c433b1d3f21f231b762500b",
          "1a4f09d76b5c11d760c5d32dfebec17b"
        ]
      }
    },
    {
      "type": "Feature",
      "geometry": {
        "type": "Point",
        "coordinates": [
          -75.141393,
          39.977939
        ]
      },
      "properties": {
        "mural_name": "Personal Renaissance",
        "artist": "James Burns",
        "address": "1745 N 4th St, Philadelphia, Pennsylvania, 19122, USA",
        "media": [
          "e9fbd774d49f563e4ffd89d185848b39",
          "2d0029a2ee826739470efbae1d8cb868",
          "3219266dd95c36cb325c95450a088d78",
          "ce685d05a0fc0a3dadd9d8f3b2a32e55",
          "4075c1b8c902a2500490ea319c413f25",
          "0f2df187930c557468bff32da585cc52",
          "00b86a13ffeaf04bc946c2f44f3ceb9e",
          "50414691a559133cfb53fcb963526354"
        ]
      }
    },
    {
      "type": "Feature",
      "geometry": {
        "type": "Point",
        "coordinates": [
          -75.19311106457818,
          39.95726230631543
        ]
      },
      "properties": {
        "mural_name": "Petrykivka Garden and Cities of the War",
        "artist": "Mat Tomezsko",
        "address": "3401 Filbert St, Philadelphia, Pennsylvania, 19104, USA",
        "media": [
          "84e45ac807b96de8bcb602c01a9f15c6",
          "393407838355b5e5dda0686ac961a3fc",
          "b01196dbff6167354c0aec1ca8463f8b",
          "0089429500c152773fbe2a805ec4ceb1",
          "996b609fd4023060d7ff8d2f91fc83c7"
        ]
      }
    },
    {
      "type": "Feature",
      "geometry": {
        "type": "Point",
        "coordinates": [
          -75.01647220739045,
          40.03031848598918
        ]
      },
      "properties": {
        "mural_name": "Phenomenal Women",
        "artist": "Angela Crafton",
        "address": "8151 State Road, Philadelphia, Pennsylvania, 19136, USA",
        "media": [
          "6e6dbcd1fe4727871cb4845c91c00706",
          "06c206cbc3436860eda4ae8bdc6e2149",
          "ea7a6c456bb6e855188c6d533b9a669a",
          "e9bc22ed1214e2fb9a5d397fdd9c4839",
          "d3366d9f6d4a90eed6085ee15f3952fc"
        ]
      }
    },
    {
      "type": "Feature",
      "geometry": {
        "type": "Point",
        "coordinates": [
          -75.14411294437163,
          39.949058864688446
        ]
      },
      "properties": {
        "mural_name": "Philadelphia",
        "artist": "Steve Powers, aka ESPO",
        "address": "44 S 2nd St, Philadelphia, Pennsylvania, 19106, USA",
        "media": [
          "c502d64a6bb8fb458aa5dbc8e842ba33",
          "36c9701e4b90f218cd10f8d008fbbdc1",
          "0349ac289816ddf9d3a0f762aebff80b",
          "6748ff0b5d78db05c39103dd273ad58c",
          "faf102d6d64cada7b6519188a576698a",
          "4978ffde88ab7be74bfca46c8fffa811",
          "ef82bc4520cf2cc4dd0f9a7a8a29fc28",
          "af0fea6515606d6bfafd805518a54b4f",
          "21c218a66ce8b34d7ed1f4a190b8ba0b",
          "712df36e3545c668293cee20311d869f",
          "e5cc8dbb8f1a129ae30def1083e661eb",
          "b3243a3fd409aee8d62e2b1813115f4f",
          "62f6e5eceac6d1a7ba520cbd609808d5",
          "51380c5b51716069c9188ad441761ade",
          "4a1aa37f307653ca14f7dbf1b97fc86a"
        ]
      }
    },
    {
      "type": "Feature",
      "geometry": {
        "type": "Point",
        "coordinates": [
          -75.1631271510775,
          39.981774580832
        ]
      },
      "properties": {
        "mural_name": "Philadelphia Anti-Graffiti Network mural (title unknown) at 1723 West Montgomery Avenue",
        "artist": "Philadelphia Anti-Graffiti Network (PAGN)",
        "address": "1723 W Montgomery Ave, Philadelphia, Pennsylvania, 19121, USA",
        "media": [
          "54639b9261017275df4a41f6bc08dbd5"
        ]
      }
    },
    {
      "type": "Feature",
      "geometry": {
        "type": "Point",
        "coordinates": [
          -75.1690477,
          39.9654291
        ]
      },
      "properties": {
        "mural_name": "Philadelphia Ballet - Behind the Stage Door",
        "artist": "Jonathan Laidacker",
        "address": "1727-29 Mt. Vernon Street, Philadelphia, Pennsylvania, 19107, USA",
        "media": [
          "f760c7882b70c9006f25266526758dc6",
          "d5175d76c04df8f55af63a22db3223ca",
          "5ea6204bcdda3ed9b7030bd3211ae303",
          "700b2ad8c7e708dd3105e434a9495d80",
          "d7a1eb9a9d074b7eed309e97ef977378",
          "bf6a9e4b96139a40d7c40f3d0e599742",
          "515519b6d2b95b338411dda15d9ade6e",
          "d137d8d5b3d61721f09460d7e6e58b74",
          "b832ca7f8534322f54dbe7f1aa589ffb",
          "856728c89ded1eba872c656535ddf0c9",
          "582a8dfaa4343b09170aec2d9760d362"
        ]
      }
    },
    {
      "type": "Feature",
      "geometry": {
        "type": "Point",
        "coordinates": [
          -75.2270820670494,
          39.95105427792537
        ]
      },
      "properties": {
        "mural_name": "Philadelphia Beauty Showcase",
        "artist": "Karl Yoder",
        "address": "544 S 52nd St, Philadelphia, Pennsylvania, 19143, USA",
        "media": [
          "446627a671bd5020f122c43b5fd5f31e"
        ]
      }
    },
    {
      "type": "Feature",
      "geometry": {
        "type": "Point",
        "coordinates": [
          -75.1690477,
          39.9654291
        ]
      },
      "properties": {
        "mural_name": "Philadelphia Department of Public Health Covid-19 Messaging Campaign",
        "artist": "Evan Thornburg",
        "address": "1727-29 Mt. Vernon Street, Philadelphia, Pennsylvania, 19107, USA",
        "media": [
          "43bd8272d5dad30b25f08593ad9c545d",
          "185624fce23a62fcaef5cf5e6794c147",
          "4b23993801f9f06449f4135670c165d5",
          "689a44ced61d84c2160ae8d8fa5aca7b",
          "a7aff1b6298289d2001ae273c0787ecd",
          "2c7a193a3fdd68c171809655f7f5e7f2",
          "5977d15f9de7f46930eb653f689b7ef3",
          "81fbc2b4065a6bdf9e4c3f8bde42ad47",
          "ad85f1c97131bc720e5624a694912395",
          "a730c1d469ebea75169bd92c3bb0ec86",
          "4a83288e6ebf178351f9e40d05e09649",
          "c013acd2b04be127a236a13453cbbefc",
          "6803db4c00c1ad6e5846863e24323241",
          "fc3ea03b6c9e5104d551e1033434b1c3",
          "df9205fab726ffa9d41dd4f85272c52b",
          "0cbbd05d2547d0319a2f5be8954a4a67",
          "09bdd40d025d50df894455a98a4e29b8",
          "998682c96afda4e0a3457d38a6ea6fbe",
          "a29593e630a97f8ef9bfd6b0a71f8818",
          "118f5c0f532a98024171238250749f53"
        ]
      }
    },
    {
      "type": "Feature",
      "geometry": {
        "type": "Point",
        "coordinates": [
          -75.2110518355229,
          39.96248863048148
        ]
      },
      "properties": {
        "mural_name": "Philadelphia Department of Public Health, Health Center 4 (title unknown)",
        "artist": "Parris Stancell",
        "address": "4400 Haverford Ave, Philadelphia, Pennsylvania, 19104, USA",
        "media": [
          "9a3727a1c76d650c1dbd10505e250c47",
          "32025fb0ecb1f3c1b56a27f3100e3f31",
          "b69dd3b8c092c13ac6d3836f0ed00fd4",
          "28177de8a02e68edac694407a4ffe37c",
          "0fe4446dbb6b9e29e626b214d4c44581",
          "586ae07b526251dce1218d0d1fa17cfb"
        ]
      }
    },
    {
      "type": "Feature",
      "geometry": {
        "type": "Point",
        "coordinates": [
          -75.01809291609034,
          40.07593599124417
        ]
      },
      "properties": {
        "mural_name": "Philadelphia Eagles Super Bowl LII Champions Mural ",
        "artist": "David McShane",
        "address": "2701 Grant Ave, Philadelphia, Pennsylvania, 19114, USA",
        "media": [
          "fc483ba1e9afd1b3259c2d34d3cb1213"
        ]
      }
    },
    {
      "type": "Feature",
      "geometry": {
        "type": "Point",
        "coordinates": [
          -75.15134580260302,
          39.949068302737295
        ]
      },
      "properties": {
        "mural_name": "Philadelphia Firsts",
        "artist": "Keir Johnston",
        "address": "150 S Independence Mall W, Philadelphia, Pennsylvania, 19106, USA",
        "media": [
          "79b3d18fbe4badd01ffecec34da4b020",
          "b3e9b0470d57c6edf9c96ac040c1a998",
          "835a0fd194f4899a9baf9ede1fe40b2e",
          "9e9d768b8c6cd5316e5c54349573ab21",
          "51410dff599c830df413ee55199bd8a6",
          "1ae14f87b34e7f68c18efe918bd06db6"
        ]
      }
    },
    {
      "type": "Feature",
      "geometry": {
        "type": "Point",
        "coordinates": [
          -75.16354767561977,
          39.95296446809859
        ]
      },
      "properties": {
        "mural_name": "Philadelphia International Unity Cup Banner Art Project Exhibit",
        "artist": "Emily Coleman",
        "address": "1400 John F. Kennedy Blvd, Philadelphia, Pennsylvania, 19107, USA",
        "media": [
          "6abf036fbdb189008c16b704c40e7a13",
          "5bd7754b1ff624e0a62036293da9af63",
          "3efab03a9ff634c0223006fffb421770",
          "3ce1134764937a399ccb762ddacef3a8",
          "20653d01804bad2629a11a1750f052df",
          "b02f2efb35ed06490df52737f1c15c13",
          "5344dadee03d4e766e8d9411d68ca98b",
          "dd8ab85b530f9ea7042f7d11083dc25d",
          "9665b7a411e492c43a20e821962d77b9",
          "a1cbc233e5673071b31b55cabfeb9ce4"
        ]
      }
    },
    {
      "type": "Feature",
      "geometry": {
        "type": "Point",
        "coordinates": [
          -75.21508369468937,
          40.02040026913493
        ]
      },
      "properties": {
        "mural_name": "Philadelphia Marathon Mural",
        "artist": "Kala Hagopian @HagopianArts",
        "address": "3901 Main St, Philadelphia, Pennsylvania, 19127, USA",
        "media": [
          "e5573784742cd1983433ad8391b68ae0",
          "af03e6d463f84526b24bce7c552d158d"
        ]
      }
    },
    {
      "type": "Feature",
      "geometry": {
        "type": "Point",
        "coordinates": [
          -75.15957170074981,
          39.953151765339854
        ]
      },
      "properties": {
        "mural_name": "Philadelphia Microcosm",
        "artist": "Jonathan Laidacker",
        "address": "Filbert St & N 12th St, Philadelphia, Pennsylvania, 19107, USA",
        "media": [
          "6093e692bf0aeb8c630ebb754bfbfe93",
          "a554169b8506bc4c56fddff66043ee16",
          "72bf05e5b5cd2686704786160649d6ac"
        ]
      }
    },
    {
      "type": "Feature",
      "geometry": {
        "type": "Point",
        "coordinates": [
          -75.16181592958617,
          39.9482833793896
        ]
      },
      "properties": {
        "mural_name": "Philadelphia Muses",
        "artist": "Meg Saligman",
        "address": "1235 Locust St, Philadelphia, Pennsylvania, 19107, USA",
        "media": [
          "07abf2c00813d6e68c68b9e5e02a02d2",
          "71cfd63793e986829b08796e35a63997"
        ]
      }
    },
    {
      "type": "Feature",
      "geometry": {
        "type": "Point",
        "coordinates": [
          -75.18491974678578,
          39.889655752310844
        ]
      },
      "properties": {
        "mural_name": "Philadelphia Navy Yard Peaking Plant / PIDC Fence Wrap",
        "artist": "Nate Harris",
        "address": "S 19th St & Kitty Hawk Ave, Philadelphia, Pennsylvania, 19112, USA",
        "media": [
          "522dd7c1c335a2b314ad51aea8965cbc",
          "8ad1b727eec21d3690ca0457a9cd03c6",
          "4d793df7a564b62c78452bf04d610b94",
          "8ad1b727eec21d3690ca0457a9cd03c6"
        ]
      }
    },
    {
      "type": "Feature",
      "geometry": {
        "type": "Point",
        "coordinates": [
          -75.19396486722901,
          39.905951110819665
        ]
      },
      "properties": {
        "mural_name": "Philadelphia on a Half-Tank",
        "artist": "Paul Santoleri",
        "address": "Penrose Ave & S 26th St, Philadelphia, Pennsylvania, 19145, USA",
        "media": [
          "edc830a44ed3a9908de4b00c68a89898",
          "ea9a8d709b3a310a591e9e4349fc0dcd",
          "bbcf14c36aae6eb1b6293bc963d64c10",
          "d9ac00dbba4771c82b3982a90be488bf",
          "d96afda42a10e6d18c9302d4ddae7177",
          "6717b90ddac0f387ba7c1f2416e4e6f8"
        ]
      }
    },
    {
      "type": "Feature",
      "geometry": {
        "type": "Point",
        "coordinates": [
          -75.13038593701991,
          39.99127153464439
        ]
      },
      "properties": {
        "mural_name": "Philadelphia Pharmacy (1996)",
        "artist": "Parris Stancell",
        "address": "101 E Lehigh Ave, Philadelphia, Pennsylvania, 191407, USA",
        "media": [
          "f44abc2c41d377cacf4fd0dbc290bccb"
        ]
      }
    },
    {
      "type": "Feature",
      "geometry": {
        "type": "Point",
        "coordinates": [
          -75.13038593701991,
          39.99127153464439
        ]
      },
      "properties": {
        "mural_name": "Philadelphia Pharmacy (2006)",
        "artist": "Parris Stancell",
        "address": "101 E Lehigh Ave, Philadelphia, Pennsylvania, 191407, USA",
        "media": [
          "ffe097fd2f2fc47d2e5cf1178f317e40",
          "808f76819685e48de0d67fc31ca99ab4"
        ]
      }
    },
    {
      "type": "Feature",
      "geometry": {
        "type": "Point",
        "coordinates": [
          -75.1740155358867,
          39.926490793634315
        ]
      },
      "properties": {
        "mural_name": "Philadelphia Praise Center",
        "artist": "Parris Stancell",
        "address": "1701 McKean St, Philadelphia, Pennsylvania, 19145, USA",
        "media": [
          "d8d4444dadb761dbf5a31b6337133fc4",
          "c01ab7c043c22d37839868a206ad1f7f"
        ]
      }
    },
    {
      "type": "Feature",
      "geometry": {
        "type": "Point",
        "coordinates": [
          -75.13917433143801,
          39.98445047169254
        ]
      },
      "properties": {
        "mural_name": "Philadelphia Safe and Sound",
        "artist": "Roldan West",
        "address": "303 W Susquehanna Ave, Philadelphia, Pennsylvania, 19122, USA",
        "media": [
          "0f1387def5891e194c8ec38105e32bf7",
          "0b97ca99cf57708425b97bd58b83a94f"
        ]
      }
    },
    {
      "type": "Feature",
      "geometry": {
        "type": "Point",
        "coordinates": [
          -75.21301127500568,
          39.97733943600005
        ]
      },
      "properties": {
        "mural_name": "Philadelphia Stars Negro League Baseball Mural",
        "artist": "David McShane",
        "address": "4304 Parkside Ave, Philadelphia, Pennsylvania, 19131, USA",
        "media": [
          "03131d2cbc1e760b19661265bef54301",
          "d229e5e2b2991581f6c2dfea2796b106"
        ]
      }
    },
    {
      "type": "Feature",
      "geometry": {
        "type": "Point",
        "coordinates": [
          -75.168893,
          39.944521
        ]
      },
      "properties": {
        "mural_name": "Philadelphia Tribune Sign Restoration",
        "artist": "Darin Rowland",
        "address": "520 S 16th St, Philadelphia, Pennsylvania, 19146, USA",
        "media": [
          "8f3c760ffaeac357b59496e1b068a67a",
          "112e78fdbf418f154124916d5e36c439"
        ]
      }
    },
    {
      "type": "Feature",
      "geometry": {
        "type": "Point",
        "coordinates": [
          -75.15771699284497,
          39.95945124715663
        ]
      },
      "properties": {
        "mural_name": "PhilaGuernica",
        "artist": "Jared Owens",
        "address": "1133 Callowhill St, Philadelphia, Pennsylvania, 19123, USA",
        "media": [
          "342b368928bded3b4ef1cb89e95cc55c",
          "8ee10ed3ebcab1c5c564c435cca410e9"
        ]
      }
    },
    {
      "type": "Feature",
      "geometry": {
        "type": "Point",
        "coordinates": [
          -75.1690477,
          39.9654291
        ]
      },
      "properties": {
        "mural_name": "Philly Daydreams",
        "artist": "Anula Shetty",
        "address": "1727-29 Mt. Vernon Street, Philadelphia, Pennsylvania, 19107, USA",
        "media": [
          "7b934691c3b218de07f8109ebc1b2b51",
          "fe96ff4249b9b29e615dcc278371ce69",
          "3dfd0833e2a5294a76077641cf672f67",
          "fd19b7b1f4d1019ed7d172c6aedaa342",
          "bcf45b668b41338ec3f4b30697e9b6c5",
          "43b4aeb8c013e00f7c23004801aab218",
          "69658c476d4b00d4ff29f4ee743807e3",
          "732bd5ba025c1d98f14fd7dc6739e05d",
          "a7a62eb31343ffafb5537f8534136af0",
          "47bca80dd5cbef8ea26f62cf600d4039",
          "b990d1e1b44305e445e54a112e28ac19",
          "caa9b79e6c6bf39080642dd0ae32d61e",
          "633b2794ccbc8734a9d2d4cceb960cda",
          "cbe8e8c6d94cd500c21a47d7916f72c8",
          "d1d2d89b04f9b4f7ee56e80496819a25",
          "b616f0586bf02802158406b2d5ec5eab",
          "36b1a818dbb6f292da30c11f54ab03f4",
          "582828a6162eb47f7bc56c46fe3dda1e",
          "eb767439c231d29601b22eb0858d57a7",
          "7c7293faea61591ab1d6da824ebeee3a",
          "7bf12e721adb8fa94575519dfd65ade2",
          "631cb746718dfbc5529869ae7dbb7752",
          "2e67a06693e34324d4a04ede99fe8a47",
          "db8f9337705ae8b935b226d000cae231",
          "c47937e022fbe0ba4fcd7d40b45ec9c3",
          "f28a1601035f2ac98db07009a2c42d1d",
          "190977a159daeec3fc8102ea9854096a",
          "d75f4e5038ebe774f35c4279c5c44180",
          "37e84d688fb6994001ed8ba3357a92bd",
          "a2f373c250cd3300f080db9a27385213",
          "caa2d1091e920deec083f33e19b90c46"
        ]
      }
    },
    {
      "type": "Feature",
      "geometry": {
        "type": "Point",
        "coordinates": [
          -75.1690477,
          39.9654291
        ]
      },
      "properties": {
        "mural_name": "Philly From A to Z",
        "artist": "Ben Eine",
        "address": "1727-29 Mt. Vernon Street, Philadelphia, Pennsylvania, 19107, USA",
        "media": [
          "66b73e52fbf2707957c2487b760bd0b6",
          "8c03dd3e876d98b35f754c4f6ff82928",
          "9e1dd3dfbb13eb713709368df00a89f3",
          "3046bec96442a78e605cfd094bb259f0",
          "b5fc85ab4bdaa62d3bc715f31a648a67",
          "58a02471bae3b6eaeee5c39bafeef199",
          "3ebf2e500f3f51c4d0643bcc1fc0cf9c",
          "ed6a357d09b63e5a86510d85ee2a14dd",
          "b5597e13120e4be7ed0b6637df4123e4",
          "d75c27339bf8a681a6983bdf2f8ed9ec",
          "b740693066e6afa6c185fef5c0dd9c58",
          "ec3991d3e4b14785ade87ae94244fde1",
          "c8c3958d47ae1e403b4065c89d88d5de",
          "099690d469336f28a4d5253a640bc881"
        ]
      }
    },
    {
      "type": "Feature",
      "geometry": {
        "type": "Point",
        "coordinates": [
          -75.14744851983346,
          39.99023755826572
        ]
      },
      "properties": {
        "mural_name": "Philly Painting",
        "artist": "Jeroen Koolhaas",
        "address": "2500 Germantown Ave, Philadelphia, Pennsylvania, 19133, USA",
        "media": [
          "5f0f576185ddff09110db05a2079736c",
          "f7fe7a1f7aa38674c6e9c9bdcd693ac2",
          "f816d2b931d824692c9e20292c7a5c24",
          "76c3a30b850dcbae9e50dddcfaac15c3",
          "9aea1b0f9b91f035a077103c066b6599"
        ]
      }
    },
    {
      "type": "Feature",
      "geometry": {
        "type": "Point",
        "coordinates": [
          -75.1690787,
          39.9653724
        ]
      },
      "properties": {
        "mural_name": "Philly Rising",
        "artist": "Nilé Livingston",
        "address": "1727-29 Mt Vernon St, Philadelphia, Pennsylvania, 19130, USA",
        "media": [
          "08f09a009d72da10abf1bd41d7315f34"
        ]
      }
    },
    {
      "type": "Feature",
      "geometry": {
        "type": "Point",
        "coordinates": [
          -75.17073388350713,
          39.936577196523736
        ]
      },
      "properties": {
        "mural_name": "Philly Rising #2 - St. Thomas Aquinas",
        "artist": "Delia King",
        "address": "1700 Fernon St, Philadelphia, Pennsylvania, 19145, USA",
        "media": [
          "542c12e4aadcff9a3ad501d05a7aa27f"
        ]
      }
    },
    {
      "type": "Feature",
      "geometry": {
        "type": "Point",
        "coordinates": [
          -75.19181757904316,
          39.97537481014207
        ]
      },
      "properties": {
        "mural_name": "Philly Rowing (Schuylkill Timeline and At the End of the Race)",
        "artist": "Jonathan Laidacker",
        "address": "Kelly Dr, Philadelphia, Pennsylvania, 10130, USA",
        "media": [
          "7be39add7950fbe95d15aeb0a22c9bdb"
        ]
      }
    },
    {
      "type": "Feature",
      "geometry": {
        "type": "Point",
        "coordinates": [
          -75.15980654542234,
          39.92545169859643
        ]
      },
      "properties": {
        "mural_name": "Philly Story Fest 2023",
        "artist": "Paige Mehrer",
        "address": "1901 S 9th St, Philadelphia, Pennsylvania, 19148, USA",
        "media": [
          "74fd0464fc83915b2e76ea1d4be6c534",
          "6cf66ba01e325af738a0a17d88b550b6",
          "696576baf041c219e914bf0b1af4185d"
        ]
      }
    },
    {
      "type": "Feature",
      "geometry": {
        "type": "Point",
        "coordinates": [
          -75.21095838836297,
          39.93892882369582
        ]
      },
      "properties": {
        "mural_name": "Philly Swing",
        "artist": "Parris Stancell",
        "address": "4901 Grays Ave, Philadelphia, Pennsylvania, 19143, USA",
        "media": [
          "7bae0d1e4497006dfe85f7c2ce880f15",
          "92ab54501616ec3a2fe64a03a8ce65a7",
          "77c4b7550f313ae66f0fe92cb962d22d",
          "9e6174255d10a2d0d0ed9224d59c8f67",
          "082037ec7abdaf4d820754bac9f4b935",
          "02c1b377fe6e9443c04a7dd29b9d1da8",
          "d36800250a19d924339f0178bc371a69",
          "95f13ee075a26e7f315c06ed9823bac4",
          "a943d24a45f404febc0c88aa74e419a6",
          "f4b8d3bc49c8d8f28855e914c31cedbf"
        ]
      }
    },
    {
      "type": "Feature",
      "geometry": {
        "type": "Point",
        "coordinates": [
          -75.23518377253072,
          39.95812391925866
        ]
      },
      "properties": {
        "mural_name": "Philly Votes: Legacy In Bloom",
        "artist": "Tai Corrienté Bacoum",
        "address": "5644 Walnut St, Philadelphia, Pennsylvania, 19139, USA",
        "media": [
          "220a2c59bc8e4668ae6ca961123541f0",
          "e4b6634e09816979956aae1bfbd0d134"
        ]
      }
    },
    {
      "type": "Feature",
      "geometry": {
        "type": "Point",
        "coordinates": [
          -75.16200875666617,
          39.94959220691226
        ]
      },
      "properties": {
        "mural_name": "PhillyChunkPack, 2011",
        "artist": "Kenny Scharf",
        "address": "120 S 13th St, Philadelphia, Pennsylvania, 19107, USA",
        "media": [
          "a9629b27394037b38cd4d9c345c2ad45",
          "77e6edb1c37d13f1215bfb2719da1634",
          "8a706f279630dfcdd735b3f92ecb9a00",
          "75be0fd74b6fd60b1ba23b47b160896b"
        ]
      }
    },
    {
      "type": "Feature",
      "geometry": {
        "type": "Point",
        "coordinates": [
          -75.14540965842168,
          39.966462989991165
        ]
      },
      "properties": {
        "mural_name": "Philos Adelphos",
        "artist": "Saner",
        "address": "440 Poplar St, Philadelphia, Pennsylvania, 19123, USA",
        "media": [
          "febd23bc09f3e1509fa838bbe752db49"
        ]
      }
    },
    {
      "type": "Feature",
      "geometry": {
        "type": "Point",
        "coordinates": [
          -75.172223753075,
          39.95083717201985
        ]
      },
      "properties": {
        "mural_name": "PHS Popup Garden 2012",
        "artist": "Mat Tomezsko",
        "address": "1905 Walnut St, Philadelphia, Pennsylvania, 19103, USA",
        "media": [
          "079dc249c36af98f013608abb0294016",
          "58d2febcd42c87f2e5d1696c603381a6",
          "35d703c04bfaa5d0bc56d9db418f91b2"
        ]
      }
    },
    {
      "type": "Feature",
      "geometry": {
        "type": "Point",
        "coordinates": [
          -75.16339808098772,
          39.93517893405466
        ]
      },
      "properties": {
        "mural_name": "Picture Windows",
        "artist": "David Guinn",
        "address": "1143 S 12th St, Philadelphia, Pennsylvania, 19147, USA",
        "media": [
          "3360d0feb3067e49b83cce4437cf6b83"
        ]
      }
    },
    {
      "type": "Feature",
      "geometry": {
        "type": "Point",
        "coordinates": [
          -75.2110518355229,
          39.96248863048148
        ]
      },
      "properties": {
        "mural_name": "Pioneering Women A - Z",
        "artist": "Shira Walinsky",
        "address": "4400 Haverford Ave, Philadelphia, Pennsylvania, 19104, USA",
        "media": [
          "f3bd46315b7546a8771173031d713e91",
          "7977223447ebe5be7d06bfb2add48556",
          "afd2c3452557ad4d9877f794750e4991",
          "56b7ae01687ae8c4c2c8e8ff88b8c7fc",
          "abf925747b7e92be3da4b096a5f4ca3c",
          "0700e7c1fd4d60ceb42aad3245407b47",
          "478dabe356590667e08a18ce4aed60ec",
          "d186b32492caa5e331d73354dc6c7113",
          "22addacc2161a7b6bb7aa7fa3c24028a",
          "0334958526966f11b0577e4f6c6882ef",
          "75590e148e2bfaefb8af6534a8443914",
          "32567351545d2d330dc1b00c502831e6"
        ]
      }
    },
    {
      "type": "Feature",
      "geometry": {
        "type": "Point",
        "coordinates": [
          -75.12807180682876,
          39.96654523204801
        ]
      },
      "properties": {
        "mural_name": "Plainsight is 20/20",
        "artist": "RAIR (Recycled Artist in Residency)",
        "address": "1301 N Beach St, Philadelphia, Pennsylvania, 19125, USA",
        "media": [
          "535600d2d427b5680073d85f6859b806",
          "3bf944a3ddb7b65fc9e4e1908ca7b0fd",
          "69716d3dbf70101e825ca32b94bb8625"
        ]
      }
    },
    {
      "type": "Feature",
      "geometry": {
        "type": "Point",
        "coordinates": [
          -75.22714281476229,
          39.93491323093997
        ]
      },
      "properties": {
        "mural_name": "Planting the Seeds of Peace and Hope",
        "artist": "Efrain Herrera",
        "address": "5801 Kingsessing Ave, Philadelphia, Pennsylvania, 19143, USA",
        "media": [
          "048350ba4793153dda21687665134366"
        ]
      }
    },
    {
      "type": "Feature",
      "geometry": {
        "type": "Point",
        "coordinates": [
          -75.176428,
          40.037793
        ]
      },
      "properties": {
        "mural_name": "Plastics Are Forever/ Trash Makes Me Dizzy",
        "artist": "Leah Reynolds",
        "address": "6101 Ardleigh St, Philadelphia, Pennsylvania, 19138, USA",
        "media": [
          "2a4184cd57c169a18e2a0f7fbb97938a",
          "52c148c6e052df2588477c3d56027d97"
        ]
      }
    },
    {
      "type": "Feature",
      "geometry": {
        "type": "Point",
        "coordinates": [
          -75.15654997057725,
          40.06202235077774
        ]
      },
      "properties": {
        "mural_name": "Play For Change",
        "artist": "Gianni Lee",
        "address": "7200 Woolston Ave, Philadelphia, Pennsylvania, 19138, USA",
        "media": [
          "2dfe80db5b51bd1b4e6cfaeb2161c3cd",
          "5ee90e9c801ac3a79b79ef4fc63eaeef",
          "e27b37a36f2ab60b0c7999d5f413be94",
          "a59f5fa38c386842619acd104dba45c9"
        ]
      }
    },
    {
      "type": "Feature",
      "geometry": {
        "type": "Point",
        "coordinates": [
          -75.1793413883333,
          40.048734810938406
        ]
      },
      "properties": {
        "mural_name": "Play For Change",
        "artist": "Raheen Saladeen Johnson, aka King Saladeen",
        "address": "100 E Johnson St, Philadelphia, Pennsylvania, 19144, USA",
        "media": [
          "c127436435ee30020fc57d9c0e8b7377",
          "bd5b2b4bd16428247417b7e507cb0599"
        ]
      }
    },
    {
      "type": "Feature",
      "geometry": {
        "type": "Point",
        "coordinates": [
          -75.1690477,
          39.9654291
        ]
      },
      "properties": {
        "mural_name": "Play Happens Here! Playstreets Banners (with Murals on the Move)",
        "artist": "Cesar Viveros",
        "address": "1727-29 Mt. Vernon Street, Philadelphia, Pennsylvania, 19107, USA",
        "media": [
          "28ac301e261d45c4c414603a19777770",
          "f72b6df78e73fbbecf73b7798e49b9db",
          "c4cacc471563d480a7d41836e4c20748",
          "924e63751ea2fcee5cf2468f39ad1ced",
          "84774530dcced217c542e9a25b9ec4c5",
          "bcec7b16f61f177ef7260b785ffca274",
          "2a3840fc49a579ba1a85cf851987c207",
          "efd40d4980bdb517bae4164b85444c30",
          "0ec4ea87bf81950ab4d61a9ba3a52318",
          "357a8a3458959606a6e76b85a14bcc4d",
          "d585a1b0f51a17203bd602e331f27794",
          "46ab0d06709d8a76edb410423245266f",
          "e1aa013245dc623945d9f84812a81578",
          "1263c69fde3b1413637d802758906adc",
          "e513eb9e1321cff730f0f3481fd2a382",
          "433c8077a14b074cd2e572113e642775",
          "6fa562da00884a5ab0d1b5a519b635fd",
          "41f97b8c0083d20dc869b173ef56891e",
          "eeb2ce8a26cb60410ab9fa80d6dfc0a1",
          "6bf811fb4c3bb42f53b8f5272870b19e",
          "7c77c337d807fc4598f4b899f80a2e69"
        ]
      }
    },
    {
      "type": "Feature",
      "geometry": {
        "type": "Point",
        "coordinates": [
          -75.17331451213114,
          39.93842793505819
        ]
      },
      "properties": {
        "mural_name": "Point Breeze Game Changers",
        "artist": "Carlos \"Calo\" Rosa",
        "address": "1800 Washington Ave, Philadelphia, Pennsylvania, 19146, USA",
        "media": [
          "8b1a41f8b4e3650597054cb55c8d38e4",
          "720583b524ea8cf9f495549f0a710d53",
          "6230536542a9e42bad9e88a0c5f9d7ff",
          "81823b321c88252c231805ca6f56e23c",
          "19cbdec2937fdcc523cd561e195c4abf",
          "edbbae7dfe5304e57efd3b7148598279",
          "742278801b89adea64c287305f20f8ca",
          "7358a394a3a8ce578b1d01c3197f6da2",
          "0478c8ba119a5558cf3721edac0a2d8e",
          "d015855ca8a3873b8167fc113bc3d1ca",
          "0a5b9cf51a15fc1b51b9e8c51bb9982f",
          "f46d2c6532369472ec475b427386813f",
          "e84bdffa6b44f2f4ce7768d37594f6c9",
          "7e3c87cc09a5777cd668d84bff967601",
          "0ef6ec1048b1b5a550a827821e44c9a1",
          "f1dd610798f1a63373424d8fcf9dffc1"
        ]
      }
    },
    {
      "type": "Feature",
      "geometry": {
        "type": "Point",
        "coordinates": [
          -75.1852263,
          39.9305626
        ]
      },
      "properties": {
        "mural_name": "Point Breeze Performing Arts Center mural",
        "artist": "Helen Sewell-Johnson",
        "address": "1717 Point Breeze Ave, Philadelphia, Pennsylvania, 19145, USA",
        "media": [
          "d6bc44ce8e3aadb04fccc6f9ac2a1761",
          "5c5d00fa6af6cf1b79f64313e2daf2d8"
        ]
      }
    },
    {
      "type": "Feature",
      "geometry": {
        "type": "Point",
        "coordinates": [
          -75.17485284624995,
          39.95524138679127
        ]
      },
      "properties": {
        "mural_name": "Point of Triangulation: Intersection of Identity",
        "artist": "Deborah Willis",
        "address": "62 N 21st St, Philadelphia, Pennsylvania, 19103, USA",
        "media": [
          "268fc6180005d4811a991d94525cf521",
          "b9d7b51f605e8841331f87fdf99a0c4d"
        ]
      }
    },
    {
      "type": "Feature",
      "geometry": {
        "type": "Point",
        "coordinates": [
          -75.1690477,
          39.9654291
        ]
      },
      "properties": {
        "mural_name": "Points of Connection (District Attorney Artist in Residence 2020)",
        "artist": "James Hough",
        "address": "1727-29 Mt. Vernon Street, Philadelphia, Pennsylvania, 19107, USA",
        "media": [
          "11758556427335c5f2a3ca45c268157b",
          "6e8f0fc0a37c96e77aa40e79e345818c",
          "c978ec6446c678d7eaffd5ab1b59ad62",
          "67a5f1aa656cc627bf06ca38f18b4d04",
          "16c3a8210d29ae0d9f02ebd1fbd74ff4",
          "1f337781e41670e083602ccabeccf818",
          "99b0fc47072bd69fb2f8b11888eda4c4",
          "2d9cba82848758ad1427c01f3bd74108",
          "1b1bf6c074a779c390ee7fcb9cb90d21",
          "098525250122826c5b13f66591e8ace7",
          "45a4608ca1fe2a721395e42710dae9b3",
          "9fbfddfc741c1b4fee999ea63c63948c",
          "b3e016db6d0efad28aafbb11b4655ba4"
        ]
      }
    },
    {
      "type": "Feature",
      "geometry": {
        "type": "Point",
        "coordinates": [
          -75.18327969951929,
          39.94829245905686
        ]
      },
      "properties": {
        "mural_name": "Polycolor Encounters",
        "artist": "Carlos \"Calo\" Rosa",
        "address": "400 S Taney St, Philadelphia, Pennsylvania, 19146, USA",
        "media": [
          "7430f091b93a627cdf4f6ca34435169f",
          "3bdd719ac05448016612fd6fe8401f22",
          "ed20829b2d40933472d8d51261e4d36b",
          "88fb5a44b38184508e142f7c96151c18",
          "1602714ca20909f416e1c56a1da9cd25",
          "9be9c8c57ec50544f77a76015dc317df",
          "a07541e04fd66867a783fbe42c62c779",
          "2602a0833d2fa8d86f87d82c396f8174"
        ]
      }
    },
    {
      "type": "Feature",
      "geometry": {
        "type": "Point",
        "coordinates": [
          -75.14780211840501,
          39.936173275173516
        ]
      },
      "properties": {
        "mural_name": "Pomegranates & Paint Shards",
        "artist": "Samantha (Sammy) Kovnat (SKOVeS)",
        "address": "212 Montrose St, Philadelphia, Pennsylvania, 19148, USA",
        "media": [
          "a2c0dce9177607ca0e4842736baf7232",
          "7d5b593e67bd543e0177112df96eb04d",
          "8e6aa63369045a45398acd58ce6f5a56"
        ]
      }
    },
    {
      "type": "Feature",
      "geometry": {
        "type": "Point",
        "coordinates": [
          -75.12366211628742,
          39.984151696540415
        ]
      },
      "properties": {
        "mural_name": "POP's Playground",
        "artist": "Keith Greiman",
        "address": "2101 E Hazzard St, Philadelphia, Pennsylvania, 19125, USA",
        "media": [
          "fc7f146485f96f985936dd08933a3240",
          "765cb2e93d086ad1ce522446538038d3"
        ]
      }
    },
    {
      "type": "Feature",
      "geometry": {
        "type": "Point",
        "coordinates": [
          -75.15100991420134,
          39.96812886463726
        ]
      },
      "properties": {
        "mural_name": "Poplar Garden",
        "artist": "Mike Smash",
        "address": "848 Poplar St, Philadelphia, Pennsylvania, 19123, USA",
        "media": [
          "2a9823cd5b1a804be0fe399be77d482d",
          "63378bb1dc1c4246081b3aa30e5a6ea8",
          "9b80a953615f02b677e6ac66998707bb",
          "f293b34af198d30729cb1d5e8248d6c6",
          "3588ec06342c91767ee9bbc625654fa2",
          "1563086be9f8147e0763de5a2c12639a",
          "e9f482a2c804b21aa06cae5e3d4574d6",
          "3704554ccb22612bece7299a02fc8f2c",
          "56dfbea834b1470892386ca0e79f2be3"
        ]
      }
    },
    {
      "type": "Feature",
      "geometry": {
        "type": "Point",
        "coordinates": [
          -75.16400323389217,
          40.02981226136376
        ]
      },
      "properties": {
        "mural_name": "Porch Portal",
        "artist": "Shira Walinsky",
        "address": "5000 Germantown Ave, Philadelphia, Pennsylvania, 19144, USA",
        "media": [
          "d95e53a1de97a3c66003ef32cbe24210",
          "bb36d5f622d49b4a1d6f1ab5dc97c9f1"
        ]
      }
    },
    {
      "type": "Feature",
      "geometry": {
        "type": "Point",
        "coordinates": [
          -75.15854369662553,
          39.95824972502826
        ]
      },
      "properties": {
        "mural_name": "Portals into Chinatown North",
        "artist": "Bonnie Kaye Whitfield",
        "address": "Pearl St & N 12th St, Philadelphia, Pennsylvania, 19107, USA",
        "media": [
          "875bd8e199636f453c535c42138002ec"
        ]
      }
    },
    {
      "type": "Feature",
      "geometry": {
        "type": "Point",
        "coordinates": [
          -75.15305103007802,
          39.99973051002999
        ]
      },
      "properties": {
        "mural_name": "Portrait of an Anonymous Young Man (a non-violence mural)",
        "artist": "David McShane",
        "address": "3041 N Broad St, Philadelphia, Pennsylvania, 19132, USA",
        "media": [
          "36567f44da3e873d309817ee1db097da"
        ]
      }
    },
    {
      "type": "Feature",
      "geometry": {
        "type": "Point",
        "coordinates": [
          -75.17556679347798,
          39.986280592726445
        ]
      },
      "properties": {
        "mural_name": "Portrait of James Weldon Johnson at the Johnson Homes ",
        "artist": "Jane Golden",
        "address": "2500 W Norris St, Philadelphia, Pennsylvania, 19121, USA",
        "media": [
          "0366a4dff873fc722b8b4ad602a51423"
        ]
      }
    },
    {
      "type": "Feature",
      "geometry": {
        "type": "Point",
        "coordinates": [
          -75.1644682020743,
          39.95407629249831
        ]
      },
      "properties": {
        "mural_name": "Portraits of Justice",
        "artist": "Jesse Krimes",
        "address": "1401 John F Kennedy Blvd, Philadelphia, Pennsylvania, 19102, USA",
        "media": [
          "f36685ea0b42c76d1d31ae96d4ebc666",
          "b795d45407646a3878af5f39c0d61a79",
          "6d65d3f40e6fc9933e2d5606099d29c5",
          "e2c8272c7cd9ecf1ab550fe24d539a5c",
          "3f12ceafe738cedc96694ceac362171f",
          "35ad4ec1a28233c92c011baa4bc21a7a"
        ]
      }
    },
    {
      "type": "Feature",
      "geometry": {
        "type": "Point",
        "coordinates": [
          -75.165304,
          40.010327
        ]
      },
      "properties": {
        "mural_name": "Positive Change for Nicetown",
        "artist": "Cavin Jones",
        "address": "2236 W Hunting Park Ave, Philadelphia, Pennsylvania, 19140, USA",
        "media": [
          "21daed38497518b90b970245f2355971"
        ]
      }
    },
    {
      "type": "Feature",
      "geometry": {
        "type": "Point",
        "coordinates": [
          -75.21239206441393,
          39.95929985309396
        ]
      },
      "properties": {
        "mural_name": "Positively 46th Street",
        "artist": "Diane Keller",
        "address": "4501 Market Street, Philadelphia, Pennsylvania, 19104, USA",
        "media": [
          "4a1f883ea52e521d69427513d5cf8314"
        ]
      }
    },
    {
      "type": "Feature",
      "geometry": {
        "type": "Point",
        "coordinates": [
          -75.14076442022328,
          39.99719670802456
        ]
      },
      "properties": {
        "mural_name": "Potter-Thomas Eagles Playground for the Future",
        "artist": "David McShane",
        "address": "3001 N 6th St, Philadelphia, Pennsylvania, 19133, USA",
        "media": [
          "0f243a1b8734d61d2bd8e488a8bcc9b2",
          "eb4b1a3a60ad611af63afa3b89274cb0",
          "9adb654a83c980ae7deb52fbedcb8927",
          "86366aab9fd7f57b784fc2133185020d",
          "63b4d9c3b70c6abec14c28fbd685c1ae",
          "3d2afb78d292c74181b3b4b5fa064572",
          "cf639bc4523c92adb01dacae92fd92f8",
          "585166ae5a1ba7b6129ee724fbc32876",
          "33649c23d0e76a21d74aa94a1a773842",
          "daa8333cb8434a5a4370c946ea66dceb",
          "fb5b52d1984218aa187339fa504a52d6",
          "875f8029014a40be633a73ce9b4b3cd8",
          "bfc1de0187d5a7f5678fc673f60ef3b9",
          "353ff91072bc51d9a495b7a03b5189a9",
          "0c3648040fb57b10fafd6e211d1fdee3",
          "7b34402c59c03abaec1621dacd17c08c",
          "262f5a453a006dc3387b47b19941bb8a",
          "877995d89acc307cc3d7d27a9dbeff84",
          "766425a78fcd838bd6d693e763829244",
          "c59c2de7fa4db7f789053f755261950e",
          "0e529618d715a781354b6a42d2272ee2",
          "8bc48c2bc0bcbec46392f2ef9aa13759",
          "bbcfc50441a66e3c18f8b6c31d7b5faf"
        ]
      }
    },
    {
      "type": "Feature",
      "geometry": {
        "type": "Point",
        "coordinates": [
          -75.14076442022328,
          39.99719670802456
        ]
      },
      "properties": {
        "mural_name": "Potter-Thomas School",
        "artist": "Ana Uribe",
        "address": "3001 N 6th St, Philadelphia, Pennsylvania, 19133, USA",
        "media": [
          "a6b93512ba04813c77b16cbfb638ae85"
        ]
      }
    },
    {
      "type": "Feature",
      "geometry": {
        "type": "Point",
        "coordinates": [
          -75.1991746846585,
          39.96100382803118
        ]
      },
      "properties": {
        "mural_name": "Powelton Porch",
        "artist": "Elizabeth S Lindsay",
        "address": "3831 Baring St, Philadelphia, Pennsylvania, 19104, USA",
        "media": [
          "59c4184357992a881cc6a9865074c039",
          "9ce16d4bbfdefe3d02f27dfc6932cf09"
        ]
      }
    },
    {
      "type": "Feature",
      "geometry": {
        "type": "Point",
        "coordinates": [
          -75.1493212607611,
          40.00333152060973
        ]
      },
      "properties": {
        "mural_name": "Power of Mentorship",
        "artist": "Cavin Jones",
        "address": "3314 Germantown Ave, Philadelphia, Pennsylvania, 19140, USA",
        "media": [
          "34277b1b7e6558369891d33f1d04da10"
        ]
      }
    },
    {
      "type": "Feature",
      "geometry": {
        "type": "Point",
        "coordinates": [
          -75.194835590576,
          39.957650227736906
        ]
      },
      "properties": {
        "mural_name": "Practice the Phenomenon of Soaring",
        "artist": "Peter Pagast",
        "address": "3601 Filbert St, Philadelphia, Pennsylvania, 19104, USA",
        "media": [
          "d338475cdc9a105fee0b86e3f3ab5c27"
        ]
      }
    },
    {
      "type": "Feature",
      "geometry": {
        "type": "Point",
        "coordinates": [
          -75.16234088272292,
          39.94710067762508
        ]
      },
      "properties": {
        "mural_name": "Pride and Progress",
        "artist": "Ann Northrup",
        "address": "1315 Spruce St., Philadelphia, Pennsylvania, 19107, USA",
        "media": [
          "8aa99111d9aad5ce907dac0212040c4d",
          "25431b7aa90edc5321d6c95840562ec9",
          "493efe7106bcb297b12cf45c3cca2e48",
          "f4ff2508ad94ccac2b7af990e5981e60",
          "31c6887dffac97a417ca3d1b652e8229"
        ]
      }
    },
    {
      "type": "Feature",
      "geometry": {
        "type": "Point",
        "coordinates": [
          -75.16354767561977,
          39.95296446809859
        ]
      },
      "properties": {
        "mural_name": "Pride and Revelation / Amanda Gorman / Make Space for Growth / Let's Grab A Drink",
        "artist": "Alloyius Mcilwaine",
        "address": "1400 John F. Kennedy Blvd, Philadelphia, Pennsylvania, 19107, USA",
        "media": [
          "0fcc7c55ab3191459c3f9685ada33269",
          "8fa13d6c0b70abce24253786a26f0857",
          "6c1536e90a8dd1fcb336aaf1eb4c4161",
          "0d263eccb71b3b76f53eff60de41677a",
          "972dc8c1b5ae3241db36cd1ebce2f115"
        ]
      }
    },
    {
      "type": "Feature",
      "geometry": {
        "type": "Point",
        "coordinates": [
          -75.15012140014008,
          39.959584621101996
        ]
      },
      "properties": {
        "mural_name": "Primary Dispersion",
        "artist": "Isaac Tin Wei Lin",
        "address": "433 N 7th St, Philadelphia, Pennsylvania, 19123, USA",
        "media": [
          "eef685493c82cfc22a348595795ba9cc",
          "9023c876d49fc2cd920fe27d7bad8c85",
          "cca2bde9484684bc8a46bc43836acd50",
          "3793990857be6dfb7d1b08aecd901338"
        ]
      }
    },
    {
      "type": "Feature",
      "geometry": {
        "type": "Point",
        "coordinates": [
          -75.14677724440571,
          39.938117400095095
        ]
      },
      "properties": {
        "mural_name": "Prism",
        "artist": "Kien Nguyen",
        "address": "224 Catharine St, Philadelphia, Pennsylvania, 19147, USA",
        "media": [
          "33411eda68fb93db700ffef43384aa4c",
          "9c934d1588bd90749a2e7a8c20c50786"
        ]
      }
    },
    {
      "type": "Feature",
      "geometry": {
        "type": "Point",
        "coordinates": [
          -75.16198072777435,
          39.94833652922582
        ]
      },
      "properties": {
        "mural_name": "Progress of Women",
        "artist": "Larissa Danowitz",
        "address": "1307 Locust St, Philadelphia, Pennsylvania, 19107, USA",
        "media": [
          "e71527dda5b02f9d4c86d1e14f9faf4c",
          "e79bdf4fe204e1330bc3f74a0070d89b",
          "ae2de5372fb910c1b3de5b641f235cf6"
        ]
      }
    },
    {
      "type": "Feature",
      "geometry": {
        "type": "Point",
        "coordinates": [
          -75.21251344542094,
          39.962499238371215
        ]
      },
      "properties": {
        "mural_name": "Promethean Sparks",
        "artist": "Benjamin Volta",
        "address": "4550 Haverford Ave, Philadelphia, Pennsylvania, 19104, USA",
        "media": [
          "72be97665042b1b70df99bb339d9fc76",
          "dc560c0fee7e292b58b140b9bfb5f4c3"
        ]
      }
    },
    {
      "type": "Feature",
      "geometry": {
        "type": "Point",
        "coordinates": [
          -75.18293857610333,
          39.9887049495897
        ]
      },
      "properties": {
        "mural_name": "Promised Land",
        "artist": "Josh Sarantitis",
        "address": "3015 W Diamond St, Philadelphia, Pennsylvania, 19121, USA",
        "media": [
          "eb31050e5a4af5763b9e97187321512d"
        ]
      }
    },
    {
      "type": "Feature",
      "geometry": {
        "type": "Point",
        "coordinates": [
          -75.152008,
          39.95331
        ]
      },
      "properties": {
        "mural_name": "Prophesied",
        "artist": "Russell Craig",
        "address": "701 Arch St, Philadelphia, Pennsylvania, 19106, USA",
        "media": [
          "2ffc2a1e98fc6792fb13e15dbb568096",
          "b84d3198b7c847c63ec52c2c1a754db1",
          "f780d7055abda9455830b94b46db29bf",
          "26d04c96f6085a7b56beb72aa7f0772d",
          "8319499275a8a9ba45ea21e6fc101984",
          "fa472581430ec4697f6d78051bbc8af8"
        ]
      }
    },
    {
      "type": "Feature",
      "geometry": {
        "type": "Point",
        "coordinates": [
          -75.18193611628841,
          39.95593613686575
        ]
      },
      "properties": {
        "mural_name": "psychylustro",
        "artist": "Katharina Grosse",
        "address": "30th Street Station, 2955 Market St, Philadelphia, Pennsylvania, 19104, USA",
        "media": [
          "d05a3a10f711a58e30a1e462ad55b11d",
          "520d81f658bb043f32f9a3243d7fee47",
          "0710fc51d2e1782f90174354c016e4b6",
          "c562906dca88687cb2bfaffd11508781",
          "7c8a52e57c825a214762c7c487ddd87c",
          "967eaf30b9fd96d08a1d1a18437a9130",
          "177dca54d864a306be55716f47d6f5d3",
          "a795c3130cee1224b14bd9fa9c26d607",
          "6c186f12f5b287932d667dc782e5d5aa",
          "6c186f12f5b287932d667dc782e5d5aa",
          "87004d7aba3812eff6ee63d1b98d89f8",
          "87004d7aba3812eff6ee63d1b98d89f8",
          "4074f1421d623e8a9486bf9dc38e28f4",
          "41ef83abe2efe79e2e860fe664f31c35",
          "f0faa52c008f91208c69e3c277855665",
          "f0faa52c008f91208c69e3c277855665",
          "b03e3c5557974ae1bb9290cb8413a0f1",
          "fd8122d0e8165a88899f8742bc1a0c09",
          "2787c10d6633fa9b24a98b9c5c3f6de3",
          "a20f03023c9487aae8b458af30f5e283"
        ]
      }
    },
    {
      "type": "Feature",
      "geometry": {
        "type": "Point",
        "coordinates": [
          -75.15868971609447,
          39.95469883663647
        ]
      },
      "properties": {
        "mural_name": "Psyckoze at Springtime in Paris (Live Painting Event at the 2011 International Philadelphia Flower Show)",
        "artist": "Alexandre \"Psyckoze\" Stolypine",
        "address": "1101 Arch St, Philadelphia, Pennsylvania, 19107, USA",
        "media": [
          "94df025719467dacc497dc94fe50016d"
        ]
      }
    },
    {
      "type": "Feature",
      "geometry": {
        "type": "Point",
        "coordinates": [
          -75.15970664938078,
          39.92196216803006
        ]
      },
      "properties": {
        "mural_name": "Pueblo to People",
        "artist": "Shira Walinsky",
        "address": "800 Jackson St, Philadelphia, Pennsylvania, 19148, USA",
        "media": [
          "d01a646fe843fb3f6acf3ef55878aef2"
        ]
      }
    },
    {
      "type": "Feature",
      "geometry": {
        "type": "Point",
        "coordinates": [
          -75.16559448911406,
          39.96520260366217
        ]
      },
      "properties": {
        "mural_name": "Puerto Rican Statue of Liberty",
        "artist": "Jane Golden",
        "address": "1701 Mt Vernon St. , Philadelphia, Pennsylvania, 19130, USA",
        "media": [
          "bb0dd0fad091e3bb1fda0bcfa8b2facb"
        ]
      }
    },
    {
      "type": "Feature",
      "geometry": {
        "type": "Point",
        "coordinates": [
          -75.14071315197457,
          39.98625103877673
        ]
      },
      "properties": {
        "mural_name": "Puerto Rican Woman",
        "artist": "Michelle Angela Ortiz",
        "address": "427 W Dauphin St, Philadelphia, Pennsylvania, 19133, USA",
        "media": [
          "148e9bf79a418111defe18465a3dacbb"
        ]
      }
    },
    {
      "type": "Feature",
      "geometry": {
        "type": "Point",
        "coordinates": [
          -75.15640391527566,
          40.056146709867676
        ]
      },
      "properties": {
        "mural_name": "PULSE: Out to Move: A Mixing Light Workshop",
        "artist": "Michelle Oosterbaan",
        "address": "2111 Eastburn Ave, Philadelphia, Pennsylvania, 19138, USA",
        "media": [
          "caa3ebac75917a405a3f45bcc73cc8cc",
          "ba3ecf4dff758f2d742d5373058d6db6",
          "63d5aa22a2229112ab6d7bb8dea4e9d1",
          "b39417a092fdb4927348f82963c4964b",
          "741d47f4284a3934b49673c8e4315692",
          "888bb7d51c113e51e59b81b529901d4e",
          "5a3c21ff8d76c20f442564be76bbd052",
          "a58556fd0cd50d6526904f2cad734a90",
          "c8edcd6117f47feffebab861c8ae8861",
          "dcbf707143a17a5244ce619926909d72"
        ]
      }
    },
    {
      "type": "Feature",
      "geometry": {
        "type": "Point",
        "coordinates": [
          -75.17257897191314,
          39.968533720939796
        ]
      },
      "properties": {
        "mural_name": "Pyrrhic Defeat: A Visual Study of Mass Incarceration, 2014-2022",
        "artist": "Mark Loughney",
        "address": "2027 Fairmount Ave, Philadelphia, Pennsylvania, 19130, USA",
        "media": [
          "8b72266a6ae09cbe585af275cf5d0220",
          "d36bd6c02399b7e946771fffae6c420f",
          "8a2f0a150423ab8d4342544b0214e658",
          "b88bdf6583862754a98ae1b753c05f4d",
          "5a113c9ab3d9b8f4be81d0487e453900",
          "5f4369b168a2dacf944502aef5b647b3",
          "36637b969bb89df0d88389d6b31cb183",
          "a0662da13b19f0f8226340b3f6729f62",
          "90cf81ec8d90c6ef6384965e64e3c174"
        ]
      }
    },
    {
      "type": "Feature",
      "geometry": {
        "type": "Point",
        "coordinates": [
          -75.16555937376701,
          39.94613145821814
        ]
      },
      "properties": {
        "mural_name": "Questioning Whiteness",
        "artist": "Tatyana Fazlalizadeh",
        "address": "320 S Broad St, Philadelphia, Pennsylvania, 19102, USA",
        "media": [
          "467df8ff0527555d49038a87e0203c51",
          "9ca020bcae7dc745dfad64e895ab777d",
          "1696ebda8f6ba569caac61d600fcd006"
        ]
      }
    },
    {
      "type": "Feature",
      "geometry": {
        "type": "Point",
        "coordinates": [
          -75.18347501985268,
          39.98945563242802
        ]
      },
      "properties": {
        "mural_name": "Quilt a Pattern for Generations",
        "artist": "Destiny Palmer",
        "address": "3110 Ridge Ave, Philadelphia, Pennsylvania, 19121, USA",
        "media": [
          "651c3dfc19f0b148c7e7f017e8daad4a",
          "0f9de68fc25218d17ff786a9914f0b95"
        ]
      }
    },
    {
      "type": "Feature",
      "geometry": {
        "type": "Point",
        "coordinates": [
          -75.14979476470114,
          39.94909058977649
        ]
      },
      "properties": {
        "mural_name": "Radio Silence",
        "artist": "Michael Rakowitz",
        "address": "520 Chestnut St, Philadelphia, Pennsylvania, 19106, USA",
        "media": [
          "8317d218f57e0a2649a788a76d3bc712",
          "354f7985cb369276c523db75129da763",
          "94d255925884b5484a09742e73395446",
          "4f13f0eca831e04521c3e828ab883120",
          "a76856b4754f9a400c24831cd67666bc",
          "77723f66d8f220900ab032bd372f0dc4",
          "b6fc2e12e5deb367f27c658612a0e06a",
          "41c6551c9c6a6a8afc7442fe9602ef9f",
          "5126f79f755fb1bf2597168bc279b535",
          "68037a47db86b1cb9696ddd65a5429c5",
          "5b78ef1110de283e7fd6a02da7b7ffc5",
          "423f3b3940be03964807a808f6e6a59e",
          "5f3c28310d9bc23c011703676428e802",
          "4f207aef85293162929a1e9d06b50ed1",
          "99a0202c90c461682d9999da5a8ceba7",
          "a5a3569046ad51a349495f25b71f4d23",
          "74e29e5ff1131211957ef4b623eb7af5",
          "6501c39fa65e43ac58af289466849817",
          "230715482161daac07b7ee590598a458",
          "a6f072bc9eaf6a0ad9111089305ac286",
          "7a323d8921b7a97622e66ad6f1b19fba",
          "35841bf4abe62c897df987f7c782e6a7",
          "be94bb8398fae0ad1e1897df6f16bd2c",
          "b6db71a5035e7ece530ecacbe648537a",
          "81aed08ea02da4bc293adb3611db3857"
        ]
      }
    },
    {
      "type": "Feature",
      "geometry": {
        "type": "Point",
        "coordinates": [
          -75.17779792944815,
          39.93190759334425
        ]
      },
      "properties": {
        "mural_name": "Ralph Brooks Park",
        "artist": "Steve Powers, aka ESPO",
        "address": "1606-1620 S Tasker St, Philadelphia, Pennsylvania, 19145, USA",
        "media": [
          "0096989f2031d4523b698b40e566cd79",
          "d390e4cec8e5f18f2231fee1b51f479c",
          "433760ab0bb2c8ed4c62df566c5cd35f",
          "65f8ad79071eada678820a1de590d73e",
          "64ff14faf8320969fb540008b6fb2aab",
          "f2dd8438a497a7e9268620ab1808aca3",
          "ba4ffbc39b339de0fe2c42ee286abb5c",
          "f2fdf8bcb953ae75e4f969503fc8a18a"
        ]
      }
    },
    {
      "type": "Feature",
      "geometry": {
        "type": "Point",
        "coordinates": [
          -75.19661165297647,
          39.960497646280125
        ]
      },
      "properties": {
        "mural_name": "Re:flect",
        "artist": "JEFRË",
        "address": "N 38th St & Lancaster Ave, Philadelphia, Pennsylvania, 19104, USA",
        "media": [
          "f12b33e588bff79ba8ff31089ecfa7cc",
          "9ca51d61792464003692f6d529f19125",
          "24a6265467a3229cb162ce478b2c9aa2",
          "270993567c5e2ff2a11ba63a9360d350",
          "c519280d137971ed105be47b30a941dd",
          "9e33fca87a2967e10dca21b33a8041d1",
          "0e90498aaf3e81111def496587877668",
          "e07a17c8d72e89d8b0e6b1df9f88cedc",
          "8297f0a1a50e6ff5b5596c3fd9d37aaa",
          "ef36202d4d1e32f83d29ddb1aae0baed",
          "82df218fae13294b16a4dd4d0c86a3a6",
          "130160669e08240b8a50e0d5c0587598",
          "dda713d7e8c648414e66881ece7d8c72",
          "5ce89409f351648bd46269bcdd5f6d9e"
        ]
      }
    },
    {
      "type": "Feature",
      "geometry": {
        "type": "Point",
        "coordinates": [
          -75.17800324454525,
          39.98146419361924
        ]
      },
      "properties": {
        "mural_name": "Reach for Learning / Reach for Reading",
        "artist": "Cesar Viveros",
        "address": "1601 N 28th Street, Philadelphia, Pennsylvania, 19121, USA",
        "media": [
          "71bcdf96e33fcc278f6bf6ef9a2f04b1",
          "bdda0ec806511a20002b2f744befbb36"
        ]
      }
    },
    {
      "type": "Feature",
      "geometry": {
        "type": "Point",
        "coordinates": [
          -75.19423141252307,
          39.96528799910459
        ]
      },
      "properties": {
        "mural_name": "Reach for Peace",
        "artist": "Pauline Houston McCall",
        "address": "642 N 36th St, Philadelphia, Pennsylvania, 19104, USA",
        "media": [
          "2ebffef873617601afe52a805fedd533"
        ]
      }
    },
    {
      "type": "Feature",
      "geometry": {
        "type": "Point",
        "coordinates": [
          -75.17243447315231,
          39.95542814311809
        ]
      },
      "properties": {
        "mural_name": "Reach High and You Will Go Far",
        "artist": "Josh Sarantitis",
        "address": "1926 Arch St, Philadelphia, Pennsylvania, 19103, USA",
        "media": [
          "dc2302224956b9a83056825c08d0d7bb"
        ]
      }
    },
    {
      "type": "Feature",
      "geometry": {
        "type": "Point",
        "coordinates": [
          -75.19590220014005,
          39.9645146493642
        ]
      },
      "properties": {
        "mural_name": "Reaching for Your Star",
        "artist": "Donald Gensler",
        "address": "629 N 37th St, Philadelphia, Pennsylvania, 19104, USA",
        "media": [
          "34fbafdae047186f0b67495757beb558",
          "ce74da540c96435f6286ecbf25ce7dec",
          "474d24f1a37126b288a1010178ddfed2"
        ]
      }
    },
    {
      "type": "Feature",
      "geometry": {
        "type": "Point",
        "coordinates": [
          -75.11239318725686,
          39.99698049625146
        ]
      },
      "properties": {
        "mural_name": "Reaching Out",
        "artist": "Gabe Tiberino",
        "address": "3221-25 Kensington Ave, Philadelphia, Pennsylvania, 19134, USA",
        "media": [
          "a55640bfc1f9e242bd805958c0f7672a"
        ]
      }
    },
    {
      "type": "Feature",
      "geometry": {
        "type": "Point",
        "coordinates": [
          -75.21552024274699,
          39.957039426165785
        ]
      },
      "properties": {
        "mural_name": "Reaching Out (United Way Mural)",
        "artist": "Karl Yoder",
        "address": "4702 Chestnut St, Philadelphia, Pennsylvania, 19139, USA",
        "media": [
          "ee1f0a922e15fbf98af5f083e926f408"
        ]
      }
    },
    {
      "type": "Feature",
      "geometry": {
        "type": "Point",
        "coordinates": [
          -75.14289809267098,
          39.968424079396605
        ]
      },
      "properties": {
        "mural_name": "Reading The Flow",
        "artist": "Beverly Fisher",
        "address": "1101 N 4th St, Philadelphia, Pennsylvania, 19123, USA",
        "media": [
          "d7380951c9689b6a35fdf52ffc3a3dc5",
          "af3e6433eccfb60ea88ed517303bd506",
          "ddeed81b4ef5c353a47a1b0f1a8b2cb1",
          "4784bbe4b719594be3116091c95993f7",
          "d993d24594702a1c427992c0b0c45636",
          "f61425edbece05b0ca94232880c0eca3",
          "117d0afbe7e03790968508f901cbd1c6",
          "e8c4a6d69bc60358eafd42108d1b927d",
          "75866e5971a47a455f0b55dc002cd495",
          "66e933e605d46ee5793fc8817e8e649a",
          "b7e26f9fd6a01432377fedecc49b272e",
          "897e59b70a446d170d72587fd0b014ff",
          "8656c85b105aa5cbe2d1dacf70c4239d",
          "73a61363644323152562d5776295c65a",
          "b1024bc439cf2c9d2d254eea6ada3d82",
          "e135e86f8be024967847a23fd76c16c0",
          "7fc1edefb06a580fd799671858198436",
          "bfd6bd6607ecb5d2b2e87c3e2e7c7706"
        ]
      }
    },
    {
      "type": "Feature",
      "geometry": {
        "type": "Point",
        "coordinates": [
          -75.20364623319307,
          39.97210335844157
        ]
      },
      "properties": {
        "mural_name": "Reading: A Journey",
        "artist": "Donald Gensler",
        "address": "931 N 40th St, Philadelphia, Pennsylvania, 19104, USA",
        "media": [
          "e73c1c1efc9972ebe1f0c216366a7eca",
          "85ed11e32f5b7c8434aa01aebeefe450"
        ]
      }
    },
    {
      "type": "Feature",
      "geometry": {
        "type": "Point",
        "coordinates": [
          -75.16170949680372,
          39.94265909561425
        ]
      },
      "properties": {
        "mural_name": "Ready, Willing & Able",
        "artist": "Parris Stancell",
        "address": "1211 Bainbridge St, Philadelphia, Pennsylvania, 19147, USA",
        "media": [
          "6e0f9d7ba778afca2428b3947c395f4c"
        ]
      }
    },
    {
      "type": "Feature",
      "geometry": {
        "type": "Point",
        "coordinates": [
          -75.1808460295259,
          39.96566484710093
        ]
      },
      "properties": {
        "mural_name": "Real Life Rockys",
        "artist": "Ash Ryan",
        "address": "2600 Benjamin Franklin Pkwy, Philadelphia, Pennsylvania, 19130, USA",
        "media": [
          "6936348e6f628147b15137e69483a501",
          "01076be0d2bd50ab2f8382b278248490",
          "81ea847eec2ac5d74de0fe185e4ee976",
          "d742161bb5fd01045ffb20b246dc302a",
          "64a3af68c5913b0e02e2d04c5d6648b0"
        ]
      }
    },
    {
      "type": "Feature",
      "geometry": {
        "type": "Point",
        "coordinates": [
          -75.2387423191085,
          39.957896105249326
        ]
      },
      "properties": {
        "mural_name": "Realizing the Present...Imagining the Future",
        "artist": "Phillip Adams",
        "address": "5800 Walnut St, Philadelphia, Pennsylvania, 19139, USA",
        "media": [
          "1d1377df3a77a8539c0f599247cf604a"
        ]
      }
    },
    {
      "type": "Feature",
      "geometry": {
        "type": "Point",
        "coordinates": [
          -75.15338499057474,
          39.962277664361594
        ]
      },
      "properties": {
        "mural_name": "Recipe for the Community",
        "artist": "Cindy Lozito",
        "address": "915 Spring Garden St, Philadelphia, Pennsylvania, 19107, USA",
        "media": [
          "670a23597681664556c5d83babf36022",
          "a77bbd35e30846d7d9a85d5405ade664",
          "e38b914f744de6dd0e9ea873ed2e9abb",
          "ab3466960f8c63800c214aa5e4e8e5be"
        ]
      }
    },
    {
      "type": "Feature",
      "geometry": {
        "type": "Point",
        "coordinates": [
          -75.16561792176645,
          39.94467124911687
        ]
      },
      "properties": {
        "mural_name": "Reflecting Revenants- Recalling Black Life in the 7th Ward",
        "artist": "Ameila Carter",
        "address": "1524 South St, Philadelphia, Pennsylvania, 19146, USA",
        "media": [
          "50b8d4a36e0f674cbff8bbeee3163171",
          "4cfbfcfa67cb16757e34003a0ab403f8",
          "206dbedb5cdab50024038f17b7639648",
          "6e29e246b05aaaff3432b66b31772e46",
          "6012afa4a1580c72b211c9583bbd0dc1",
          "b1cf205a760c4fd67254a2b9d1261268",
          "80b796fa03e78ae5d9dcf1e49f58aab4",
          "eaf50638f7f0a8e9bcf147836186c78f",
          "eb9ff2fa997fcf9c30357f314063d76a",
          "9c895388eef6652525b6ba37df151e5d",
          "b98299e6f03d5c8ee1c4b5731c3e11bb",
          "8c3f5598cfd68d84883ce810c0569a76",
          "6c6eb4b9e683c0b41ab115bbe17a0e14",
          "fdf28f5540e8640ef63c7fa2422aedc4",
          "771f22726bf06ad127e63112b8d6fb5e",
          "0ea477ccabeba40c0ed9f11ee0063a80",
          "ea6a14ec0229dde63ce184ec963394b7",
          "6df40332d54bde121ddbab50ca32eec1",
          "0a7efcc7f49b6eaa5400a68825b0a7f5",
          "16e66b1168143e07ddd8d32e85702116",
          "c1acc0c1510ea06a5b90d863b7eddaa6",
          "30c0b7568f1106484ef1423b3d2327ad",
          "43079c16f537baaa9f774cb750eeae4e",
          "061a3ffbe971114fb9748a32e01a4ff7"
        ]
      }
    },
    {
      "type": "Feature",
      "geometry": {
        "type": "Point",
        "coordinates": [
          -75.16187836326492,
          39.94156329180623
        ]
      },
      "properties": {
        "mural_name": "Reflecting Rhythms",
        "artist": "Michelle Angela Ortiz",
        "address": "729 S 12th St, Philadelphia, Pennsylvania, 19147, USA",
        "media": [
          "c6e848ee578cd7748131232819d55221"
        ]
      }
    },
    {
      "type": "Feature",
      "geometry": {
        "type": "Point",
        "coordinates": [
          -75.15077811813492,
          39.98770364666825
        ]
      },
      "properties": {
        "mural_name": "Regeneration",
        "artist": "Jesse Krimes",
        "address": "2037 N 11th St, Philadelphia, Pennsylvania, 19122, USA",
        "media": [
          "acf2973f378077738b9586847744996c",
          "605ba23b87a4de214c1f1c30d6c8cde2",
          "d85fd8a7a88508cff39873731e25e0d6",
          "d3418e48af2655225f2b0dcf73e95452",
          "efb9a6f27022b211da9f134a5fca7584",
          "5140ca9db3a26d1607cf545dc052982e",
          "8a80b60d1f5d8e3677522f591cadccad"
        ]
      }
    },
    {
      "type": "Feature",
      "geometry": {
        "type": "Point",
        "coordinates": [
          -75.14401147357285,
          39.98733190058229
        ]
      },
      "properties": {
        "mural_name": "Reina De La Lluvia, Duena De Los Charcos (Queen of the Rain, Owner of the Puddles)",
        "artist": "Betsy Z. Casañas",
        "address": "2318 N Marshall St, Philadelphia, Pennsylvania, 19133, USA",
        "media": [
          "9f634189aced2db810a4b443c8a71db5"
        ]
      }
    },
    {
      "type": "Feature",
      "geometry": {
        "type": "Point",
        "coordinates": [
          -75.15868971609447,
          39.95469883663647
        ]
      },
      "properties": {
        "mural_name": "Remember to Water (2024 Philadelphia Flower Show Installation)",
        "artist": "Tai Corrienté",
        "address": "1101 Arch St, Philadelphia, Pennsylvania, 19107, USA",
        "media": [
          "05c9f6ddb436e58b7a715ceb7ea0b509",
          "f0ae4f1644e56339271ecc9b6b9ab1e8",
          "0b7ee3870ed9e85c08951728350ef7ac"
        ]
      }
    },
    {
      "type": "Feature",
      "geometry": {
        "type": "Point",
        "coordinates": [
          -75.16729308911168,
          39.9415243181572
        ]
      },
      "properties": {
        "mural_name": "Remembering a Forgotten Hero",
        "artist": "Willis \"Nomo\" Humphrey",
        "address": "1427 Catharine St, Philadelphia, Pennsylvania, 19142, USA",
        "media": [
          "0a77c197564cf385a227bf894b71439a",
          "1da39ac10b387c8def3f99d1fa23ece6"
        ]
      }
    },
    {
      "type": "Feature",
      "geometry": {
        "type": "Point",
        "coordinates": [
          -75.2342292634019,
          39.94870973600999
        ]
      },
      "properties": {
        "mural_name": "Remembering for Today's Inspiration",
        "artist": "Efrain Herrera",
        "address": "728 S 55th St, Philadelphia, Pennsylvania, 19143, USA",
        "media": [
          "405b9ec27d731c58aaed863a725052de",
          "80e5a29ca239fb704d57d9dce0229757"
        ]
      }
    },
    {
      "type": "Feature",
      "geometry": {
        "type": "Point",
        "coordinates": [
          -75.17641278672039,
          39.98340177899338
        ]
      },
      "properties": {
        "mural_name": "Remembrance",
        "artist": "Eric Okdeh",
        "address": "2548 Ridge Ave, Philadelphia, Pennsylvania, 19121, USA",
        "media": [
          "9e8288ff78d503b0671166b2c3a7e921",
          "b5b0a7a25134e88e552c95f3c69fd2d7"
        ]
      }
    },
    {
      "type": "Feature",
      "geometry": {
        "type": "Point",
        "coordinates": [
          -75.14960734302993,
          40.00788779030305
        ]
      },
      "properties": {
        "mural_name": "Renewing Hope, Sunrise to Sunset",
        "artist": "Cliff Eubanks",
        "address": "3603 Germantown Ave, Philadelphia, Pennsylvania, 19140, USA",
        "media": [
          "997b824e4466856faf6a33f2092313b3"
        ]
      }
    },
    {
      "type": "Feature",
      "geometry": {
        "type": "Point",
        "coordinates": [
          -75.23016153407323,
          39.95950038246723
        ]
      },
      "properties": {
        "mural_name": "Renewing Seasons",
        "artist": "Cliff Eubanks",
        "address": "5427 Chestnut St, Philadelphia, Pennsylvania, 19139",
        "media": [
          "f1a536364318cecf7b29694608c903df"
        ]
      }
    },
    {
      "type": "Feature",
      "geometry": {
        "type": "Point",
        "coordinates": [
          -75.16241174030685,
          39.97227522063963
        ]
      },
      "properties": {
        "mural_name": "Requiem",
        "artist": "Parris Stancell",
        "address": "1535 W Girard Ave, Philadelphia, Pennsylvania, 19130, USA",
        "media": [
          "7e1f87348a2e404206417d5beeea6a62"
        ]
      }
    },
    {
      "type": "Feature",
      "geometry": {
        "type": "Point",
        "coordinates": [
          -75.15791892425001,
          39.9525505248879
        ]
      },
      "properties": {
        "mural_name": "Reset",
        "artist": "Andréa Grasso",
        "address": "N 11th St & Filbert St, Philadelphia, Pennsylvania, 19107, USA",
        "media": [
          "1347d80780fb17ee5479f2b2751053ec",
          "cd48d1309fb9429640580b5e1af1ddfa",
          "285fb0bbc4c5d92b1d951b6d1823b22e"
        ]
      }
    },
    {
      "type": "Feature",
      "geometry": {
        "type": "Point",
        "coordinates": [
          -75.11116532537093,
          39.99398934500281
        ]
      },
      "properties": {
        "mural_name": "Resilience",
        "artist": "Parris Stancell",
        "address": "2012 E Allegheny Ave, Philadelphia, Pennsylvania, 19134, USA",
        "media": [
          "864252bca3d2aebe7462be372297e0fd",
          "9aeae1ff2b55817964d3463262a52e5e"
        ]
      }
    },
    {
      "type": "Feature",
      "geometry": {
        "type": "Point",
        "coordinates": [
          -75.0321397012414,
          40.02997472036055
        ]
      },
      "properties": {
        "mural_name": "Responsibility Blooms in our Neighborhood",
        "artist": "Jamee Grigsby",
        "address": "7374 Edmund St, Philadelphia, Pennsylvania, 19136, USA",
        "media": [
          "9e19d543d0233ab7f2e3f62c6dd5fb7a",
          "7a4882e59393d15ee857f5c9177ed84a",
          "abcb65d3ec48db7824ebbf41a9afa38d"
        ]
      }
    },
    {
      "type": "Feature",
      "geometry": {
        "type": "Point",
        "coordinates": [
          -75.13903785964989,
          40.02950427993034
        ]
      },
      "properties": {
        "mural_name": "Restoration",
        "artist": "Eric Okdeh",
        "address": "922 Lindley Ave, Philadelphia, Pennsylvania, 19141, USA",
        "media": [
          "984df870a09e0bff0feef3f4d1ea04ae",
          "ad405703715d5c05f629587761949073",
          "efa1754823fa8094a200fef1f9f803eb",
          "25729a03997abc341c135dd4fa0de885",
          "1f7d693662aae4dcfe4a5e4140a4e4ac",
          "6cbd42b43e67c444fa6209ebb57c7524",
          "7f654d6470a2c99be10ef0e621f8cf90",
          "b44f9201dede5783129d22354d71704b"
        ]
      }
    },
    {
      "type": "Feature",
      "geometry": {
        "type": "Point",
        "coordinates": [
          -75.21082617425498,
          40.016552374448516
        ]
      },
      "properties": {
        "mural_name": "Restoration/Conservation: Textiles",
        "artist": "Kathryn Pannepacker",
        "address": "3705 Main St, Philadelphia, Pennsylvania, 19128, USA",
        "media": [
          "ff140de5c150baf90878a84e85e3618d",
          "6c1820fd017000b4d517174b0eac998f"
        ]
      }
    },
    {
      "type": "Feature",
      "geometry": {
        "type": "Point",
        "coordinates": [
          -75.1554820160942,
          39.96064135556057
        ]
      },
      "properties": {
        "mural_name": "Reunion",
        "artist": "Ryan Beck",
        "address": "1016 Buttonwood St, Philadelphia, Pennsylvania, 19123, USA",
        "media": [
          "3d5904aa1b773cff6576dbefdc47cebf"
        ]
      }
    },
    {
      "type": "Feature",
      "geometry": {
        "type": "Point",
        "coordinates": [
          -75.15218125586091,
          40.00673488913801
        ]
      },
      "properties": {
        "mural_name": "Rev. Dr. Leon H. Sullivan",
        "artist": "Cliff Eubanks",
        "address": "3512 N Broad St, Philadelphia, Pennsylvania, 19140, USA",
        "media": [
          "88de29e4c72e7538ed354aa6d959e69c"
        ]
      }
    },
    {
      "type": "Feature",
      "geometry": {
        "type": "Point",
        "coordinates": [
          -75.15255372906265,
          39.99705513857335
        ]
      },
      "properties": {
        "mural_name": "Reverend Hester and the Fire Department",
        "artist": "Parris Stancell",
        "address": "1325 W Cambria St, Philadelphia, Pennsylvania, 19132, USA",
        "media": [
          "c32ab88c5d31cb44a96cda2473aaf962"
        ]
      }
    },
    {
      "type": "Feature",
      "geometry": {
        "type": "Point",
        "coordinates": [
          -75.17882287389627,
          39.96407744094902
        ]
      },
      "properties": {
        "mural_name": "Rhythm & Hues",
        "artist": "Brad Carney",
        "address": "2451 Benjamin Franklin Pkwy, Philadelphia, Pennsylvania, 19130, USA",
        "media": [
          "b613f55e21668d6c8a10ced2aeba7957",
          "7c5cd243c4fd4327b54ec6f9f6878222",
          "9b719cad16f738dab3f11080977143f0"
        ]
      }
    },
    {
      "type": "Feature",
      "geometry": {
        "type": "Point",
        "coordinates": [
          -75.16957861855371,
          39.9782882310541
        ]
      },
      "properties": {
        "mural_name": "Rhythm of Resilience",
        "artist": "Amir \"Amiracle\" Campbell",
        "address": "2077 Ridge Ave, Philadelphia, Pennsylvania, 19121, USA",
        "media": [
          "d7709c7d395745400caef1013dcd2dd9",
          "e9bbf1f39d979e09fea34515b4fddbd0",
          "bc2b9ae7d0c7be8ba3e9690fd6c81e5d",
          "78b82745bf677efaec0a60c0145e6342",
          "b5e48e7b6a7890251fc04df2d073d9de",
          "52d88f3dd4d8b09a18d79c119b899f14",
          "97b915be2a2de8396c09fe5660aa5edd",
          "8ea32f83a70e699753c192eb8271d1d5",
          "d700ec94bb28ae1c8f631933ffd03601",
          "bf4e30c2fec349542a318f7c5c57ff99",
          "f3a48c5ebe7e22629bde0c73a8d31f0e",
          "525638d302b4169b5e1be2dcaee5c331"
        ]
      }
    },
    {
      "type": "Feature",
      "geometry": {
        "type": "Point",
        "coordinates": [
          -75.17780174916321,
          39.989409592568975
        ]
      },
      "properties": {
        "mural_name": "Richard R. Wright Eagles Park",
        "artist": "Donald Gensler",
        "address": "2201 N 28th St, Philadelphia, Pennsylvania, 19132, USA",
        "media": [
          "36c22fef82ce35e64ce9e011959a032b",
          "8130adfacc05a0f17100fcff664d157b",
          "33e16b27391984a561f7c139b943fcee",
          "232a9e5a58a4f1e4b988b669f1e61fa7",
          "5034a4ce0eee30bff48e3bb529500d55",
          "b6ae2931ea57468d5048ffde3d88c737",
          "50d5202745bf7ddd987aacf3373828cd",
          "73984c66483dd2b5a40d1b67552311b5",
          "a81caf161c986b23c2606bc52fa479ed",
          "0f0af52995930d42be561c0d45ca5937",
          "df846ff0525becec90b3538d67eaff86",
          "400dac43063ecce01327ada0bba6b32a"
        ]
      }
    },
    {
      "type": "Feature",
      "geometry": {
        "type": "Point",
        "coordinates": [
          -75.14659083169889,
          40.057805655060704
        ]
      },
      "properties": {
        "mural_name": "RIDE OUT",
        "artist": "Mz.Icar",
        "address": "1719 68th Ave, Philadelphia, Pennsylvania, 19126, USA",
        "media": [
          "87847d08510ba55f65e8e2fcab546a76",
          "fe22cfef7a1b3cd670e4372ec6d9081f",
          "04f22cd9c6977ca1bc2898edb70be961"
        ]
      }
    },
    {
      "type": "Feature",
      "geometry": {
        "type": "Point",
        "coordinates": [
          -75.16814572111025,
          39.95387507459018
        ]
      },
      "properties": {
        "mural_name": "Ride the Sky",
        "artist": "Arthur Haywood",
        "address": "17th St & John F. Kennedy Blvd, Philadelphia, Pennsylvania, 19103, USA",
        "media": [
          "15a38a9c0b311d2e59ec3d80a9c85e9f",
          "c509f663a4e94a6082ab1066632aaae1",
          "cfafbe9a7926ab4179f6fbd1e4acfe18",
          "76bab31b93512bd324ff213693e6e9a5",
          "3f4d6167adc768e418542e339330937a",
          "3f4d6167adc768e418542e339330937a",
          "0dcee4f777531f286718b290f2700f8f"
        ]
      }
    },
    {
      "type": "Feature",
      "geometry": {
        "type": "Point",
        "coordinates": [
          -75.16991230384168,
          39.97877486343296
        ]
      },
      "properties": {
        "mural_name": "Ridge on the Rise",
        "artist": "Josh Sarantitis",
        "address": "2125 Ridge Ave, Philadelphia, Pennsylvania, 19121, USA",
        "media": [
          "ed17809cbaceca45b8a768928cf5cf8d"
        ]
      }
    },
    {
      "type": "Feature",
      "geometry": {
        "type": "Point",
        "coordinates": [
          -75.13286400074942,
          39.965999782497356
        ]
      },
      "properties": {
        "mural_name": "Rippling Moon: An Urban Fairytale",
        "artist": "Meg Saligman",
        "address": "1080 N Delaware Ave, Philadelphia, Pennsylvania, 19125, USA",
        "media": [
          "43cd20d03d089449fd4c8a17a92dc324",
          "80ec609629d5cb506976530f29198792",
          "25771bcdcf5ec516296099c7ee64c4e8",
          "6eb6b893352593832ee9e56dcab8019c"
        ]
      }
    },
    {
      "type": "Feature",
      "geometry": {
        "type": "Point",
        "coordinates": [
          -75.1250864601983,
          40.021880206786726
        ]
      },
      "properties": {
        "mural_name": "Rite Aid mural (Rising Sun and West Wyoming Avenues)",
        "artist": "Ann Davidson",
        "address": "Rising Sun Ave & W Wyoming Ave, Philadelphia, Pennsylvania, 19140, USA",
        "media": [
          "b76da15e83f07760fc12fbb9c0d314b9"
        ]
      }
    },
    {
      "type": "Feature",
      "geometry": {
        "type": "Point",
        "coordinates": [
          -75.13431049895567,
          39.97880303396917
        ]
      },
      "properties": {
        "mural_name": "Ritmo Urbano",
        "artist": "Carlos \"Calo\" Rosa",
        "address": "1832 N Howard St, Philadelphia, Pennsylvania, 19122, USA",
        "media": [
          "cbb1491869dfb585e5e73eb7793c339b",
          "2a8134249b5fae8fbdbb7c9997fc072c",
          "3faec41c1f63a7fab249f0d969275ec3",
          "a0c1a1f1a55ae6cd86c6b24ea2af5693",
          "4ab37252801eb19a6755a9f45e10097e",
          "f6ec4b11772f4594e6232545ec97fcfa",
          "5076f4b9adb2a8f84d92fb984f10ee4f",
          "11fa3b06f8db88f0789b4c1f36edaf21",
          "c3d4af58c84eda54930e6e0e18db046b"
        ]
      }
    },
    {
      "type": "Feature",
      "geometry": {
        "type": "Point",
        "coordinates": [
          -75.17867221121581,
          39.962445693761374
        ]
      },
      "properties": {
        "mural_name": "River Field",
        "artist": "Felix St. Fort",
        "address": "400-442 N 24th St, Philadelphia, Pennsylvania, 19130, USA",
        "media": [
          "28c9bf29f42b3d481591f746d2f9eb98",
          "f6724cd6b43e1a6681c042cdddee71fa",
          "c187667b11d5c1028549fd540e1a23b4",
          "2f4d421bebd1c5fab261b3e50e890606",
          "1db027e87aa77c74480f4e2ad9e72437",
          "a3954c1798af7ed5b63be0018328f67a",
          "c3137c294c31068e583dccee3c3efce3",
          "5acb70d880e0dae97e04eda383145105"
        ]
      }
    },
    {
      "type": "Feature",
      "geometry": {
        "type": "Point",
        "coordinates": [
          -75.21216931609509,
          39.93290591633042
        ]
      },
      "properties": {
        "mural_name": "River Rooms",
        "artist": "Stacy Levy",
        "address": "5400 Lindbergh Blvd, Philadelphia, Pennsylvania, 19143, USA",
        "media": [
          "554c095e5547fd2bec4087e6635288d8",
          "f4f81e70af150fba8d67e8cbe905834e",
          "fa8bdb0ba51e6625e12923cf83f17258",
          "de6c0598be567ce44c3c54dc690d8e9f",
          "0259438d9baa191f569826342e5d0286",
          "e45c6bd0ef5a05f43c68e23bca2390c3",
          "d209c9caf2b3b3a9d5a635c45c349fb5",
          "851d7b4bf033694a0242b68b89a08f8d",
          "c4e6d4a3575bb0aaf80c9c5f7ec45df7"
        ]
      }
    },
    {
      "type": "Feature",
      "geometry": {
        "type": "Point",
        "coordinates": [
          -75.16852311869766,
          39.9261063326759
        ]
      },
      "properties": {
        "mural_name": "River to River",
        "artist": "Mike Smash",
        "address": "1600 E Passyunk Ave, Philadelphia, Pennsylvania, 19148, USA",
        "media": [
          "bd2c55166beb2a35259943b6e04f97a3"
        ]
      }
    },
    {
      "type": "Feature",
      "geometry": {
        "type": "Point",
        "coordinates": [
          -75.01647220739045,
          40.03031848598918
        ]
      },
      "properties": {
        "mural_name": "Riverside Garden",
        "artist": "Michael Schwartz",
        "address": "8151 State Road, Philadelphia, Pennsylvania, 19136, USA",
        "media": [
          "8d461d342b4696d70917ffecd841dda9",
          "985254f773906c236457a7c6db072d8d"
        ]
      }
    },
    {
      "type": "Feature",
      "geometry": {
        "type": "Point",
        "coordinates": [
          -75.16750497640925,
          39.96575978861714
        ]
      },
      "properties": {
        "mural_name": "Roberto Clemente Playground",
        "artist": "Paul Santoleri",
        "address": "1800 Wallace St, Philadelphia, Pennsylvania, 19130, USA",
        "media": [
          "7b8223dab791a5ed7bbbbeaa69976547",
          "386a97c019621de296d519b2ac67fa3a",
          "6dafc4663a14ef62b6458c8f8de60aaf",
          "a9ddfd3458fde9d04ca30481c03c1061",
          "5b938c27763d0d79d1e0cf92573ee366",
          "c074cb7dd8a74ae1eff02284f78a7c85",
          "06dd0b3a29a443af43794115f9d4d3d8",
          "24cf8309c82bd9bc842417f1a71821de",
          "47df7c21c82b76c2cc134d717fd2f477",
          "106495e0a02e06e24f017180e17eeff4",
          "0ecba595e533b45c6233ecce572841da",
          "addfad0eab297bbbec759a4bbc0ae133",
          "3da34484241cc500d51a3808c4ec1d91"
        ]
      }
    },
    {
      "type": "Feature",
      "geometry": {
        "type": "Point",
        "coordinates": [
          -75.15958563184566,
          39.96021488105244
        ]
      },
      "properties": {
        "mural_name": "Rocks on the Rails",
        "artist": "Jesse Harrod",
        "address": "1300 Noble Street, Philadelphia, Pennsylvania, 19123, USA",
        "media": [
          "f24961d1bdbc24cc25d00bba48277046",
          "794edb0077fde1ccb0755b1904af76a3",
          "2a9fddf11c2a7b26581676e6acafcb97",
          "8c7ef6c59c3819456645c635f55d2c7e",
          "3b02005983412827f7027c4e1b971de4",
          "0aa58bc82785147b4374a060fd7f367e",
          "8fda99889e40790c7ea162a98adf330b",
          "62ddfd3bbc847b1629ebf1b0ce41815b",
          "c2f0270d8de858a3752d12df7b25f733",
          "448903ab17ceb834e11e5cfbaed50336",
          "4a84543841980b97abd56e4162c4f2d8",
          "eee0e881ffd0f3fb123b407d12f3e0d2",
          "c3bf22d6a4b7a04317388624fea90a87",
          "68504348e2c99eef1901843934d097cf",
          "d2c3cd283431232502b8c3262330bdf1"
        ]
      }
    },
    {
      "type": "Feature",
      "geometry": {
        "type": "Point",
        "coordinates": [
          -75.15087236931701,
          39.941645328792845
        ]
      },
      "properties": {
        "mural_name": "Roger Browne and Nocturnal Skate Shop",
        "artist": "Jim Houser",
        "address": "612 S 5th St, Philadelphia, Pennsylvania, 19147, USA",
        "media": [
          "ab6d1dd5e74f06c95b0208ff0fea5c8a",
          "145d39bd0951b6adee8e0989f2c6d83b",
          "3596c5d1981805b67d41dd355f9f9733",
          "ecd83219529d6d2bc0ffec1b46e3c9dc",
          "75c0e8bde52e90daf7ae159c9c2f4df7",
          "c159060cfe11ecc280812cad5304c81d",
          "cb7be5fbf7f14f5100a95bf39d3ff9f5"
        ]
      }
    },
    {
      "type": "Feature",
      "geometry": {
        "type": "Point",
        "coordinates": [
          -75.19383820023468,
          39.906038561639
        ]
      },
      "properties": {
        "mural_name": "Rolling",
        "artist": "Paul Santoleri",
        "address": "Penrose Ave & S 26th St, Philadelphia, Pennsylvania, 19145, USA",
        "media": [
          "994c38a4a8369e2f892cf67272970cc6",
          "c75c993f0d44be98c2e854262af3f1a2",
          "f544bc630ed8067be635f33d16f1f75c",
          "33314bbb303112291cca3fc812020535",
          "7c662761455312ecc07a5fef8f7506d5",
          "db6ce1a2e3e316d5c03e4f61c3a09502",
          "c8e7d2e3b669a164345066b735107b4e",
          "4d3e723ab4fbf23e699038905fcc1480",
          "ae71bc7ddf6a8b3775cf468b72aaf3af",
          "8cde30d6dca816e8447a339292b26d2c",
          "18d291c4efdf08fef3ccd1648d18dc63",
          "98f345cd2872033a99ab309ed1980f17"
        ]
      }
    },
    {
      "type": "Feature",
      "geometry": {
        "type": "Point",
        "coordinates": [
          -75.16993650550029,
          39.96775778982513
        ]
      },
      "properties": {
        "mural_name": "Room with a View",
        "artist": "Dietrich L. Adonis",
        "address": "N 20th St & Fairmount Ave, Philadelphia, Pennsylvania, 19130, USA",
        "media": [
          "f4bf686f526de62e5e7f69b93a997329",
          "1c9fa11194ef351247617d7c75bd2510"
        ]
      }
    },
    {
      "type": "Feature",
      "geometry": {
        "type": "Point",
        "coordinates": [
          -75.15868971609447,
          39.95469883663647
        ]
      },
      "properties": {
        "mural_name": "Rooted: Murals and Memory (2026 Philadelphia Flower Show Installation)",
        "artist": "Eustace Mamba",
        "address": "1101 Arch St, Philadelphia, Pennsylvania, 19107, USA",
        "media": [
          "96a9421a870b6cd34f404d16d1b4c801",
          "73c20f5b35d34f7c61f8ededb86c57fb",
          "2cfc9797dc0db45c498677115d070568",
          "05b2e208a0231d40acab602344f134d0",
          "7744238c54e2937606732b95edd13fee",
          "55eb2cf6453834fe0de30f3973913da3"
        ]
      }
    },
    {
      "type": "Feature",
      "geometry": {
        "type": "Point",
        "coordinates": [
          -75.11262653673703,
          40.01232953107172
        ]
      },
      "properties": {
        "mural_name": "Roots Across Waters: Boricua in Philadelphia",
        "artist": "Priscilla Bell Lamberty",
        "address": "700 E Hunting Park Ave, Philadelphia, Pennsylvania, 19124, USA",
        "media": [
          "72fe2dc21e2e4ee91c984873438d5d62",
          "e9097ae9f3073bec195d8e2c4b6839ac",
          "3f06099012c74a4c1f171d518760fa4b",
          "0dd2a9e74c0b8048bac29650f2a8668a"
        ]
      }
    },
    {
      "type": "Feature",
      "geometry": {
        "type": "Point",
        "coordinates": [
          -75.16318046027526,
          39.95079319802567
        ]
      },
      "properties": {
        "mural_name": "Rosadita",
        "artist": "Carolina Gomez",
        "address": "1330 Chestnut St, Philadelphia, Pennsylvania, 19107, USA",
        "media": [
          "3a25441460bb746ab21d316dfe8995fe"
        ]
      }
    },
    {
      "type": "Feature",
      "geometry": {
        "type": "Point",
        "coordinates": [
          -75.17904653389454,
          39.987815737101656
        ]
      },
      "properties": {
        "mural_name": "Rousseau's Garden",
        "artist": "Jane Golden",
        "address": "N 28th St & W Diamond St, Philadelphia, Pennsylvania, 19121, USA",
        "media": [
          "1a156ea46aa09067614bfd59361a9c6c"
        ]
      }
    },
    {
      "type": "Feature",
      "geometry": {
        "type": "Point",
        "coordinates": [
          -75.15993900885816,
          39.92103779245595
        ]
      },
      "properties": {
        "mural_name": "Routing For You!",
        "artist": "Shira Walinsky",
        "address": "747 Wolf St, Philadelphia, Pennsylvania, 19148, USA",
        "media": [
          "e77157244d9dcd0a9c569538a8d41462"
        ]
      }
    },
    {
      "type": "Feature",
      "geometry": {
        "type": "Point",
        "coordinates": [
          -75.19181757904316,
          39.97537481014207
        ]
      },
      "properties": {
        "mural_name": "Rowing Legacies",
        "artist": "Jonathan Laidacker",
        "address": "Kelly Dr, Philadelphia, Pennsylvania, 10130, USA",
        "media": [
          "5ce032a5003bd71e693054b771abeabd",
          "5c17d4752f7fe4a6cb1531a8c379b034",
          "63b08e0ade1d13c8fc3df81293610997"
        ]
      }
    },
    {
      "type": "Feature",
      "geometry": {
        "type": "Point",
        "coordinates": [
          -75.1793413883333,
          40.048734810938406
        ]
      },
      "properties": {
        "mural_name": "Rumph-Mallery Recreation Center Basketball Court (untitled mural)",
        "artist": "Nathaniel Lee",
        "address": "100 E Johnson St, Philadelphia, Pennsylvania, 19144, USA",
        "media": [
          "86e0b757b379c785136f1f241b358cd8",
          "f5122d7e13e37951ce41660559a7fed4",
          "eaa2c0e831a291191db55745eed2f42b",
          "8a2c965accce14b831c39427a2aa25be",
          "07e43291cc2821202dcba78c0ff0d630",
          "93514f8b77053093e1e844597b3c075a"
        ]
      }
    },
    {
      "type": "Feature",
      "geometry": {
        "type": "Point",
        "coordinates": [
          -75.16982894184748,
          39.976458911963086
        ]
      },
      "properties": {
        "mural_name": "Run the Road",
        "artist": "Donna Grace Kroh",
        "address": "2045 Master St, Philadelphia, Pennsylvania, 19121, USA",
        "media": [
          "b35a19ac32abce95680ce689addd9c02",
          "b0b408b26f6bd9eb3f5a6c67f16bafed",
          "bd47655a3257f6f489645b65db30b595",
          "9c78d37e4449bd920a215020db4aec45",
          "6463ae1018827d19dd6587989dde7dca",
          "1060553b5c8265e199e581f162c76d5a"
        ]
      }
    },
    {
      "type": "Feature",
      "geometry": {
        "type": "Point",
        "coordinates": [
          -75.15147319360912,
          39.934079252180666
        ]
      },
      "properties": {
        "mural_name": "Sacks Playground",
        "artist": "Grace Jung",
        "address": "400 Washington Ave, Philadelphia, Pennsylvania, 19147, USA",
        "media": [
          "924f0d13c8b069f9c006607fdc32bd4d",
          "00b70ef52d5bdf1ff5710c212e0f028c",
          "e90fdaee4e6109fa0d4c81fc3c87c815",
          "b113d28f34025ebd34441ee053ef67ad",
          "c6e0b3c3f53f3d86e97d705549925f38",
          "4d1c81722a8313131c8db8cd5f6e93a9"
        ]
      }
    },
    {
      "type": "Feature",
      "geometry": {
        "type": "Point",
        "coordinates": [
          -75.1897582880274,
          39.93460696244809
        ]
      },
      "properties": {
        "mural_name": "Sacred Spaces",
        "artist": "Eric Okdeh",
        "address": "1503 S Marston St, Philadelphia, Pennsylvania, 19146, USA",
        "media": [
          "67bce5ee2bc73fefedf4a69f3fd0bd52",
          "56b7d6b262b2465a84ff673f04dec130",
          "56b7d6b262b2465a84ff673f04dec130",
          "2c39ea1ee009012a9e89c455f2183663"
        ]
      }
    },
    {
      "type": "Feature",
      "geometry": {
        "type": "Point",
        "coordinates": [
          -75.13594635274723,
          39.96808261376123
        ]
      },
      "properties": {
        "mural_name": "SAFER",
        "artist": "Nazeer Sabree",
        "address": "1129 N Lee St, Philadelphia, Pennsylvania, 19134, USA",
        "media": [
          "d0f28e13c08bd5cca7ebe5ff3f901aca",
          "062a867fae289fc2b7f0e87a27e391d1",
          "f8e5eebb33482483da01d174db17e161",
          "d8f990de5e4f0fb9ed6c2480fbf0c309"
        ]
      }
    },
    {
      "type": "Feature",
      "geometry": {
        "type": "Point",
        "coordinates": [
          -75.17463642815383,
          39.89679523341441
        ]
      },
      "properties": {
        "mural_name": "Sails",
        "artist": "Nate Harris",
        "address": "Crescent Dr, Philadelphia, Pennsylvania, 19112, USA",
        "media": [
          "13b447016a9b10da6c1cec99dab1b2fd",
          "370d93c8032015191e6ee03d2c55e021",
          "91d9d2ae9635c2e3d8ba28562dccee30",
          "d927af125f4ff84d7458768c09fca4cd",
          "fef63bb39883da19f6fafd4803f048ad",
          "5dcbf0a98469576d12fffb31be173f28",
          "5fb4697961185d9f1fff23dc49a76dd3",
          "e99a1740ee7a59f4b391b559a1a99973"
        ]
      }
    },
    {
      "type": "Feature",
      "geometry": {
        "type": "Point",
        "coordinates": [
          -75.13611632988885,
          39.972500533304796
        ]
      },
      "properties": {
        "mural_name": "Salsa Shines Through",
        "artist": "Andres Giraldo",
        "address": "1409 N Howard St, Philadelphia, Pennsylvania,  19122, USA",
        "media": [
          "24de1cbe15c1a61319968736e15baeba",
          "bc9e6721d5271ccbdd47e3c3b931f62d",
          "f04b0264e1285a31f37ff0c823e4bcfa"
        ]
      }
    },
    {
      "type": "Feature",
      "geometry": {
        "type": "Point",
        "coordinates": [
          -75.15002104915541,
          39.95596767042863
        ]
      },
      "properties": {
        "mural_name": "Sample Philly",
        "artist": "Kara Crombie",
        "address": "200 N 6th St, Philadelphia, Pennsylvania, 19106, USA",
        "media": [
          "dae26c1f65bd02e4768c4c3e17b7cd4e"
        ]
      }
    },
    {
      "type": "Feature",
      "geometry": {
        "type": "Point",
        "coordinates": [
          -75.16247235789888,
          39.94867582818404
        ]
      },
      "properties": {
        "mural_name": "Sanctuary",
        "artist": "James Burns",
        "address": "208 S 13th St, Philadelphia, Pennsylvania, 191407, USA",
        "media": [
          "992b4933fca353aeafe91d3040075ec8",
          "c77e23cf503840539c5e48f9f4e2881b",
          "143cbfd627663096b8533272abb5104c"
        ]
      }
    },
    {
      "type": "Feature",
      "geometry": {
        "type": "Point",
        "coordinates": [
          -75.14035077561853,
          39.990550937436396
        ]
      },
      "properties": {
        "mural_name": "Sanctuary City, Sanctuary Neighborhood",
        "artist": "Ian Pierce, aka Artes Ekeko",
        "address": "2557 N 5th St, Philadelphia, Pennsylvania, 19133, USA",
        "media": [
          "792d819255fb3b2423f2dc5a4d343eee",
          "e5cdc8b7a3acf23cc1f5c3041b80e6fd",
          "f6efa46614d3e16cf3946d59a34f81d1",
          "15f9b9161f03c4b268fa9f95aabbefe2"
        ]
      }
    },
    {
      "type": "Feature",
      "geometry": {
        "type": "Point",
        "coordinates": [
          -75.2239170693877,
          40.02647258477452
        ]
      },
      "properties": {
        "mural_name": "Sandy's Dream",
        "artist": "Ann Northrup",
        "address": "115 Levering St, Philadelphia, Pennsylvania, 19127, USA",
        "media": [
          "bada87f47a58ed164a1932819f06cf54"
        ]
      }
    },
    {
      "type": "Feature",
      "geometry": {
        "type": "Point",
        "coordinates": [
          -75.13519367912194,
          39.99859173675962
        ]
      },
      "properties": {
        "mural_name": "Santander Bank Mural Project",
        "artist": "Betsy Z. Casañas",
        "address": "400 W Allegheny Ave, Ste E3, Philadelphia, Pennsylvania, 19133, USA",
        "media": [
          "0766bf88abac785efdb55368291f27da",
          "a27e6197369728582ebb5d117b6aeefa",
          "b66e7810ec8aed1acbff5b22313e3acd"
        ]
      }
    },
    {
      "type": "Feature",
      "geometry": {
        "type": "Point",
        "coordinates": [
          -75.22034140202345,
          39.97355311856631
        ]
      },
      "properties": {
        "mural_name": "Saturday Afternoon",
        "artist": "David Serotkin",
        "address": "4918 W Thompson St, Philadelphia, Pennsylvania, 19131, USA",
        "media": [
          "fdf3335591ff6051c6bf22356d70a0b5"
        ]
      }
    },
    {
      "type": "Feature",
      "geometry": {
        "type": "Point",
        "coordinates": [
          -75.21643729144674,
          39.9405698974393
        ]
      },
      "properties": {
        "mural_name": "Say it Loud, Say it Proud",
        "artist": "Jamee Grigsby",
        "address": "5100 Greenway Ave, Philadelphia, Pennsylvania, 19143, USA",
        "media": [
          "0c1fe659539691c920b1c726e52b9145",
          "45329df70f60b32446f95678c8433d7c",
          "f753d6e3e9cd71c792df06df7e43843f",
          "9adf4458364fea9f64bdc550d388887a",
          "ac52df9b4fd86435cdedeecd867be1b4",
          "2cf11db40a8efbd0ef16fd39899c073c"
        ]
      }
    },
    {
      "type": "Feature",
      "geometry": {
        "type": "Point",
        "coordinates": [
          -75.10823720549706,
          40.002176949514634
        ]
      },
      "properties": {
        "mural_name": "Scanlon Recreation Center",
        "artist": "Felix St. Fort",
        "address": "1099 E Venango St, Philadelphia, Pennsylvania, 19134, USA",
        "media": [
          "efe44dc4b19d4d2959d65dd876b67d7a",
          "00040620a7aba25eb1f8d31074fc2dd2",
          "b85cf66255b21ad6f09038a6c9593204",
          "a6f11550c0efa4b4311cf116a8b4649a",
          "87b63b259d3106f2609b331d15b1e1e2",
          "45b47f115f4ac1acb92c3e6674716895",
          "b6033787c71a040ba5ba2f27ec56c89c",
          "63e1603d804808a9be2239d703d2f8c2",
          "dd91ced6347426e442baa7deadadf89c",
          "d05d4445b1f096e9a9482e986c1d687e",
          "ee679d33f9469aa542c3e2004f803bc0"
        ]
      }
    },
    {
      "type": "Feature",
      "geometry": {
        "type": "Point",
        "coordinates": [
          -75.12871553358755,
          39.97192948161511
        ]
      },
      "properties": {
        "mural_name": "Scenes from Fishtown",
        "artist": "Eric Okdeh",
        "address": "1235 E Palmer St, Philadelphia, Pennsylvania, 19125, USA",
        "media": [
          "c71a1465427f84f60b85ecac42379a21",
          "6dedaf5b211fee9429ed77f46b856197",
          "ed7d823866feb7762a5e1d7c2f832572"
        ]
      }
    },
    {
      "type": "Feature",
      "geometry": {
        "type": "Point",
        "coordinates": [
          -75.19122552635883,
          40.00793429317191
        ]
      },
      "properties": {
        "mural_name": "Schuylkill Tapestry",
        "artist": "Jonny Buss",
        "address": "Ridge Ave & S Ferry Rd, Philadelphia, Pennsylvania, 19127, USA",
        "media": [
          "f06317c2f925dd3c4e24480adf02eb3c",
          "b9e8aaf47b0eac760984c5af75a48872",
          "7ead225496ce7e89eff67c96ca3c6032",
          "3a6489f9abae8c6e4dd04bfa1f0dd07a",
          "d85047e97dc4c4fdf67379c2f3bb3e45",
          "3aa9daf02a11c2d16d5eca71e898985a",
          "86718212cfd9f4da6f51c8a20382e4b5",
          "9b119ca083c4c78d0e779a62125510c1",
          "4bb6fab0fa4497b2574c475a1c2fb99b",
          "e58decd74c51758bc654fbad4bf7cf7a",
          "9bef48813f3345973cfe2fbe320e1be3",
          "12883d716de64577d05c5766970d9f5f",
          "1c19be6dae15e59f8bb4d5f1ee119b44",
          "d701bcb0931bea7743730ef58178084a",
          "d40e38ecb4b5f223d4d1cd940b6bc91a",
          "e56d35e65d602a05fc242ae7a2fb804b",
          "c5eaa5eec41887b360e097fd8aa4d523",
          "7a43bfb16ab92a15bc20631756977805"
        ]
      }
    },
    {
      "type": "Feature",
      "geometry": {
        "type": "Point",
        "coordinates": [
          -75.1821626063388,
          39.98878034303897
        ]
      },
      "properties": {
        "mural_name": "Seasons",
        "artist": "Shawn Theodore",
        "address": "2113 N Corlies St, Philadelphia, Pennsylvania, 19121, USA",
        "media": [
          "3ece25964a94c5c55c675b0f4d27276f",
          "f7816ffdddc841473d270829b50df824"
        ]
      }
    },
    {
      "type": "Feature",
      "geometry": {
        "type": "Point",
        "coordinates": [
          -75.1359803264096,
          39.972600437185314
        ]
      },
      "properties": {
        "mural_name": "Seasons",
        "artist": "Ras Malik",
        "address": "1417 N Howard St, Philadelphia, Pennsylvania, 19122, USA",
        "media": [
          "da023572c0ca9895c54fe9e89b252048"
        ]
      }
    },
    {
      "type": "Feature",
      "geometry": {
        "type": "Point",
        "coordinates": [
          -75.15069438823207,
          40.04362692314299
        ]
      },
      "properties": {
        "mural_name": "Seasons of Imagination",
        "artist": "Marian Bailey",
        "address": "1800 Nedro Ave, Philadelphia, Pennsylvania, 19141, USA",
        "media": [
          "4c3817a2d390006fabb8777560a9dd02",
          "edeb0179fb30f790da4704f45edf0559",
          "e1f1d1a8068c4625dd70cd5a6482577b",
          "89c97460d4669fbe9a64604676307a0b",
          "ba4b49f016ca342d33447057b8da3cb1",
          "1b9468a080abf1b1677cf39bebe8de2b",
          "ae21197048b1056ae7b5b204e59e7749",
          "8f059950f404f4fd58e10a45aade9206",
          "c6063150aef3448a4610601349ddc3ee",
          "282bb0ff45fdf1838ffe217c2068e77b",
          "d64f84b82fa69347be5dcfcf8c1eb795",
          "d8098a2f0d68ae9e6544737dead5af21"
        ]
      }
    },
    {
      "type": "Feature",
      "geometry": {
        "type": "Point",
        "coordinates": [
          -75.18318752897547,
          39.98507754228875
        ]
      },
      "properties": {
        "mural_name": "Seasons of Youth",
        "artist": "Jason Slowik",
        "address": "3006 W Berks St, Philadelphia, Pennsylvania, 19121, USA",
        "media": [
          "b23e7cb9ed92640b5bcc7bb568dd1182"
        ]
      }
    },
    {
      "type": "Feature",
      "geometry": {
        "type": "Point",
        "coordinates": [
          -75.15249923159635,
          40.05378963766131
        ]
      },
      "properties": {
        "mural_name": "Seasons Pleasings",
        "artist": "Mike Smash",
        "address": "6501 Limekiln Pike, Philadelphia, Pennsylvania, 19138, USA",
        "media": [
          "168beea0a5f6b6afec841701a98862ad",
          "4fb8bf13f6a9899c06aefa0ac96bca2b",
          "e7dfa6973bb8fcf95a7bd34daaa9960b",
          "708f668384bec8aa2dd232b7d0b25b2a"
        ]
      }
    },
    {
      "type": "Feature",
      "geometry": {
        "type": "Point",
        "coordinates": [
          -75.024321603352,
          40.04743281912855
        ]
      },
      "properties": {
        "mural_name": "Seatbelts Save Lives",
        "artist": "Nathaniel Lee",
        "address": "3300 Solly Ave, Philadelphia, Pennsylvania, 19136, USA",
        "media": [
          "b4cad73b44f115e00a10ba518e101301",
          "06c4b58ea69d02ab1fe7a76e1bc0a9ac",
          "b7ad9e4fdc835a9b671807f0256bf80a",
          "992c5a2286cdb0657b566093099071ac",
          "aef8881ea954acb7e8d4a09b0439f1d3",
          "64f8953079308a33bccdb7c8e72eed5a",
          "bf6b6e2f32671575e0a61e4e6269ac44",
          "777e04cc670d4fb37c7ea432dad83a74"
        ]
      }
    },
    {
      "type": "Feature",
      "geometry": {
        "type": "Point",
        "coordinates": [
          -75.17015672174519,
          39.96007316353694
        ]
      },
      "properties": {
        "mural_name": "Secret Book",
        "artist": "Josh Sarantitis",
        "address": "310 N 19th St, Philadelphia, Pennsylvania, 19103, USA",
        "media": [
          "2fcdcfcd7a310622eea2c473b67e695c"
        ]
      }
    },
    {
      "type": "Feature",
      "geometry": {
        "type": "Point",
        "coordinates": [
          -75.22736124497722,
          39.97590483828765
        ]
      },
      "properties": {
        "mural_name": "See the Diff?",
        "artist": "Miss Rockaway Armada",
        "address": "1452 N 53rd St, Philadelphia, Pennsylvania, 19131, USA",
        "media": [
          "0f750697a2a1ce3b981190b0a9537d65",
          "5459e5123e40f82e861d32e26b3b6e24",
          "f2fff66fb9b15e70a057dff2972fa803",
          "522351bc831014ec7a3c40c8adf2e3df",
          "735200ebfee37e7149eaa067d22b9662",
          "cb63df6ca9e58d159f11588e473ee226",
          "b9df623671fc262aed013a5e2c0e377a",
          "5fee240d0438f066c28bbb129de7fa45",
          "ef9fd1fe51acde985ba702c4f6b574e0",
          "bb6d05a7a13dc73a658b0d9b196c5312",
          "98e8fdcccf84b168f26089ee20c19108"
        ]
      }
    },
    {
      "type": "Feature",
      "geometry": {
        "type": "Point",
        "coordinates": [
          -75.22856577991874,
          39.9764641119358
        ]
      },
      "properties": {
        "mural_name": "Seeds of Change",
        "artist": "Kaitlin Pomerantz",
        "address": "5301 Media St, Philadelphia, Pennsylvania, 19131, USA",
        "media": [
          "925423c67e358c3f54276633f9351df2",
          "d2be782454d4a6d8e7571de9f9a00e08",
          "0e4c70779126882bef9c229a88009c7a",
          "a2dae4ff3907db97338d29dd5d1c77ac",
          "213c3ff88c7dacf23f7a2ac578e5634f",
          "ca87d2c5f482a51760572117b550d279",
          "a47c0feef122b3677cf8caacde8bb7ef",
          "93f4e1b029ba02d3c1d7b89eb3beda9d",
          "ce889da77fcb7a7f10c0c9c2d907522a"
        ]
      }
    },
    {
      "type": "Feature",
      "geometry": {
        "type": "Point",
        "coordinates": [
          -75.2660305000055,
          39.97636560178253
        ]
      },
      "properties": {
        "mural_name": "Seeds of Community",
        "artist": "Eric Okdeh",
        "address": "7501 Woodbine Ave, Philadelphia, Pennsylvania, 19151, USA",
        "media": [
          "edb0234cff044e67ff8a7bceaa099400"
        ]
      }
    },
    {
      "type": "Feature",
      "geometry": {
        "type": "Point",
        "coordinates": [
          -75.15616757559177,
          39.96521057668334
        ]
      },
      "properties": {
        "mural_name": "Seeds of Knowledge",
        "artist": "Michael Schwartz",
        "address": "1146 Melon St, Philadelphia, Pennsylvania, 19123, USA",
        "media": [
          "5431d9108f820d4224c27611960c2f71"
        ]
      }
    },
    {
      "type": "Feature",
      "geometry": {
        "type": "Point",
        "coordinates": [
          -75.17318773204755,
          39.98423082633858
        ]
      },
      "properties": {
        "mural_name": "Seeds of Sharswood",
        "artist": "Cindy Lozito",
        "address": "1909 N 24th St, Philadelphia, Pennsylvania, 19121, USA",
        "media": [
          "52f641dc70de832d10e3ed3e051087a0",
          "320dfb0f8ba2e55ecc70e79b5f93d419",
          "fed1dd9c3363a3669bf1fa124bba1b0a"
        ]
      }
    },
    {
      "type": "Feature",
      "geometry": {
        "type": "Point",
        "coordinates": [
          -75.17365733501458,
          40.03468786165533
        ]
      },
      "properties": {
        "mural_name": "Seeing Our Voices, Signs of Germantown",
        "artist": "Michelle Angela Ortiz",
        "address": "5524 Germantown Ave, Philadelphia, Pennsylvania, 19144, USA",
        "media": [
          "70b726c61f7b0f287b79ad675aef1ba0",
          "283e631dfcb48296102e71076946a675",
          "8791af8a9c0ba11ee26068ee02f29fc4"
        ]
      }
    },
    {
      "type": "Feature",
      "geometry": {
        "type": "Point",
        "coordinates": [
          -75.23085227025655,
          39.92153867065477
        ]
      },
      "properties": {
        "mural_name": "Seeking Peace in Unity",
        "artist": "Parris Stancell",
        "address": "6601 Elmwood Ave, Philadelphia, Pennsylvania, 19142, USA",
        "media": [
          "57ea0f998054a5c88854ae68003daa3a"
        ]
      }
    },
    {
      "type": "Feature",
      "geometry": {
        "type": "Point",
        "coordinates": [
          -75.16354767561977,
          39.95296446809859
        ]
      },
      "properties": {
        "mural_name": "Seguimos Caminando (We Keep Walking)",
        "artist": "Michelle Angela Ortiz",
        "address": "1400 John F. Kennedy Blvd, Philadelphia, Pennsylvania, 19107, USA",
        "media": [
          "f7fee37604def4fdadf1e48ac5a8d3bc"
        ]
      }
    },
    {
      "type": "Feature",
      "geometry": {
        "type": "Point",
        "coordinates": [
          -75.13313328673243,
          40.015120281104366
        ]
      },
      "properties": {
        "mural_name": "Sembrando Sueños, Cosechando Esperanzas",
        "artist": "Patricia A. Barrera",
        "address": "301 W Hunting Park Ave, Philadelphia, Pennsylvania, 19140, USA",
        "media": [
          "ccbf80f000e4bedf569e8fa7f5af60ad",
          "70c9c839c1efd7d063fae400cb6bd07e",
          "1e220a571e689029d48026a7d4c4a599"
        ]
      }
    },
    {
      "type": "Feature",
      "geometry": {
        "type": "Point",
        "coordinates": [
          -75.13359330207372,
          39.98232259291908
        ]
      },
      "properties": {
        "mural_name": "Semilla De Patria",
        "artist": "Betsy Z. Casañas",
        "address": "2115 N Howard St, Philadelphia, Pennsylvania, 19122, USA",
        "media": [
          "ff303dc074dd3b3590861c60e172f154",
          "dd3b19ecbd347d66c152b5402249d351"
        ]
      }
    },
    {
      "type": "Feature",
      "geometry": {
        "type": "Point",
        "coordinates": [
          -75.15774363162981,
          39.95906710600329
        ]
      },
      "properties": {
        "mural_name": "Sendero Verde (Green Trail)",
        "artist": "Dora Cuenca",
        "address": "1126 Callowhill St, Philadelphia, Pennsylvania, 19123, USA",
        "media": [
          "e654244f2e69ba672cd9d77547deba58"
        ]
      }
    },
    {
      "type": "Feature",
      "geometry": {
        "type": "Point",
        "coordinates": [
          -75.01647220739045,
          40.03031848598918
        ]
      },
      "properties": {
        "mural_name": "Serenity",
        "artist": "Angela Crafton",
        "address": "8151 State Road, Philadelphia, Pennsylvania, 19136, USA",
        "media": [
          "fbb37c2c60a8e920d4ef9282d8081446",
          "6eb7a5b3130583481122428e1a112b28",
          "1d28ab71985d509b0df7b44802838545",
          "f4a7afc39d9dc07a76b59e9555b8ee20"
        ]
      }
    },
    {
      "type": "Feature",
      "geometry": {
        "type": "Point",
        "coordinates": [
          -75.13462663700759,
          39.97467258190437
        ]
      },
      "properties": {
        "mural_name": "Settlement House Roots",
        "artist": "Eric Okdeh",
        "address": "1340 Frankford Ave, Philadelphia, Pennsylvania, 19125, USA",
        "media": [
          "5b9c3a992e09acce0dd716134d49d95a",
          "b71af353d35f66cb60152c946674e620",
          "0b4d52c5b774d0e4b3cd36de764a8b46",
          "3ee8c5b4ca3b9a59964aac8b854e648f"
        ]
      }
    },
    {
      "type": "Feature",
      "geometry": {
        "type": "Point",
        "coordinates": [
          -75.24529284938002,
          39.94423751457894
        ]
      },
      "properties": {
        "mural_name": "Sgt. Robert Wilson III",
        "artist": "David McShane",
        "address": "6033 Baltimore Ave, Philadelphia, Pennsylvania, 19143, USA",
        "media": [
          "80aafee601d70782e391839c672ad717",
          "d6866b73b3b3c0f97eb57b4f57d1e0e7"
        ]
      }
    },
    {
      "type": "Feature",
      "geometry": {
        "type": "Point",
        "coordinates": [
          -75.17018169036847,
          40.073480121158035
        ]
      },
      "properties": {
        "mural_name": "Shades of Enchantment",
        "artist": "Isabella Akhtarshenas",
        "address": "8025 Thouron Ave, Philadelphia, Pennsylvania, 19150, USA",
        "media": [
          "ac7fa047c63e2f6949d978eeb8dbbc99",
          "32c2585c7340837fdd65706b2dbebc67",
          "1652a0c8348a7eef04bb74ee94b7e7ef"
        ]
      }
    },
    {
      "type": "Feature",
      "geometry": {
        "type": "Point",
        "coordinates": [
          -75.1772375554832,
          39.95140357038529
        ]
      },
      "properties": {
        "mural_name": "Shadow of a Church (Restoration)",
        "artist": "Michael Webb",
        "address": "2205 Walnut St, Philadelphia, Pennsylvania, 19103, USA",
        "media": [
          "2f5369a621c677a468a8bc7eb1e5fd8c",
          "2f5369a621c677a468a8bc7eb1e5fd8c"
        ]
      }
    },
    {
      "type": "Feature",
      "geometry": {
        "type": "Point",
        "coordinates": [
          -75.18140524249407,
          39.9323139979361
        ]
      },
      "properties": {
        "mural_name": "Sharing",
        "artist": "Candy Coated, aka Candy Depew",
        "address": "S 22nd St & Tasker St, Philadelphia, Pennsylvania, 19146, USA",
        "media": [
          "511eb8aa7970a9a25a6a7a74a87c0a12",
          "a0237ae9a9d3c081ffe570826b5029a6",
          "fbde38b666befacfc0529f9166b2b2d9"
        ]
      }
    },
    {
      "type": "Feature",
      "geometry": {
        "type": "Point",
        "coordinates": [
          -75.15541321550629,
          40.01952098602519
        ]
      },
      "properties": {
        "mural_name": "Sharing Our Nicetown Stories, Forging Our Common Future (My North Philly: Nicetown)",
        "artist": "Eliseo Art Silva",
        "address": "1759 Saint Pauls St, Philadelphia, Pennsylvania, 19140, USA",
        "media": [
          "500563bc9ead8c6c9e200c8d78028ae9",
          "834c24afcf733cd3609fc0e36deb0969",
          "ca2ad93eb56e900bc7122e03abc9f595",
          "af3c89ea42d0dd306215350bcbea7f5d",
          "7d5a6774426252ef8c8220a000d54050",
          "1b7ba4c2a857286e3b74982b92c15720",
          "500563bc9ead8c6c9e200c8d78028ae9",
          "9e0bd8e8e1692972db001516e5ffefc2",
          "77396ecd95b54069ff44e15ef73d089b",
          "abb65327e770470ea390bd833302e6f2",
          "f2aaa8246a1a2f9ae1dbaa296b580760",
          "6711454866e30c71e5efb2936321e499",
          "f89de84af07975869fc16449f8f44b25",
          "38ba76d0ac81c56af60508e466efb0b0"
        ]
      }
    },
    {
      "type": "Feature",
      "geometry": {
        "type": "Point",
        "coordinates": [
          -75.15501690260265,
          39.960655943680806
        ]
      },
      "properties": {
        "mural_name": "Shepard Fairey Voting Project",
        "artist": "Shepard Fairey",
        "address": "448 N 10th St, Philadelphia, Pennsylvania, 10123, USA",
        "media": [
          "77e61bed23cde838068710277eefe197",
          "bc34ff6e92d46104d60860ce27482887",
          "69e950cbf385a1964c3a67a5454eb92f"
        ]
      }
    },
    {
      "type": "Feature",
      "geometry": {
        "type": "Point",
        "coordinates": [
          -75.17016862698644,
          39.95503480788793
        ]
      },
      "properties": {
        "mural_name": "Shift",
        "artist": "Sarah Zwerling",
        "address": "1800 Arch St, Philadelphia, Pennsylvania, 19103, USA",
        "media": [
          "930e6c8cf99459a643245d3164894d97",
          "59715edd396e434c98130c70717dd81f",
          "62bcfdb1973b21e6c388e6fd7545387d",
          "ba0acfd8a7324ef05178d9226584da2b",
          "4c1c7ebc167c1adcf306e057803b9a49",
          "406d50196f87af6684a120a79ac77c9f",
          "1f276c6ce2592bd0a2bfc35bdd59f23b",
          "a63346be596332d89d80c5ca2607f85b",
          "58d5da5718106575a2612bba55910a71",
          "6978621d70c2756e040387b8615f2c47",
          "3bf30842bfb96f9c8862b5781d6d22b1"
        ]
      }
    },
    {
      "type": "Feature",
      "geometry": {
        "type": "Point",
        "coordinates": [
          -75.1468068015066,
          39.98338948199619
        ]
      },
      "properties": {
        "mural_name": "Shine Space",
        "artist": "Shinique Smith",
        "address": "2032 N 8th St, Philadelphia, Pennsylvania, 19122, USA",
        "media": [
          "42f22db58da4d66ab80ccb358e5ee303",
          "a9088a93ce80181aca71cedf951e9955",
          "b8329ae16bbb0011de765fd7726457ef",
          "4080ef916a82766df2aef818a03544cf",
          "66ca070d0d344a9e45eaa30eb11fc87b",
          "0f25ca05d4277aa2f40880868f697b88"
        ]
      }
    },
    {
      "type": "Feature",
      "geometry": {
        "type": "Point",
        "coordinates": [
          -75.13230893937066,
          39.977815844372806
        ]
      },
      "properties": {
        "mural_name": "Shissler Greenway",
        "artist": "Beverly Fisher",
        "address": "1800 Blair St, Philadelphia, Pennsylvania, 19125, USA",
        "media": [
          "8507ad699a020f5919fb5bdee13be314",
          "fd8cebc026077ae05c0e2d0fb8b679e1",
          "86baf13300b9518d9bdf1569668d469a",
          "9ae98123de8a0e00fd707024d4330c59",
          "20f12601251e8a49f5f307c82d2e4e8f",
          "c5f26858c5af02df1db43c8cf5993b75",
          "2753fe2f65939423f473a05c3fc68a78",
          "58fb8a1192f7eea3eaea9ba46fcadafd"
        ]
      }
    },
    {
      "type": "Feature",
      "geometry": {
        "type": "Point",
        "coordinates": [
          -75.19692069999985,
          39.964099304290706
        ]
      },
      "properties": {
        "mural_name": "Shoot for the Stars! A Tribute to Wali \"The Wonder\" Jones",
        "artist": "Gabe Tiberino",
        "address": "3722 Mt Vernon St, Philadelphia, Pennsylvania, 19104, USA",
        "media": [
          "8e4213398d229a9bdaec9171b7090728",
          "9247e894dd67dc32ad613595223cc8ce"
        ]
      }
    },
    {
      "type": "Feature",
      "geometry": {
        "type": "Point",
        "coordinates": [
          -75.18046765959942,
          39.97417734904006
        ]
      },
      "properties": {
        "mural_name": "Shop N Bag-Land of Giant Vegetables",
        "artist": "Jane Golden",
        "address": "W Girard Ave & N 27th St, Philadelphia, Pennsylvania, 19121, USA",
        "media": [
          "5d86d04bc8c64698ee26b98237c6ee36",
          "3fda89846885d6fd2de659cd48778673",
          "60c654766e2524d129cdcfeadcbf0a22",
          "f42de124e009c59f4dc4cf940201dfe9",
          "96bfc1064426d4bfd75d7201460f71b7",
          "8a77cfbbb879d789ff6ccf8b0ae86e07"
        ]
      }
    },
    {
      "type": "Feature",
      "geometry": {
        "type": "Point",
        "coordinates": [
          -75.1993657467566,
          39.960154872169724
        ]
      },
      "properties": {
        "mural_name": "SHOT: We the Mothers Philadelphia",
        "artist": "Kathy Shorr",
        "address": "300-50 Saunders Ave, Philadelphia, Pennsylvania, 19104, USA",
        "media": [
          "e7c1dfbfb346c0b6591957e4be2fcd43",
          "c56f97f2a055a96642a201f81236bf21",
          "690bde8549fcca7c993c800c9c217d90",
          "349b74ec5c40fc5cb4f982c5d351a7c0",
          "c4a983acc7fb8e03208c7f2fecda9bfb",
          "46d7a2b114d16ae4c3aaa148ab1ef1f1",
          "f81838b3c5ea51e92c48d254ab299d39",
          "8313d1f0024190eb64d4a5ee473eae31",
          "0bd88b2e0769444979ae82f99903d339",
          "808a4bab0c421e859ea7488d416236b1",
          "e382f64cf0b2e7a3cb91fd9d14f902f1",
          "147adfd27b2c5a838fa77a9260caf427",
          "a7d0de8bfb1d0d3630130dd641d46861",
          "30e4839eac35566744f08bcf7edba8ce",
          "00ad8e7b1f549304bb68cf41b83fc4fc"
        ]
      }
    },
    {
      "type": "Feature",
      "geometry": {
        "type": "Point",
        "coordinates": [
          -75.1690477,
          39.9654291
        ]
      },
      "properties": {
        "mural_name": "Showing Face: A Cross-Generational Art Project with the LGBTQ Community",
        "artist": "Brandon Dean",
        "address": "1727-29 Mt. Vernon Street, Philadelphia, Pennsylvania, 19107, USA",
        "media": [
          "ba7992d84947e78bafeeeeaf6400f5a1",
          "df68209a3e611a620c4895866ee15b03",
          "9fb298eb606a8c89e8fb2145021eded1",
          "1304cfc0856dd88a2e55b374f8c79da2",
          "b1ed98b288bdeb27004ba976592d5c38",
          "ba7992d84947e78bafeeeeaf6400f5a1",
          "9d777e98453578a4541df6aee82155a0",
          "48dd1d4231e4a267f64dd29214cd2a17",
          "4307c0c4f80e425ce84ae5ded2d9040b",
          "ef9dac27fd9038f2dbf046208ec96279",
          "7cfc7336188b878ef9ca6c8b54f6051f",
          "d78b1a6ffdda787c950a028f28a19247",
          "43e3760f5e7944584a308b623debffc0",
          "4f39a3860bb7d15b4b0e694530a57bb0",
          "269e27c896409a44a7044593f68e68b1",
          "fe26ef573388b4daede89e80ab85c918",
          "658277c7f39caad3966a6941eccec099",
          "b5290ac4c84896a955c4074d41cdae24",
          "7ff2c88d6e878d9ee7f67ae426e7bc9a",
          "da3dc1ea6e300447135fd0e23e70432b",
          "b6d3ebd4a2dc1162f0dd2f1d12daf2d1",
          "e0f30256577ab82b8e7bfd4fbf3f4183",
          "6f5d18c2a0bf439dca7c39cae5f09dad",
          "207c914a7d5970991fdc1709691e00f0",
          "791199d7cf9586640244291547a46ef7",
          "1ff74e4fd440ec33b1ead162ac04cb8c",
          "36839830cbb279640edece125d2e713b",
          "97737f62a729630ecebd121274dbb5e7",
          "972338cbdf845b0433f9fac06a5be6f4",
          "229be2778f6ee845feae0c6cbf080de5"
        ]
      }
    },
    {
      "type": "Feature",
      "geometry": {
        "type": "Point",
        "coordinates": [
          -75.15553057124703,
          40.0148721580147
        ]
      },
      "properties": {
        "mural_name": "Simon Gratz High School",
        "artist": "Cavin Jones",
        "address": "1798 W Hunting Park Ave, Philadelphia, Pennsylvania, 19140, USA",
        "media": [
          "db15465bc09b4280f70e98e1ed28188f"
        ]
      }
    },
    {
      "type": "Feature",
      "geometry": {
        "type": "Point",
        "coordinates": [
          -75.1874878896768,
          39.96356134487695
        ]
      },
      "properties": {
        "mural_name": "Sing Because It Is Heard",
        "artist": "Betsy Z. Casañas",
        "address": "N 31st St & Spring Garden St, Philadelphia, Pennsylvania, 19104, USA",
        "media": [
          "22b7adb119898b44bd0ff6579b6c3f81",
          "69ea431781d40fdde3aede06aa4ba7b2",
          "5a5611a1356007f11877d5cda0e69444",
          "c57f11684bc9eff9a868e61a6afefe9d",
          "c4b530480584187ed9656bcf3e848202",
          "52149cb638366e301c5d414d480bfda9"
        ]
      }
    },
    {
      "type": "Feature",
      "geometry": {
        "type": "Point",
        "coordinates": [
          -75.1581392,
          39.958551
        ]
      },
      "properties": {
        "mural_name": "Site/Sound: Revealing the Rail Park",
        "artist": "Nadia Hironaka",
        "address": "1137-1199 Carlton St, Philadelphia, Pennsylvania, 19107, USA",
        "media": [
          "9fb7390a5b4082ab7475f04ea705f406"
        ]
      }
    },
    {
      "type": "Feature",
      "geometry": {
        "type": "Point",
        "coordinates": [
          -75.21836481639302,
          39.96665009830974
        ]
      },
      "properties": {
        "mural_name": "Sky Bounders",
        "artist": "Andrea Lyons",
        "address": "4910 Reno St, Philadelphia, Pennsylvania, 19139, USA",
        "media": [
          "7f0d9c378278433eb973c09d5dcbaffd"
        ]
      }
    },
    {
      "type": "Feature",
      "geometry": {
        "type": "Point",
        "coordinates": [
          -75.22542748493579,
          39.94763027513559
        ]
      },
      "properties": {
        "mural_name": "Smoke Cycles: Seeking Shelter From the Storm",
        "artist": "Jeane Cohen",
        "address": "5108 Malcolm St, Philadelphia, Pennsylvania, 19143, USA",
        "media": [
          "58dd695c14bb97645c9bc3ebfd412627",
          "396bf8b6fad24294ba2db0564d996c79"
        ]
      }
    },
    {
      "type": "Feature",
      "geometry": {
        "type": "Point",
        "coordinates": [
          -75.15501690260265,
          39.960655943680806
        ]
      },
      "properties": {
        "mural_name": "Smoke Signals",
        "artist": "Joe Boruchow",
        "address": "448 N 10th St, Philadelphia, Pennsylvania, 10123, USA",
        "media": [
          "d70db1c8a8d20eb8da9fa384c474fb7d"
        ]
      }
    },
    {
      "type": "Feature",
      "geometry": {
        "type": "Point",
        "coordinates": [
          -75.162615,
          39.923823999999996
        ]
      },
      "properties": {
        "mural_name": "Snider Hockey: Inspiring Our Youth",
        "artist": "Jared Bader",
        "address": "2037 S 10th St, Philadelphia, Pennsylvania, 19148, USA",
        "media": [
          "8fd30b5e610176bb4e7a125da0302ef4",
          "d392247990286c3931053bb5535c60e3"
        ]
      }
    },
    {
      "type": "Feature",
      "geometry": {
        "type": "Point",
        "coordinates": [
          -75.15780205842312,
          39.92373649428802
        ]
      },
      "properties": {
        "mural_name": "Snyderville CDC mural at 2017 South 7th Street",
        "artist": "Philadelphia Anti-Graffiti Network (PAGN)",
        "address": "2017 S 7th St, Philadelphia, Pennsylvania, 19148, USA",
        "media": [
          "a46c3247d24a9674cafc3c5fb947e0b8",
          "d5c9e38b3dde1849c8ce5cbef0abf415"
        ]
      }
    },
    {
      "type": "Feature",
      "geometry": {
        "type": "Point",
        "coordinates": [
          -75.1250226316281,
          40.007591743886344
        ]
      },
      "properties": {
        "mural_name": "Soar to High Heights",
        "artist": "Eric Okdeh",
        "address": "150 E Erie Ave, Philadelphia, Pennsylvania, 19134, USA",
        "media": [
          "66c41c9a4daa7c00395d7ab66915e63c",
          "0e633ad5e3ae65d5b045366e205d5ef0"
        ]
      }
    },
    {
      "type": "Feature",
      "geometry": {
        "type": "Point",
        "coordinates": [
          -75.21643729144674,
          39.9405698974393
        ]
      },
      "properties": {
        "mural_name": "Soaring into the Future: Comegys Eagles Playground, Murals, & Mosaics",
        "artist": "David McShane",
        "address": "5100 Greenway Ave, Philadelphia, Pennsylvania, 19143, USA",
        "media": [
          "8514b4f04ee52f308abc5c8490a4f51f",
          "d12627076e66bfddead6fca3e082112a",
          "08e43a47c64593451c02ba86f9b3b0c0",
          "177100d2648af95edabbb62f8e7ae1e1",
          "bde9e90adda305d94dbc1008de13e417",
          "8c6deac168e07c6840ef3b327b3c290d",
          "2c6ca433b77b68efb945a3335e4cd782",
          "1ea21c883cbe831323f58b671f46682f",
          "e9aba6d047dd699a441110e22a52243c",
          "39314e9a49d5a063b1fc4157173a2a63",
          "77387ad4116cf57f0375cea7e5479b68",
          "fa8aa4bc1a7d55d410a48023f76906b1",
          "263c66fdf373f3e40a8ab58ad97b0c76",
          "a8913b572ba057ef387f39e473c3105e",
          "8d559f8d4a53e0478a4bdfaffb4d6a0e",
          "9ee09f23a3da41c97b5416a4ec3cf985",
          "9ade4cf7c0ef48292a47c60b28b7f341",
          "3f6fd9c29c028bd6da973eaba363ee77",
          "c4538baa0f5fad2ced7748da84549f99",
          "ca7b1acc2cea5e8b08183e9f1b3b1dbd",
          "77fc5da19b9b8c2d3673c58cc410f916",
          "8c4ffeec2a8709d4fbaed6cf17abf174",
          "5bdcfb00600d5736740f45241b786b09",
          "4d9fe6a38627f46c0d0cc92d48a09b2d",
          "7b5e6b177ca949846a289b022262651a",
          "d1b094f092f32e1659e0940c3896f231",
          "d7a150e762833fad493a8330b9099440",
          "4319a574a014ba7b3e215dea4d7ed024",
          "d231f12fd1a64db6cf680061ff604e08",
          "c5b3f4ff4caf9da9236bfeaede212405",
          "c769be355afc42a8dfa2c0d6abbfeb11",
          "7c1cf626587319ea41f34e4fa0a736b8"
        ]
      }
    },
    {
      "type": "Feature",
      "geometry": {
        "type": "Point",
        "coordinates": [
          -75.12118893557955,
          39.99675214633448
        ]
      },
      "properties": {
        "mural_name": "Soaring Toward a Bright Tomorrow",
        "artist": "David McShane",
        "address": "3199 D St, Philadelphia, Pennsylvania, 19134, USA",
        "media": [
          "df01715577b49fcb8fe965d94c1151ba",
          "b6d9e56745d652723199cf10b4601e03",
          "f146ef35533174636244f00ba42b25df",
          "b78b9c659f4547b7167aa4f24b8e787b",
          "31c5d4083c8758cd53fffd6ebaa63454",
          "87a193810d11bf0777ea42bb0acf6a3b",
          "049767b608bc686fb8bc514dc7959fce",
          "61234391d6b1939030acd93e8a883a4a",
          "eb444cb784f17195d465a8ccd1cade0f",
          "f2df009469980150e47125ec89232dd1",
          "363c4b52627a4b57d3d1887e396bdd4c",
          "38496b1592e0f19ae458408d98c1f02d",
          "06492184971ed44a9276ac4c3af76a24",
          "33cc49f634da9fad8cb5873ca893a899",
          "9c7abfcbc8007268e44e8ebf7891012c",
          "5c2fd039e9868abc931b8fa30c08ff41",
          "40eab07da8a2cfbd53044843c58bfd37",
          "1c7f7ec0dcfeb3c16acb78e8c5e7f716",
          "c37c52edd1b54f6aa117acbadc0d1401",
          "390b82126439e0b1585d927eca54fcbb",
          "e3d6dbab0047f238e796b743930f0dcf",
          "1db7a64cf454b9b2abb3a45f1d3a3d4d",
          "0e716893bf461361ca8c348f1251f918"
        ]
      }
    },
    {
      "type": "Feature",
      "geometry": {
        "type": "Point",
        "coordinates": [
          -75.2194983880132,
          39.967531714622716
        ]
      },
      "properties": {
        "mural_name": "Soaring Towards Limitless Possibilities: The James Rhoads School Murals",
        "artist": "David McShane",
        "address": "4901 Parrish St, Philadelphia, Pennsylvania, 19139, USA",
        "media": [
          "e9905ea605ec70104ce67d54cd00ae61",
          "af799a98a430beb2ff439301bb55fb80",
          "a30ccaa7957ee015ae569989b8d8b348",
          "63a2b416f5837bd2e4921908948c9295",
          "c8e3a78cac2cf1819d188ba8dfee47eb",
          "2880dea70a599c6ba74a604c6cf6f3b1",
          "6a52d6e071a38b52d7df010ea206c53c",
          "b0b9ff28a1b0cc03be3273e73b5d36ce",
          "ffaab619507bab2f37feeb9c1506f732",
          "2e1e53f9532c6cea6b68121c2bacc301",
          "96acc61761226171b2f16327a3227eee",
          "a53452d723c46d0584c57ffcc352b164",
          "b9543b3ee58691ce9a4a4567981661b2",
          "f66ddcfa4fb4d0e5361209949d1d95ac",
          "64e4ffdae770a8c37c48a31ec93711be"
        ]
      }
    },
    {
      "type": "Feature",
      "geometry": {
        "type": "Point",
        "coordinates": [
          -75.15701512958562,
          39.96354960363266
        ]
      },
      "properties": {
        "mural_name": "Song of the Kites",
        "artist": "Jimmy Liu",
        "address": "1136 Mt Vernon St, Philadelphia, Pennsylvania, 19123, USA",
        "media": [
          "9fe630f95d8feb9f88de9af16fd6f3ec"
        ]
      }
    },
    {
      "type": "Feature",
      "geometry": {
        "type": "Point",
        "coordinates": [
          -75.19236012978202,
          39.964124718153734
        ]
      },
      "properties": {
        "mural_name": "Songs of Hope",
        "artist": "Donald Gensler",
        "address": "3413 Haverford Ave, Philadelphia, Pennsylvania, 19104, USA",
        "media": [
          "6ff1ff4b16ac32b79cd5f08eb324ba6d"
        ]
      }
    },
    {
      "type": "Feature",
      "geometry": {
        "type": "Point",
        "coordinates": [
          -75.1581392,
          39.958551
        ]
      },
      "properties": {
        "mural_name": "Soon/Now/Gone",
        "artist": "Erik Ruin",
        "address": "1137-1199 Carlton St, Philadelphia, Pennsylvania, 19107, USA",
        "media": [
          "f78240250c7f2090743aaecfbdf96d72"
        ]
      }
    },
    {
      "type": "Feature",
      "geometry": {
        "type": "Point",
        "coordinates": [
          -75.203543,
          39.957582
        ]
      },
      "properties": {
        "mural_name": "Soul of the Black Bottom",
        "artist": "eL Seed",
        "address": "4045 Market St, Philadelphia, Pennsylvania, 19104, USA",
        "media": [
          "7f509a8d08a8b2873488cd5ff12ec641",
          "8ad82d1ea5cf4a4e2dd8d82a25e76d2a",
          "0c24ebebb4749e98289dc02bfb11f46b"
        ]
      }
    },
    {
      "type": "Feature",
      "geometry": {
        "type": "Point",
        "coordinates": [
          -75.1697863306853,
          39.95017524321789
        ]
      },
      "properties": {
        "mural_name": "Soul to Sole",
        "artist": "Brad Carney",
        "address": "1710 Walnut St, Philadelphia, Pennsylvania, 19103, USA",
        "media": [
          "b94365d1383ac48a70b494da2f0dddd6",
          "6d2e3bc2121a6e9fbb74de75bcb30966"
        ]
      }
    },
    {
      "type": "Feature",
      "geometry": {
        "type": "Point",
        "coordinates": [
          -75.20575279258784,
          39.9663753485918
        ]
      },
      "properties": {
        "mural_name": "Sounds and Dreams",
        "artist": "Miriam Singer",
        "address": "4111 Lancaster Ave, Philadelphia, Pennsylvania, 19104, USA",
        "media": [
          "cf43d200609d12efcb470d35d9fd9d80",
          "6842afeaea7a54f7fa2b12bc51040d88",
          "d11cef6bb74bb2f30bb519077f28d86d",
          "3d28962d1d47b3f2dcba9f39f4aecc5f",
          "6d21ddef5bff031a6d7e403409b636c4"
        ]
      }
    },
    {
      "type": "Feature",
      "geometry": {
        "type": "Point",
        "coordinates": [
          -75.13981470105512,
          39.943061528584245
        ]
      },
      "properties": {
        "mural_name": "South Philly Kaleidoscope",
        "artist": "Shira Walinsky",
        "address": "804 Christian St, Philadelphia, Pennsylvania, 19147, USA",
        "media": [
          "faf75e968e38d1ca1a6f8b4d249e084a",
          "95fab687747796b5f7d377aca3f23e6c"
        ]
      }
    },
    {
      "type": "Feature",
      "geometry": {
        "type": "Point",
        "coordinates": [
          -75.15877723279935,
          39.93360639966974
        ]
      },
      "properties": {
        "mural_name": "South Philly Musicians",
        "artist": "Peter Pagast",
        "address": "1231 E Passyunk Ave, Philadelphia, Pennsylvania, 19147, USA",
        "media": [
          "5ea7d7b2b59b1ad9e8113b0bdddb81e7"
        ]
      }
    },
    {
      "type": "Feature",
      "geometry": {
        "type": "Point",
        "coordinates": [
          -75.16854172891297,
          39.931047602035974
        ]
      },
      "properties": {
        "mural_name": "South Philly Musicians Remix (reenvisioning)",
        "artist": "Eric Okdeh",
        "address": "1532 S Broad St, Philadelphia, Pennsylvania, 19146, USA",
        "media": [
          "ed94cf20765149f986960e8e9c6e6c68"
        ]
      }
    },
    {
      "type": "Feature",
      "geometry": {
        "type": "Point",
        "coordinates": [
          -75.1583285589162,
          39.92321687182813
        ]
      },
      "properties": {
        "mural_name": "Southeast by Southeast Grates",
        "artist": "Shira Walinsky",
        "address": "2056 S 7th St, Philadelphia, Pennsylvania, 19148, USA",
        "media": [
          "8ce815af0cf6c98f4e89fefdddc0d524",
          "2b0976a8a5d1262a66d70e63fbd25550",
          "568adf0ffd0740bc1c040116b59f0787"
        ]
      }
    },
    {
      "type": "Feature",
      "geometry": {
        "type": "Point",
        "coordinates": [
          -75.1599869309102,
          39.92310006419976
        ]
      },
      "properties": {
        "mural_name": "Southeast by Southeast Mask Project",
        "artist": "Meera Sidhartha",
        "address": "2106 S 8th St, Philadelphia, Pennsylvania, 19148, USA",
        "media": [
          "2bf52f862097accbfb4b5474073aae16"
        ]
      }
    },
    {
      "type": "Feature",
      "geometry": {
        "type": "Point",
        "coordinates": [
          -75.1690477,
          39.9654291
        ]
      },
      "properties": {
        "mural_name": "Southeast by Southeast Pastes",
        "artist": "Miriam Singer",
        "address": "1727-29 Mt. Vernon Street, Philadelphia, Pennsylvania, 19107, USA",
        "media": [
          "4e879c06d75f23568bf12b6f2e2fb148",
          "5d2be67fb2fb40293a077ea98a84311f",
          "67c93b20c36c5e5a5720be798ee47101",
          "4650c394d66a7093380b45fa057d2fc4",
          "13522f983cc5ae60593e3b74e362a746"
        ]
      }
    },
    {
      "type": "Feature",
      "geometry": {
        "type": "Point",
        "coordinates": [
          -75.16842772958704,
          39.92352573887866
        ]
      },
      "properties": {
        "mural_name": "Southern High School Pride",
        "artist": "Parris Stancell",
        "address": "2101 S Broad St, Philadelphia, Pennsylvania, 19148, USA",
        "media": [
          "93f26083e026bc5f19946963acceb81d",
          "cf898000fdb2c439f276fa7f03f68447",
          "24b3bbbc97be4bc7d2b9d58e15017229",
          "2442b96c32f49340709bf0307cbb5615",
          "19b90e20a7578c69cc83da5b0f8833c7",
          "3453e7b5d510f5c78e9b76dc6422f641"
        ]
      }
    },
    {
      "type": "Feature",
      "geometry": {
        "type": "Point",
        "coordinates": [
          -75.23062360309312,
          39.92808404745435
        ]
      },
      "properties": {
        "mural_name": "Southwest CDC Mosaic Benches",
        "artist": "Mike Smash",
        "address": "6200 S Woodland Ave, Philadelphia, Pennsylvania, 19142, USA",
        "media": [
          "4312213ad97ecdeeb02bdb35e7c2d9bb",
          "b342e1cc29aeec0fdf55902c29450cb2",
          "822b37a7cdde0e7c2be04bf4e3cda237",
          "b1e8cb9cca0970c2c6fa906251493f06"
        ]
      }
    },
    {
      "type": "Feature",
      "geometry": {
        "type": "Point",
        "coordinates": [
          -75.21216931609509,
          39.93290591633042
        ]
      },
      "properties": {
        "mural_name": "Southwest Roots",
        "artist": "Katie Bachler",
        "address": "5400 Lindbergh Blvd, Philadelphia, Pennsylvania, 19143, USA",
        "media": [
          "14443e38cceb16998001d33f39f65777",
          "d12f9ee3eae9be90a4a4032bc8355bd4",
          "dc0032d37d846b48bd07cfaf5531fdcb",
          "11c61ae5de1c3ec54add9115dd2cc19f",
          "fa43eac2bbd4b3219860d74857160d40",
          "d8d1bfb5b0a2d0f9def462d5772b972f",
          "f183244ab14f5ecda6683c39f29dcee0",
          "fcc4740228c93f452d3490729cda76e3",
          "c9a9ee36d490fa1259b18379e335eb82",
          "81138e596e6925ad4e58a039e15df023",
          "05f8e096e6ae1be7105ffe8777ac63eb"
        ]
      }
    },
    {
      "type": "Feature",
      "geometry": {
        "type": "Point",
        "coordinates": [
          -75.2333608929957,
          39.96070353814999
        ]
      },
      "properties": {
        "mural_name": "Sowing Desire",
        "artist": "Priscilla Bell Lamberty",
        "address": "5601 Chestnut St, Philadelphia, Pennsylvania, 19139, USA",
        "media": [
          "19925e13b59469048f7838dc30439daf",
          "74a5c97af38f5c2ab3f0cd4b97c53c76",
          "7f0b74a6fd58469c9bc14905f68aadd1"
        ]
      }
    },
    {
      "type": "Feature",
      "geometry": {
        "type": "Point",
        "coordinates": [
          -75.1690477,
          39.9654291
        ]
      },
      "properties": {
        "mural_name": "Space Pads",
        "artist": "Adam Crawford",
        "address": "1727-29 Mt. Vernon Street, Philadelphia, Pennsylvania, 19107, USA",
        "media": [
          "67036355f18fc4ea8386e44bb2819447",
          "71d7911ab052f0aa3da424dbd347f366",
          "dce04cd80118ea444d3ba6194fd7b249",
          "9a4d2a7145fe82a27b6e2d05cb994719",
          "6b45233849051fe213f98674d61c3446",
          "80e55d99a9e090d2947073663be8e89b",
          "8898451d52a82b724d52b3d6c682756b",
          "7f6e65bd9dd5848ce879cd82a4816a15",
          "9159d2e0c316d7c9a8b3ecc62720022a",
          "17cb1333e9cdf1353c0c2ce2a34f3c5e",
          "064af96c80248268cc81453f925917dd",
          "13d0526bf9e7f6798402dc16a6452edd",
          "0114380f3466894b6dfe6a89b9ab905b",
          "61b831153dc0953aaf17375383a61717",
          "1ed3a7a10824e0ef62957745b997943a",
          "07781ead21f55d85785d3e2527f0e33b",
          "19ff6bebe871f5edee1e0b137a7b3ba8",
          "2bf1ed0bc38516ff113fc17d06134a10",
          "5d4fe78fac1b8da0467d30d092c6b408",
          "1dede22dec2b855edc9380fe14315346"
        ]
      }
    },
    {
      "type": "Feature",
      "geometry": {
        "type": "Point",
        "coordinates": [
          -75.15253418725798,
          39.96229698559614
        ]
      },
      "properties": {
        "mural_name": "Spectator Sports",
        "artist": "Peter Pagast",
        "address": "827 Spring Garden St, Philadelphia, Pennsylvania, 19123, USA",
        "media": [
          "21bda2027e394b88ab3a90baa2c720cc"
        ]
      }
    },
    {
      "type": "Feature",
      "geometry": {
        "type": "Point",
        "coordinates": [
          -75.1621882767712,
          39.94309533436198
        ]
      },
      "properties": {
        "mural_name": "Spirit of Creativity",
        "artist": "Paul Santoleri",
        "address": "1210 South St, Philadelphia, Pennsylvania, 19147, USA",
        "media": [
          "173702f9cad515d098bcb234beeae0a8"
        ]
      }
    },
    {
      "type": "Feature",
      "geometry": {
        "type": "Point",
        "coordinates": [
          -75.16371370407592,
          39.934796963612875
        ]
      },
      "properties": {
        "mural_name": "Spirit of Philadelphia",
        "artist": "Dietrich L. Adonis",
        "address": "1204 S 12th St, Philadelphia, Pennsylvania, 19147, USA",
        "media": [
          "6fb9e1a387b5d68339edd36b62e6180e"
        ]
      }
    },
    {
      "type": "Feature",
      "geometry": {
        "type": "Point",
        "coordinates": [
          -75.16893196945709,
          39.92927241369213
        ]
      },
      "properties": {
        "mural_name": "Spirit, Power and Community",
        "artist": "Betsy Z. Casañas",
        "address": "1701 S 15th St, Philadelphia, Pennsylvania, 19145, USA",
        "media": [
          "f4a133c2a26a00228bc1769745b2eb3b",
          "83fd2cc515717b69ce6d804f3e30a114"
        ]
      }
    },
    {
      "type": "Feature",
      "geometry": {
        "type": "Point",
        "coordinates": [
          -75.19122552635883,
          40.00793429317191
        ]
      },
      "properties": {
        "mural_name": "Sports Columns",
        "artist": "Bill Freeman",
        "address": "Ridge Ave & S Ferry Rd, Philadelphia, Pennsylvania, 19127, USA",
        "media": [
          "88cbebf48f5cd794d4c868c505954b47",
          "8d1671fdc4b8cd0b698f0d31013a173a"
        ]
      }
    },
    {
      "type": "Feature",
      "geometry": {
        "type": "Point",
        "coordinates": [
          -75.1389183026029,
          39.952676664647235
        ]
      },
      "properties": {
        "mural_name": "Spread Wings",
        "artist": "David McShane",
        "address": "121 Columbus Blvd, Philadelphia, Pennsylvania, 19123, USA",
        "media": [
          "fab9084888ded2db9796caca5fb04ce6"
        ]
      }
    },
    {
      "type": "Feature",
      "geometry": {
        "type": "Point",
        "coordinates": [
          -75.152624,
          39.949786
        ]
      },
      "properties": {
        "mural_name": "Spring",
        "artist": "David Guinn",
        "address": "1315 Pine St, Philadelphia, Pennsylvania, 19107, USA",
        "media": [
          "4a9d78e3f9cc436e3c8878d2c60228b5",
          "7f9131c68a1f1327b96921dfe7ff2a5f",
          "01fef7d117d024111f674f81138e0296"
        ]
      }
    },
    {
      "type": "Feature",
      "geometry": {
        "type": "Point",
        "coordinates": [
          -75.15501690260265,
          39.960655943680806
        ]
      },
      "properties": {
        "mural_name": "Spring Arts",
        "artist": "James McMenamin",
        "address": "448 N 10th St, Philadelphia, Pennsylvania, 19123, USA",
        "media": [
          "7c3f3768a22a31de2f1144b304ee0254",
          "a0d0f4a37e0f5b654b223fdd59edf88f",
          "be0f16efeb521dbbed5876873f35e1c4",
          "a76e9b45167397ab84b658d6affaf754",
          "d9306ce7dc7093f667e3116930e15c6b"
        ]
      }
    },
    {
      "type": "Feature",
      "geometry": {
        "type": "Point",
        "coordinates": [
          -75.16925321794692,
          39.971034313720374
        ]
      },
      "properties": {
        "mural_name": "Spring Bouquet",
        "artist": "Ana Uribe",
        "address": "861 N 20th St, Philadelphia, Pennsylvania, 19130, USA",
        "media": [
          "74de0d33b40a67f35b8d919bb0e84b25"
        ]
      }
    },
    {
      "type": "Feature",
      "geometry": {
        "type": "Point",
        "coordinates": [
          -75.14901017537692,
          39.96094348914155
        ]
      },
      "properties": {
        "mural_name": "Spring Garden",
        "artist": "Gina Triplett",
        "address": "456 N 5th St, Philadelphia, Pennsylvania, 19123, USA",
        "media": [
          "7452b8d0443dc94f463bbc42c878b654",
          "363e419afbb6b29e932ac20077c76d61",
          "df8a1075840cddcb94b9f6fc7e9b7a36"
        ]
      }
    },
    {
      "type": "Feature",
      "geometry": {
        "type": "Point",
        "coordinates": [
          -75.15454862161157,
          39.961158835689936
        ]
      },
      "properties": {
        "mural_name": "Spring Garden Neighborhood Mural",
        "artist": "Hawk Krall",
        "address": "469 N 10th St, Philadelphia, Pennsylvania, 10123, USA",
        "media": [
          "9d2d6ac31ef26ce54b3bf414ab7fc86e",
          "795a2b088a558b118e81de1e6c757b98",
          "969353bcb14e92edfec5ac79e0aa1184"
        ]
      }
    },
    {
      "type": "Feature",
      "geometry": {
        "type": "Point",
        "coordinates": [
          -75.13999123528014,
          39.96051705826808
        ]
      },
      "properties": {
        "mural_name": "Spring Garden Street underpass mural (title unknown)",
        "artist": "Jane Golden",
        "address": "109-145 Spring Garden St, Philadelphia, Pennsylvania, 19123, USA",
        "media": [
          "21227ffdce3482794669a8e183afc472",
          "b02a43c595ec98b03885511b2e4b2c38"
        ]
      }
    },
    {
      "type": "Feature",
      "geometry": {
        "type": "Point",
        "coordinates": [
          -75.16813157622482,
          39.96332240212082
        ]
      },
      "properties": {
        "mural_name": "Spring Garden Sunflower Festival",
        "artist": "Tykira Mitchell",
        "address": "1800 Spring Garden St, Philadelphia, Pennsylvania, 19130, USA",
        "media": [
          "0f4a44c7173ac0dc39a37885c5cdf044",
          "009a87c795bdaf9235b5cda91c9c3db5",
          "80473653b81555889bc5f8b6003cb89f",
          "74d28bee16799cccca6ed23542717c01",
          "d1f8013f74a691ae0f25500b9331fbde"
        ]
      }
    },
    {
      "type": "Feature",
      "geometry": {
        "type": "Point",
        "coordinates": [
          -75.1744708721137,
          39.893316411466444
        ]
      },
      "properties": {
        "mural_name": "Spring into Dance",
        "artist": "Loveis Wise",
        "address": "4747 S Broad St, Philadelphia, Pennsylvania, 19112, USA",
        "media": [
          "3069cd7cf2a3cfe004e94b65ac22ebc9"
        ]
      }
    },
    {
      "type": "Feature",
      "geometry": {
        "type": "Point",
        "coordinates": [
          -75.17024904425543,
          39.98083688541498
        ]
      },
      "properties": {
        "mural_name": "Staircases and Mountaintops: Ascending Beyond the Dream",
        "artist": "Willis \"Nomo\" Humphrey",
        "address": "2101 Cecil B Moore Ave, Philadelphia, Pennsylvania, 19121, USA",
        "media": [
          "3f5358c70d3755ba2d67bf16b924d45b",
          "3b06014c271308850f777d140c7608fe",
          "f75fcbb48604f9d0f29c1990a27a9f4e",
          "633225f865e9b4c09f3680d0ec6c0bbe",
          "d557eb76ef6869021cec6c6ca0b5ee4d"
        ]
      }
    },
    {
      "type": "Feature",
      "geometry": {
        "type": "Point",
        "coordinates": [
          -75.16128668725825,
          39.953392642677315
        ]
      },
      "properties": {
        "mural_name": "Stairway to Health",
        "artist": "Gabe Tiberino",
        "address": "1301 Filbert St, Philadelphia, Pennsylvania, 19107, USA",
        "media": [
          "d9828fd8f69ded63d2b0e68b8dc4af29",
          "515ada022641850dc32eb52333fb63f6",
          "78d8508cf0a0c0232c6f08a391b4a49d",
          "7d45291d3028a57e077a90b9d4095f7d",
          "690f5170c977c04401f61980fd0703cc"
        ]
      }
    },
    {
      "type": "Feature",
      "geometry": {
        "type": "Point",
        "coordinates": [
          -75.15200565101033,
          39.943066050869966
        ]
      },
      "properties": {
        "mural_name": "Starr Garden",
        "artist": "Diane Pieri",
        "address": "600 Lombard St, Philadelphia, Pennsylvania, 19147, USA",
        "media": [
          "3117dc5d07138aebc0c85efc578fb302",
          "f2c45fc844c93e02504a757c128693ac",
          "c70547ba2eebea7e496d12f0555d8706"
        ]
      }
    },
    {
      "type": "Feature",
      "geometry": {
        "type": "Point",
        "coordinates": [
          -75.26526395903623,
          39.967647479521936
        ]
      },
      "properties": {
        "mural_name": "Stars of Philadelphia",
        "artist": "Arthur Haywood",
        "address": "7400 Lansdowne Ave, Philadelphia, Pennsylvania, 19151, USA",
        "media": [
          "ffbe10d423775ec3b3327cd06478caa1",
          "1a561e670002e1b1ce97c65eef46fc66",
          "a8e8c4a9b5f096c7eb776070d6f098ff",
          "1462747d8fa030da8a9d2c3a98c4602f"
        ]
      }
    },
    {
      "type": "Feature",
      "geometry": {
        "type": "Point",
        "coordinates": [
          -75.16148391794731,
          39.956399059837985
        ]
      },
      "properties": {
        "mural_name": "Start From Here",
        "artist": "Isaac Tin Wei Lin",
        "address": "1315 Race St, Philadelphia, Pennsylvania, 19107, USA",
        "media": [
          "614f3533b51d66b48a546221d20e0554"
        ]
      }
    },
    {
      "type": "Feature",
      "geometry": {
        "type": "Point",
        "coordinates": [
          -75.16213654512465,
          39.93114088299405
        ]
      },
      "properties": {
        "mural_name": "Start Here",
        "artist": "Amanda Miller",
        "address": "E Passyunk Ave St & Dickinson St, Philadelphia, Pennsylvania, 19147, USA",
        "media": [
          "9799b2891eee9a3ac21f1233590ac46c",
          "43e46ea53da9ae604f2d4387ba201342",
          "37f6d06a034c8644f73842abf6a61f73",
          "0baa71330dd97ecf566f5b54a8633446",
          "b111fe1631c7c2b139fab6e9f6bda51c",
          "e2dd010229e13140319565e5b8bb0235",
          "07fbb4eaa7e4f57a5c3e630e02db1231",
          "6127fe35f7e209b3bdf103be5e827a5d",
          "c5cf7236fb017d7ea3ed4cc4e2c57480",
          "c5cf7236fb017d7ea3ed4cc4e2c57480",
          "6c4ee74d9da7b193861edf15a61cf1ba",
          "6e08f4deb5af64196ee7eec704ab8713",
          "4dea53023f25e46707b01ab5f3453c43",
          "67ab400f42c142f7a28bcf677f18ebf9",
          "75c46211508068886d17c32124e7af45",
          "2f2cec05944268af27b4ac1e88a09ada"
        ]
      }
    },
    {
      "type": "Feature",
      "geometry": {
        "type": "Point",
        "coordinates": [
          -75.18699625789789,
          39.98880342147765
        ]
      },
      "properties": {
        "mural_name": "Stay Golden",
        "artist": "Gerald Brown",
        "address": "3328 W Diamond St, Philadelphia, Pennsylvania, 19121, USA",
        "media": [
          "bc6a5d4386d5d641e3e3fcc572e52194"
        ]
      }
    },
    {
      "type": "Feature",
      "geometry": {
        "type": "Point",
        "coordinates": [
          -75.08467886342318,
          40.011787179383916
        ]
      },
      "properties": {
        "mural_name": "Stearne Stars Lead the Way",
        "artist": "Walter Edmonds",
        "address": "1655 Unity St, Philadelphia, Pennsylvania, 19124, USA",
        "media": [
          "22d4651bc2c2c079e9fb6215c4b0fe86",
          "fcaf8ebe83bd3ff3bc02f3ce5d5560f6"
        ]
      }
    },
    {
      "type": "Feature",
      "geometry": {
        "type": "Point",
        "coordinates": [
          -75.18062110279432,
          39.96311235273799
        ]
      },
      "properties": {
        "mural_name": "Steps and Pyramid",
        "artist": "Jonathan Monk",
        "address": "Martin Luther King Jr Dr & Benjamin Franklin Pkwy, Philadelphia, Pennsylvania, 19130, USA",
        "media": [
          "461c382b00eeecc83154094cd254984f",
          "780c530a8784bf30ff1754687ad82fb0",
          "cdf5300a45f294f448be77f32c8f729f",
          "2f67403598653bfafac2536416eeec76",
          "6606ac8c7cf4ae1184def5ba8df2fcb2"
        ]
      }
    },
    {
      "type": "Feature",
      "geometry": {
        "type": "Point",
        "coordinates": [
          -75.18259490074907,
          39.97630707685705
        ]
      },
      "properties": {
        "mural_name": "Still Life",
        "artist": "Phillip Adams",
        "address": "1268 N Dover St, Philadelphia, Pennsylvania, 19121, USA",
        "media": [
          "aad63b3a9f72104ba5493882d8fc9d64",
          "0d1e1561f1f7ea25602208d2d00afb4f"
        ]
      }
    },
    {
      "type": "Feature",
      "geometry": {
        "type": "Point",
        "coordinates": [
          -75.1500992049398,
          39.9590685506828
        ]
      },
      "properties": {
        "mural_name": "Still Life with Matisse",
        "artist": "Lauren Whearty",
        "address": "421 N 7th St, Philadelphia, Pennsylvania, 19123, USA",
        "media": [
          "78ef89883489ffef977d81551ebba5a1",
          "c2be2f848c57727625276440ea2870b1"
        ]
      }
    },
    {
      "type": "Feature",
      "geometry": {
        "type": "Point",
        "coordinates": [
          -75.15864544801858,
          39.93696062287438
        ]
      },
      "properties": {
        "mural_name": "Still-life with Flower",
        "artist": "Heeseop Yoon",
        "address": "906 League St, Philadelphia, Pennsylvania, 19147, USA",
        "media": [
          "01f8cc81f0e420f05feebadd307c0475",
          "873c9b03fc9e878001271185c6bbecd2",
          "07ed664ae9c8a8c48c453903517b8548",
          "cc651db14dcbe6842fccd4a8f27919da",
          "59fded9d626e8a25c0a8a0e133266ed9",
          "d6622118661aff52134228b7ed6d866e",
          "8a925b7badd05fbb435d6228adfe064a"
        ]
      }
    },
    {
      "type": "Feature",
      "geometry": {
        "type": "Point",
        "coordinates": [
          -75.1690477,
          39.9654291
        ]
      },
      "properties": {
        "mural_name": "Stitching our Futures",
        "artist": "Jesse Krimes",
        "address": "1727-29 Mt. Vernon Street, Philadelphia, Pennsylvania, 19107, USA",
        "media": [
          "94a50e0d694965792b27eefb79a7be7b",
          "44121a94eb75fe99799a9c54189ddcd0",
          "18df9917bddd2dc322833bdfdbb32192",
          "b239bcd14e358ea40fb1752e1ec7c1d5",
          "7a7b4bef368abf1fa434b494a4e7d6e8",
          "988c396573096c879a406073769d73ce",
          "6a3feddbd46e4a361528b2ad3d5c631b",
          "21f86615a29b0958a06b59594ec36fcb",
          "b7f9bb1ce10438728ccfc5497dce13d6",
          "754bce6914b3d43d65df9df41b1ea21f",
          "2208fbf2ae30e295ceb246c9e61a4247",
          "2770956a8aaca398ae012db53f932a8c"
        ]
      }
    },
    {
      "type": "Feature",
      "geometry": {
        "type": "Point",
        "coordinates": [
          -75.16571385842164,
          39.966464226914226
        ]
      },
      "properties": {
        "mural_name": "Stop Domestic Violence / In Memory of Atiya Rodriguez",
        "artist": "Jane Golden",
        "address": "634 N 17th St, Philadelphia, Pennsylvania, 19130, USA",
        "media": [
          "959ce5fa33bf016eaf3b35928092ce7f"
        ]
      }
    },
    {
      "type": "Feature",
      "geometry": {
        "type": "Point",
        "coordinates": [
          -75.21021671199007,
          39.94442966916943
        ]
      },
      "properties": {
        "mural_name": "Stop for Life",
        "artist": "Cliff Eubanks",
        "address": "4607 Woodland Ave, Philadelphia, Pennsylvania, 19143, USA",
        "media": [
          "0805641ad0d4803bf1ecebae1a69d8b1"
        ]
      }
    },
    {
      "type": "Feature",
      "geometry": {
        "type": "Point",
        "coordinates": [
          -75.15692427054537,
          39.923288569606314
        ]
      },
      "properties": {
        "mural_name": "Stop the Violence",
        "artist": "Shira Walinsky",
        "address": "609 Snyder Ave, Philadelphia, Pennsylvania, 19148, USA",
        "media": [
          "02c587624519a3ca29a31fc4a1530186"
        ]
      }
    },
    {
      "type": "Feature",
      "geometry": {
        "type": "Point",
        "coordinates": [
          -75.17787255767081,
          39.93133490829033
        ]
      },
      "properties": {
        "mural_name": "Stop the Violence (Point Breeze)",
        "artist": "Philadelphia Anti-Graffiti Network (PAGN)",
        "address": "1617 S 20th St, Philadelphia, Pennsylvania, 19145, USA",
        "media": [
          "9d6178c7af865f3c5ba19deebea7f381",
          "81eb082fa989e6502b78bec40fff7362"
        ]
      }
    },
    {
      "type": "Feature",
      "geometry": {
        "type": "Point",
        "coordinates": [
          -75.17787255767081,
          39.93133490829033
        ]
      },
      "properties": {
        "mural_name": "Stop the Violence (Re-envisioning)",
        "artist": "Felix St. Fort",
        "address": "1617 S 20th St, Philadelphia, Pennsylvania, 19145, USA",
        "media": [
          "36634eed19fac59abf32847e23a4a843",
          "77011e1e2cfca17b708f1c1cf19dbe83",
          "20116add81347613ccafd495af92af62"
        ]
      }
    },
    {
      "type": "Feature",
      "geometry": {
        "type": "Point",
        "coordinates": [
          -75.13602434155464,
          39.98497486746619
        ]
      },
      "properties": {
        "mural_name": "Stories from the Square",
        "artist": "Henry Bermudez",
        "address": "2251 N 2nd St, Philadelphia, Pennsylvania, 19133, USA",
        "media": [
          "2837d25e2e024bacea39f5f1f2a3f502"
        ]
      }
    },
    {
      "type": "Feature",
      "geometry": {
        "type": "Point",
        "coordinates": [
          -75.22524214142851,
          39.956491075831444
        ]
      },
      "properties": {
        "mural_name": "Storytellers: Past, Present, Future, Forever",
        "artist": "Parris Stancell",
        "address": "221 S 52nd St, Philadelphia, Pennsylvania, 19139, USA",
        "media": [
          "1af2e0390b4acfbdf9beea082547a0ef",
          "02c0a735a1f483c2affe6f6acf9f471e",
          "efeab1041bd11399a150c05c127ba12b",
          "5bb64d44bab7e7df690f8d601b4c5310",
          "26dcbf7c74e01969d4cc02df09f8b00d"
        ]
      }
    },
    {
      "type": "Feature",
      "geometry": {
        "type": "Point",
        "coordinates": [
          -75.19038340000002,
          39.98244922819014
        ]
      },
      "properties": {
        "mural_name": "Strawberry Mansion Legacy Courts",
        "artist": "James McMenamin",
        "address": "N 33rd & W Oxford St, Philadelphia, Pennsylvania, 19121, USA",
        "media": [
          "c2b99a6803227506e92d79a6803e30e0",
          "6cffcc791e4750ded86c182a592506b1",
          "9856cdb9b50acc0b98f76543bb4ece08",
          "8a2a4a238e85115a8700ba3d066a2a06",
          "85bbdd478e02eaa6418cfd6ac692db30"
        ]
      }
    },
    {
      "type": "Feature",
      "geometry": {
        "type": "Point",
        "coordinates": [
          -75.1827935270101,
          39.98912648156932
        ]
      },
      "properties": {
        "mural_name": "Street Knowledge",
        "artist": "Gabe Tiberino",
        "address": "2125 N Stanley St, Philadelphia, Pennsylvania, 19121, USA",
        "media": [
          "07212731bd7ac64098cb55c65e6c8cca",
          "59a875615ea9ff4c28d511bed276955f"
        ]
      }
    },
    {
      "type": "Feature",
      "geometry": {
        "type": "Point",
        "coordinates": [
          -75.14932037140619,
          39.936723556495956
        ]
      },
      "properties": {
        "mural_name": "Street Lagoon",
        "artist": "Stacy Levy",
        "address": "Christian St at S Orianna St, Philadelphia, Pennsylvania, 19147, USA",
        "media": [
          "47a918f24dcb363a465edeed6d453985",
          "d377e12ff3119f6915b117785af47bb1",
          "823c8a0b2a221f6dc8bfc51c2baddd64",
          "2c4fbe5ae8c1680a6b1137206d52a038",
          "e20b5dc965c685ac7d014f5fb9299996"
        ]
      }
    },
    {
      "type": "Feature",
      "geometry": {
        "type": "Point",
        "coordinates": [
          -75.22220334308376,
          39.960396080012984
        ]
      },
      "properties": {
        "mural_name": "Streets of West Philadelphia",
        "artist": "Eric Okdeh",
        "address": "5127 Market St, Philadelphia, Pennsylvania, 19139, USA",
        "media": [
          "221ea06c906b57304d72405197ec6432"
        ]
      }
    },
    {
      "type": "Feature",
      "geometry": {
        "type": "Point",
        "coordinates": [
          -75.178191,
          39.95391
        ]
      },
      "properties": {
        "mural_name": "Strength In Our Bonds",
        "artist": "Ernel Martinez",
        "address": "2300 Market St, Philadelphia, Pennsylvania, 19103, USA",
        "media": [
          "f31d9efe986b8aaac216cad4bd531326",
          "24a5b17b0391c34810a75234a662f7cf",
          "bb937fdc5a06cde802548716177027f7",
          "9edf9b96a6c2b9c49e99f15dc1bb1a98",
          "8f608920f19fce107907988935a0fbd7",
          "596802c3883fbb7f457e354c697bc814",
          "a2d83c59a83aac03172e5b19e64477fa",
          "8d618762521593f7c3be394a78d36fef",
          "6589bd9751c4786a9fa2789708a83f1e",
          "2515148b5050b3127ce4fb8ff6f896bc"
        ]
      }
    },
    {
      "type": "Feature",
      "geometry": {
        "type": "Point",
        "coordinates": [
          -75.1706795615145,
          39.96339849598403
        ]
      },
      "properties": {
        "mural_name": "Stronger Together",
        "artist": "Cesar Viveros",
        "address": "1924 Spring Garden St, Philadelphia, Pennsylvania, 19130, USA",
        "media": [
          "eb567f411eaaa81772ed9b28c8d5fe47"
        ]
      }
    },
    {
      "type": "Feature",
      "geometry": {
        "type": "Point",
        "coordinates": [
          -75.16686270260283,
          39.95428444063965
        ]
      },
      "properties": {
        "mural_name": "Subterranean Permutation",
        "artist": "Andréa Grasso",
        "address": "1617 JFK Blvd, Philadelphia, Pennsylvania, 19103, USA",
        "media": [
          "6565f370b730ad5b222ebf3acd6497b7",
          "24518a9f18bda1be767a5dfe8b43f636",
          "ec4c69bb2690c354dcf8722d7e9995b6",
          "5fb9a992602212fc1359b92e29e92a98",
          "88a460c4d193a212cb38a9627cc2e8d8",
          "7660959cbd4b29658aec4e7134d8a6e1",
          "9b817a33f1e1b7dc0e9d2c996d2a9074",
          "e5525c75a65d7264a31a161d45324201"
        ]
      }
    },
    {
      "type": "Feature",
      "geometry": {
        "type": "Point",
        "coordinates": [
          -75.16683115289523,
          39.95386494628203
        ]
      },
      "properties": {
        "mural_name": "Suburban Sun",
        "artist": "Phillip Adams",
        "address": "16th St & John F. Kennedy Blvd, Philadelphia, Pennsylvania, 19103, USA",
        "media": [
          "59164d172defc5fa5ad533c25ba1326a",
          "1cae5be5c06cf0f1687ea5a4be8e585b",
          "a5fb6a0c386e5da31fb002debc925ad5",
          "0d175e1b5406a917bf74c3ef2456ffc1",
          "75952efff198099d0a8d426c99656ef1",
          "4ce4e45072a73bd648173441abbb473b",
          "d94c7b85111f2099528dbdc60e18af5f",
          "3916ebeb32d73c93f1b0f9dee540d2af",
          "3f4c2d36d4cd08b1ee82a879cc683eae",
          "1702930e9c52a7154e769ef14144fb92",
          "a8f50ec629c3a8bc0b9914424c44eaa4"
        ]
      }
    },
    {
      "type": "Feature",
      "geometry": {
        "type": "Point",
        "coordinates": [
          -75.1461563584228,
          39.932479232637846
        ]
      },
      "properties": {
        "mural_name": "Summary of Mummery",
        "artist": "Robert Bruce Bullock",
        "address": "1110 S Front St, Philadelphia, Pennsylvania, 19147, USA",
        "media": [
          "0804a48093ed8a817688f31467e24fa9"
        ]
      }
    },
    {
      "type": "Feature",
      "geometry": {
        "type": "Point",
        "coordinates": [
          -75.15770615715161,
          39.93916666449087
        ]
      },
      "properties": {
        "mural_name": "Summer - The Meeting",
        "artist": "David Guinn",
        "address": "235 Queen St, Philadelphia, Pennsylvania, 19147, USA",
        "media": [
          "0d6fdba9541ae8d9ede9a9d5d45b71a6"
        ]
      }
    },
    {
      "type": "Feature",
      "geometry": {
        "type": "Point",
        "coordinates": [
          -75.14575667512423,
          40.02147599530112
        ]
      },
      "properties": {
        "mural_name": "Summer Birds and Violets",
        "artist": "Eurhi Jones",
        "address": "1223 W Wingohocking St, Philadelphia, Pennsylvania, 19140, USA",
        "media": [
          "0308b3952fcc58f3746d6ecbb8acdf86"
        ]
      }
    },
    {
      "type": "Feature",
      "geometry": {
        "type": "Point",
        "coordinates": [
          -75.14618234492957,
          39.98372185633772
        ]
      },
      "properties": {
        "mural_name": "Summer Garden",
        "artist": "Sarah McEneany",
        "address": "2105 N Franklin St, Philadelphia, Pennsylvania, 19122, USA",
        "media": [
          "9b93d662c09275d8e1e2d0213661e9ac"
        ]
      }
    },
    {
      "type": "Feature",
      "geometry": {
        "type": "Point",
        "coordinates": [
          -75.17882287389627,
          39.96407744094902
        ]
      },
      "properties": {
        "mural_name": "Summer Kaleidoscope",
        "artist": "Jessica Unterhalter",
        "address": "2451 Benjamin Franklin Pkwy, Philadelphia, Pennsylvania, 19130, USA",
        "media": [
          "04f8014dc91b05e12dbb7dfaf44e4a74",
          "0967f1e40ca19225b4c1b307928378b4",
          "7ee679cfc64c8534cfc600d3cfd0fd05",
          "170c5befc2e5f45a6029f0b61938852f",
          "9feab431908274f416a9dca4cbab47e0"
        ]
      }
    },
    {
      "type": "Feature",
      "geometry": {
        "type": "Point",
        "coordinates": [
          -75.22911227186529,
          39.9605334116377
        ]
      },
      "properties": {
        "mural_name": "Summer of Love",
        "artist": "Gabriele Tiberino",
        "address": "5424 Market St, Philadelphia, Pennsylvania, 19139, USA",
        "media": [
          "6904dddbaeae7e258cd69cec548f6e80",
          "35589180d7337d0d4a865cae92fc0589"
        ]
      }
    },
    {
      "type": "Feature",
      "geometry": {
        "type": "Point",
        "coordinates": [
          -75.17375244307763,
          39.951316921346155
        ]
      },
      "properties": {
        "mural_name": "Summer Rendezvous",
        "artist": "David Guinn",
        "address": "2000-02 Sansom St, Philadelphia, Pennsylvania, 19103, USA",
        "media": [
          "7f74dc1134a59bd32717b3c240848f00",
          "d21657d8908d21faf6aae42ac38b58ab"
        ]
      }
    },
    {
      "type": "Feature",
      "geometry": {
        "type": "Point",
        "coordinates": [
          -75.14959392280367,
          39.93906739187004
        ]
      },
      "properties": {
        "mural_name": "Sunday Morning",
        "artist": "Sierra Montoya Barela",
        "address": "749 S 4th St, Philadelphia, Pennsylvania, 19147, USA",
        "media": [
          "668fb642da7e94b948b7abcf089e50b0",
          "bfc90e5fb8926c7b3e7554cec205ba60"
        ]
      }
    },
    {
      "type": "Feature",
      "geometry": {
        "type": "Point",
        "coordinates": [
          -75.15501690260265,
          39.960655943680806
        ]
      },
      "properties": {
        "mural_name": "Sundial",
        "artist": "Matt Moore",
        "address": "448 N 10th St, Philadelphia, Pennsylvania, 10123, USA",
        "media": [
          "5a487c490da0b033a0f1d4ca2e56286a",
          "ad066fe43c8969175f77822e96055d2a"
        ]
      }
    },
    {
      "type": "Feature",
      "geometry": {
        "type": "Point",
        "coordinates": [
          -75.1253651961395,
          40.001081864001065
        ]
      },
      "properties": {
        "mural_name": "Sundown / Puesta del Sol",
        "artist": "David Serotkin",
        "address": "243 E Ontario St, Philadelphia, Pennsylvania, 19134, USA",
        "media": [
          "90a34941fbd3a3323e01552f391c75d3"
        ]
      }
    },
    {
      "type": "Feature",
      "geometry": {
        "type": "Point",
        "coordinates": [
          -75.15900127376514,
          39.99897513847969
        ]
      },
      "properties": {
        "mural_name": "Sunflowers (Memorial to Amy Willard)",
        "artist": "Ana Uribe",
        "address": "N 17th & W Indiana Ave, Philadelphia, Pennsylvania, 19132, USA",
        "media": [
          "f452a69f826ae3169af33c5d3f4a1b0d"
        ]
      }
    },
    {
      "type": "Feature",
      "geometry": {
        "type": "Point",
        "coordinates": [
          -75.16734098110335,
          39.96537368507108
        ]
      },
      "properties": {
        "mural_name": "Sunset Corridor",
        "artist": "Alumbra",
        "address": "1800 Mt Vernon St, Philadelphia, Pennsylvania, 19130, USA",
        "media": [
          "cbcf1e706c3b5089f6653a3b38524346",
          "536042541bee23d099bed59b4683b39e",
          "cf2ba674942ecda906def77060c58722",
          "54f7c6bff03d453366fa53ac2888dd43",
          "b2ec69390e2cdc51c51dc3b82392c1d7",
          "6283cf7cca86489342998f0aa4fada48",
          "e4b21d249508253d97138e4b5b92b86b",
          "6a5e69cb3429e82aff9f095218a2a31f",
          "7f2efa1c3a4b01e3ca6477ad2247769e",
          "b035744798edcc50cd0afd48b009a58f",
          "32190697b0a2bf0cf46d8c99b9b5f3cd",
          "2e46426aeee9292260092e8b5faa4539",
          "f04f399aa433352e38d921474f6a2c19",
          "7ce43b8a1929b45033111de817714a51",
          "bd3eb976392ec9e313d6dc019b7826d7",
          "33eb999f7ec1e8e425ccb620e522d557"
        ]
      }
    },
    {
      "type": "Feature",
      "geometry": {
        "type": "Point",
        "coordinates": [
          -75.16593870520045,
          40.02423966002494
        ]
      },
      "properties": {
        "mural_name": "Sunshine Surrounds Us",
        "artist": "Willis \"Nomo\" Humphrey",
        "address": "4740 Wayne Ave, Philadelphia, Pennsylvania, 19144, USA",
        "media": [
          "8d85295e7e8afdc351f8e0e608a405f5",
          "bbf1268e6ef645c0897074122f9dc255",
          "3c2c3f4642638ec7641499c880a88b99",
          "a9b16b13ab2f55132b0b2dc90e3d7936",
          "ba5b59ec16167d26281eb16fb4648ffd"
        ]
      }
    },
    {
      "type": "Feature",
      "geometry": {
        "type": "Point",
        "coordinates": [
          -75.01809291609034,
          40.07593599124417
        ]
      },
      "properties": {
        "mural_name": "Super Bowl LIX Mural (City of Champions Mural Extension 2025)",
        "artist": "David McShane",
        "address": "2701 Grant Ave, Philadelphia, Pennsylvania, 19114, USA",
        "media": [
          "fff35670d8d2a183cee0718838e4c763",
          "863eccfb6cdaf3f39b6ff41390b24521"
        ]
      }
    },
    {
      "type": "Feature",
      "geometry": {
        "type": "Point",
        "coordinates": [
          -75.16391467915557,
          39.98762660741715
        ]
      },
      "properties": {
        "mural_name": "Susquehanna District mural by Gerald Davis, 2159 North 19th Street",
        "artist": "Gerald Davis",
        "address": "2159 N 19th St, Philadelphia, Pennsylvania, 19121, USA",
        "media": [
          "c24fe2d5ee387d0b5c786c6c74125209"
        ]
      }
    },
    {
      "type": "Feature",
      "geometry": {
        "type": "Point",
        "coordinates": [
          -75.15179308777876,
          39.947308108392136
        ]
      },
      "properties": {
        "mural_name": "Sweet Chariot: The Long Journey to Freedom Through Time",
        "artist": "Marisa Williamson",
        "address": "210 W Washington Square, Philadelphia, Pennsylvania, 19106, USA",
        "media": [
          "bacea1bcd2b27f587a3158d40f073557"
        ]
      }
    },
    {
      "type": "Feature",
      "geometry": {
        "type": "Point",
        "coordinates": [
          -75.01367799719515,
          40.09234619695993
        ]
      },
      "properties": {
        "mural_name": "Swenson Travels the World ",
        "artist": "Cathleen Hughes",
        "address": "2750 Red Lion Rd, Philadelphia, Pennsylvania, 19154, USA",
        "media": [
          "6fc08d38e4d53151f7ca22b6a75feba1",
          "f1e86e071bdaa28024d9453c6d41b95a"
        ]
      }
    },
    {
      "type": "Feature",
      "geometry": {
        "type": "Point",
        "coordinates": [
          -75.23474665812579,
          39.948624533555865
        ]
      },
      "properties": {
        "mural_name": "Swim Philly: Christy Recreation Center",
        "artist": "Gabe Tiberino",
        "address": "5571 Christian St, Philadelphia, Pennsylvania, 19143, USA",
        "media": [
          "8dcf517140ae0fcf4198ea07e932b5d8",
          "94ce0184391bab66f8d568b8ee05c88d",
          "d7d055a82944473ce3611a76c200d47a",
          "cecf735024561818d25870973ec20203",
          "08318825b0b324253f348728c475b80a",
          "e851b72a24d497f31585733823ed362e",
          "c7b6126f0a00f64d335250e5ef95b18b",
          "9958f21a798a65867e29d13c6c2a1601",
          "eed6dc8c52727bbf17b7ae7463119d56",
          "9138151fc3077e882fe0d06e92d97cc6"
        ]
      }
    },
    {
      "type": "Feature",
      "geometry": {
        "type": "Point",
        "coordinates": [
          -75.09819737393394,
          39.99765830105639
        ]
      },
      "properties": {
        "mural_name": "Swim Philly: Heitzman Recreation Center",
        "artist": "NDA",
        "address": "3645 Amber St, Philadelphia, Pennsylvania, 19134, USA",
        "media": [
          "dd9e2542ec07ff286c62013f3df4a1b5",
          "57b3e3ebd7fbc7461c5cf3800dec3c46",
          "276ec36490bc63e0b4eb7171e3d21bbb",
          "dd5c58a8111df4e4b9f4fdb439ef4019",
          "f2c226cd1f6de42afe2c6faf13a20eb0",
          "5be232343c4f65e359b71eaeefedd10b",
          "5d44091f248696551ca3f0aa16c18514",
          "d91a74cc8f67d707d9805c6da2aa6dc5",
          "9a24e6b857d6f6e8f75da9eb0715b11b"
        ]
      }
    },
    {
      "type": "Feature",
      "geometry": {
        "type": "Point",
        "coordinates": [
          -75.14258246907325,
          40.017857073513575
        ]
      },
      "properties": {
        "mural_name": "Swim Philly: Hunting Park Recreation Center",
        "artist": "NDA",
        "address": "1101 W Hunting Park Ave, Philadelphia, Pennsylvania, 19140, USA",
        "media": [
          "8fd44095328db59526b3f1001e6d78d3",
          "e039864bce9a989afbe2446a342b3554",
          "a656bc2702ac015535907682932a6160",
          "7344263cdf3b7ddc1a56bda570039ed1",
          "4789d3d5a948778cdf1fbab53c1e34ce",
          "bcbf43bac54bb500df2e94bccbca4308",
          "5ddebec0d730da92668473ec23f809b9",
          "5ddebec0d730da92668473ec23f809b9",
          "8fb6925a5268579f26714fa7656b7857",
          "26c52753d21bcd201e59440476ba2535",
          "a1f5bcb50994238c61b9811d5e4c111e",
          "6df3942f3ebd968274a1bfb484c847ea",
          "96f85dd699b2ecee0c48714be082db87",
          "707d392d33361020b8f08b0489e618ea",
          "d2838825b1126c3a7a66b51de0991deb"
        ]
      }
    },
    {
      "type": "Feature",
      "geometry": {
        "type": "Point",
        "coordinates": [
          -75.12058712558603,
          40.00054570688319
        ]
      },
      "properties": {
        "mural_name": "Swim Philly: McVeigh Pool",
        "artist": "Carlos \"Calo\" Rosa",
        "address": "400-64 E Ontario St, Philadelphia, Pennsylvania, 19134, USA",
        "media": [
          "5f7b8b3225ce98d36bfe416533db9188",
          "c5bff6a9c218efdd3037cebc57f2557b",
          "7e2ff9029235f82cb03b629b902b8ca9",
          "783b7886280f05f30bdb7174202a1137",
          "af2e1401ae74477d7887c036f576540a",
          "b94a96477e339b05f1656e0688195dea",
          "f43def863ed81648781668f45e06d50b",
          "72f02a42a5590f942e164e3939ec4fcf",
          "a775a25facf4db92ff96ff1af5e0beaa",
          "a49d74bbdc8942741803dc083375c5a9",
          "2428a44ec3dccf44eefff2f7489805cc",
          "70d4270cd98707475a86c08419ec1a5d",
          "227b897c3efd8933cf7293c3bf518514"
        ]
      }
    },
    {
      "type": "Feature",
      "geometry": {
        "type": "Point",
        "coordinates": [
          -75.1821169730906,
          40.0569754424538
        ]
      },
      "properties": {
        "mural_name": "Swim Philly: Pleasant Playground",
        "artist": "Carlos \"Calo\" Rosa",
        "address": "6757 Chew Ave, Philadelphia, Pennsylvania, 19119, USA",
        "media": [
          "b1881dfa0d1b67c76b78fe71c26f957d",
          "5ed80f5361684e6794779da11a268897",
          "9b78b9dd92f29335632bb61ba137f1b7",
          "e85df26ada131ecaa57cedcdc03dbefd",
          "03a52e058fa48739837ed992f9166d66",
          "63e500e5193b178f9b04664f374ce9e0"
        ]
      }
    },
    {
      "type": "Feature",
      "geometry": {
        "type": "Point",
        "coordinates": [
          -75.10809700151285,
          40.000933656887064
        ]
      },
      "properties": {
        "mural_name": "Swim Philly: Scanlon Recreation Center",
        "artist": "Serena Saunders (aka MsPassionArt)",
        "address": "3510 J St, Philadelphia, Pennsylvania, 19134, USA",
        "media": [
          "ac83c55d67382b77a137a91925f69fa6",
          "1faae57f45812516118395d22ea405c9",
          "fe16e6ea0f683e502c94470d31c19373",
          "023bae02eec7958485dac3e2a552e7d0",
          "8c0f404922462fb824c8a2294fe336bd",
          "f4a8a38fc1915dff9353b94e6bda355c",
          "e5e9f2540eb0807ea4873b3cb6ec5467",
          "7c302faca8746f6d6c6fff50733475a7",
          "81f3757e442fa994c4e81f9b8fca9437",
          "be7064a4954d769676fd9e0f26f6ff6a",
          "11fa0b33be52f70df2d2edcd95e8885c",
          "723158e7744da369c5c5cba99ffaddb6",
          "477e31fb2556080cf5aeec36ce3e9df8",
          "214f83b7d2764be5302c1a9f9a9d6420",
          "a02d7828e4b9bc5a2de484fd3cf28aa4",
          "12d17a9663b85bb27c6af39226e4b334",
          "cbf7a104b94a82e6d41ce0fe1e57122b",
          "870dfc4c77bb98abafab60fda5afc666"
        ]
      }
    },
    {
      "type": "Feature",
      "geometry": {
        "type": "Point",
        "coordinates": [
          -75.24031963872774,
          39.98197151357843
        ]
      },
      "properties": {
        "mural_name": "Swim Philly: Tustin Recreation Center",
        "artist": "Serena Saunders (aka MsPassionArt)",
        "address": "1971 N 60th St, Philadelphia, Pennsylvania, 19151, USA",
        "media": [
          "bd2cbb0214c36a51314af35851399edb",
          "5a750b20e79fbefcd92763cfff73bd6a",
          "c22ea1cf71d1da98e887fc6bbb140e92",
          "fc3b46a409b8b13f67740a90a9a8725d",
          "1c1f8c23049bdfc40e5382730f8246ca",
          "bc6f59fda9f79a6f5fd9fef2c35297e6",
          "933799ba1e04ea8f3428e7ff1915c343",
          "59fb03a43341ef25d7e7f35f37cdceb4",
          "ba6bf2deb1cb908ff14bdf00c451d023",
          "3e66f2aa305dc9eda9074698f13d4528",
          "2defc1b232030e3e8537f924d2ddbb54",
          "9b1822e4d33aeb52cc00c10e998ac579",
          "8719b74d0525b24a2b2bb58917e56368",
          "c136803255e3c7bd9fb50547ad5cc214"
        ]
      }
    },
    {
      "type": "Feature",
      "geometry": {
        "type": "Point",
        "coordinates": [
          -75.17794701002907,
          40.05425364873827
        ]
      },
      "properties": {
        "mural_name": "Symbiosis",
        "artist": "Kala Hagopian @HagopianArts",
        "address": "6501 Chew Ave, Philadelphia, Pennsylvania, 19119, USA",
        "media": [
          "2d4fb57b83e3651dd8f8ff0e8e1357d2",
          "4e305c57c2eb6c7f8f144e452627eb4b",
          "0a95eaf8e21368de94c59edac9395c78",
          "0797d63975e4ea1945901c3d06fd2a02",
          "6dcb6469be46fda6346461a77a1e572d"
        ]
      }
    },
    {
      "type": "Feature",
      "geometry": {
        "type": "Point",
        "coordinates": [
          -75.16809463318663,
          39.954674291460805
        ]
      },
      "properties": {
        "mural_name": "Symbolic Building of a City",
        "artist": "Michael Webb",
        "address": "70 N 17th St, Philadelphia, Pennsylvania, 19103, USA",
        "media": [
          "f67953d1cae0322d5450476059640f43",
          "46f0905a7e535813240da0e020fb149d"
        ]
      }
    },
    {
      "type": "Feature",
      "geometry": {
        "type": "Point",
        "coordinates": [
          -75.17566896108981,
          39.953748977983764
        ]
      },
      "properties": {
        "mural_name": "Symbols of Change",
        "artist": "Donald Gensler",
        "address": "2110 Market St, Philadelphia, Pennsylvania, 19103, USA",
        "media": [
          "f33189384a6ed8811119aaf4c9c20b52"
        ]
      }
    },
    {
      "type": "Feature",
      "geometry": {
        "type": "Point",
        "coordinates": [
          -75.14455892239172,
          39.9585996873635
        ]
      },
      "properties": {
        "mural_name": "Symone Salib Project at 444 North 3rd Street",
        "artist": "Symone Salib",
        "address": "444 N 3rd St, Philadelphia, Pennsylvania, 19123, USA",
        "media": [
          "04e548addd157b556bd96cd9c4ebebc9",
          "5f5fa07e99141013f8f6f8db8d638a70",
          "e88a3c771b9835ef40dddfd5809c2b4c",
          "7fc41e16783b4927fc7865cadaca82a8",
          "c8bab44e33d7507414a677e95e1397a3"
        ]
      }
    },
    {
      "type": "Feature",
      "geometry": {
        "type": "Point",
        "coordinates": [
          -75.01647220739045,
          40.03031848598918
        ]
      },
      "properties": {
        "mural_name": "Take Flight",
        "artist": "Ali M. Williams",
        "address": "8151 State Road, Philadelphia, Pennsylvania, 19136, USA",
        "media": [
          "113db06ec2c20be1c2db6527946b484e",
          "a074864bc2505b4e4a15008cdd27671a",
          "9ada99cf56d48a868ff4862a12dccce7",
          "ba8f6de2ff0d82ede326b69095ad0bf4",
          "fa52123c9a419a215754942cc2a14fbd",
          "619ed2f296e101a0f98f6d2c55609d87"
        ]
      }
    },
    {
      "type": "Feature",
      "geometry": {
        "type": "Point",
        "coordinates": [
          -75.17112074994384,
          39.956212744693055
        ]
      },
      "properties": {
        "mural_name": "Take Up Space: Going Beyond Boundaries with Women in Technology",
        "artist": "Serena Saunders (aka MsPassionArt)",
        "address": "1915 Arch St, Philadelphia, Pennsylvania, 19103, USA",
        "media": [
          "8071963667e43d54ff3f60f18ed66958",
          "eee0279f49b0f586d4766d011d97a8b7",
          "5b40dd67eed64042c61bb6f47b0ec931"
        ]
      }
    },
    {
      "type": "Feature",
      "geometry": {
        "type": "Point",
        "coordinates": [
          -75.14848691621776,
          39.93299388916932
        ]
      },
      "properties": {
        "mural_name": "Tall Ships",
        "artist": "Robert Bruce Bullock",
        "address": "232 Federal St, Philadelphia, Pennsylvania, 19147, USA",
        "media": [
          "5255400d9be71b9cd180c0a8dbf4e140"
        ]
      }
    },
    {
      "type": "Feature",
      "geometry": {
        "type": "Point",
        "coordinates": [
          -75.13977128911,
          39.99278401333515
        ]
      },
      "properties": {
        "mural_name": "Taller Puertorriqueño",
        "artist": "Parris Stancell",
        "address": "2721 N 5th St, Philadelphia, Pennsylvania, 19133, USA",
        "media": [
          "1e8c72112e3037c877e88d49186848c8",
          "e4b2bbe8023c4be30ec96f2b3919985c"
        ]
      }
    },
    {
      "type": "Feature",
      "geometry": {
        "type": "Point",
        "coordinates": [
          -75.16312605842234,
          39.946816808066366
        ]
      },
      "properties": {
        "mural_name": "Taste of Summer",
        "artist": "Ann Northrup",
        "address": "1312 Spruce St, Philadelphia, Pennsylvania, 19107, USA",
        "media": [
          "abd7090acbc5b2360053fdc71e1da3b5",
          "2e3dc6bfec8eb5efb08d945836abcde2",
          "f56af47290cc150b4d76f4734addea25",
          "8b7254b4ddd5b82b4cde4410ae237c26"
        ]
      }
    },
    {
      "type": "Feature",
      "geometry": {
        "type": "Point",
        "coordinates": [
          -75.1939290684183,
          39.89762068101771
        ]
      },
      "properties": {
        "mural_name": "Tastykake",
        "artist": "Sam Donovan",
        "address": "4300 S 26th St, Philadelphia, Pennsylvania, 19112, USA",
        "media": [
          "0c1653c595533ad743b787417291bce9"
        ]
      }
    },
    {
      "type": "Feature",
      "geometry": {
        "type": "Point",
        "coordinates": [
          -75.22305437376392,
          40.037493264623365
        ]
      },
      "properties": {
        "mural_name": "Te oigo mi hermano / I hear you brother",
        "artist": "Carlos \"Calo\" Rosa",
        "address": "6498 Ridge Ave, Philadelphia, Pennsylvania, 19128, USA",
        "media": [
          "212ef92f2e6d07c7e151e94a193ca85e",
          "629d092b1267abc29c4567598f1820d5",
          "d01875eb456d3d24d50d78b2fdd9d6b4",
          "b10eb1c11f4cf6871eec2694d4046a26",
          "ca5e81457ac0889e3917a2c9d5942cb9",
          "84dd83317225b4f60f99fb7aa9f80fda",
          "eb16329828355d19296c14302e16882a",
          "11fef9271cb67f7a937d9ee2953cf6ab"
        ]
      }
    },
    {
      "type": "Feature",
      "geometry": {
        "type": "Point",
        "coordinates": [
          -75.15592916260938,
          39.99262352542765
        ]
      },
      "properties": {
        "mural_name": "Tell Me What You See",
        "artist": "James Burns",
        "address": "1453 W Huntingdon St, Philadelphia, Pennsylvania, 19132, USA",
        "media": [
          "129cbb84fffb3c0cdbfd0502aa6c047f",
          "3e89676cfa7e65b99ce9e3c86a5cc472",
          "2868106568c40475f0e37678d7b0969d",
          "65fb5ac8ebceb2d48d1539eb2b7bf019",
          "129cbb84fffb3c0cdbfd0502aa6c047f",
          "c57f81633acb06f83d0353ea714c573a"
        ]
      }
    },
    {
      "type": "Feature",
      "geometry": {
        "type": "Point",
        "coordinates": [
          -75.12318997561852,
          39.99150661498155
        ]
      },
      "properties": {
        "mural_name": "Temporary Crochet Work by Jessica Curtaz (Community Artist Services at Kensington Storefront)",
        "artist": "Jessica Curtaz",
        "address": "2774 Kensington Avenue, Philadelphia, Pennsylvania, 19134, USA",
        "media": [
          "f7f5dc72d1805cc2a1c388ac5ff225c0",
          "48957140fbadd325494f67856e89ad18",
          "c92e1194c958a8d28d559dd56108d6dd",
          "21613f1e2d4f49739cebda87ca8c073f",
          "c05bf05d141755c477dfe1bed4b0d06c",
          "42c377b971e4effcaefe157eaecaa022",
          "01ea948ef106c8bb21e8c9a8ed2e9e90",
          "7d6235c20fa2d60d04929c358042b177",
          "fe7cb7008baa9b31e9157fb05e510c07"
        ]
      }
    },
    {
      "type": "Feature",
      "geometry": {
        "type": "Point",
        "coordinates": [
          -75.11705673979883,
          39.99675905338565
        ]
      },
      "properties": {
        "mural_name": "Tessera II",
        "artist": "Mat Tomezsko",
        "address": "722 E Allegheny Ave, Philadelphia, Pennsylvania, 19134, USA",
        "media": [
          "8c8a80cf767bd1b5ceb4a0f409dedf56",
          "ec3403bb29e4b4cdb388cbe9b71e02d9",
          "9c350fd06a5bca0313d3c9c052a4130e",
          "664a5c607f36e9b06ef38b2d1bc49cb3"
        ]
      }
    },
    {
      "type": "Feature",
      "geometry": {
        "type": "Point",
        "coordinates": [
          -75.20709200396253,
          39.962751243597125
        ]
      },
      "properties": {
        "mural_name": "Thank You, Mr. Blackwell!",
        "artist": "Peter Pagast",
        "address": "4203 Haverford Ave, Philadelphia, Pennsylvania, 19104, USA",
        "media": [
          "b69e02d3be53dbc6bbdcb5f0db97b456"
        ]
      }
    },
    {
      "type": "Feature",
      "geometry": {
        "type": "Point",
        "coordinates": [
          -75.19000199278774,
          39.96645978672109
        ]
      },
      "properties": {
        "mural_name": "Thanks for the Memories: Honoring Rev. Dr. Andrew Jenkins",
        "artist": "Felix St. Fort",
        "address": "667 N 33rd St, Philadelphia, Pennsylvania, 19104, USA",
        "media": [
          "0d98d53f774f8d23abe68b2f4b15f32a"
        ]
      }
    },
    {
      "type": "Feature",
      "geometry": {
        "type": "Point",
        "coordinates": [
          -75.17894630616311,
          39.97716385294944
        ]
      },
      "properties": {
        "mural_name": "The Abundant City",
        "artist": "Eurhi Jones",
        "address": "2632 Master St, Philadelphia, Pennsylvania, 19121, USA",
        "media": [
          "ef95d2da095911c29deeaa366ac1fc0a",
          "feeb186b89cdf95a0ebcd35402448c18",
          "00b580c3bcd7f7dd1e75dff6e4d1d4d4",
          "81b8cf5f46bc00c820faceef78861266"
        ]
      }
    },
    {
      "type": "Feature",
      "geometry": {
        "type": "Point",
        "coordinates": [
          -75.1389457,
          39.9999273
        ]
      },
      "properties": {
        "mural_name": "The Always Present Curative Force",
        "artist": "Cesar Viveros",
        "address": "401 W Allegheny Ave, Philadelphia, Pennsylvania, 19133, USA",
        "media": [
          "6cf3515bb4fcb4ae16f7dd7f4a55fd58"
        ]
      }
    },
    {
      "type": "Feature",
      "geometry": {
        "type": "Point",
        "coordinates": [
          -75.13952221252254,
          39.984131179302224
        ]
      },
      "properties": {
        "mural_name": "The Angel Coming Down",
        "artist": "Frito Bastien",
        "address": "2150 N 4th St, Philadelphia, Pennsylvania, 19122, USA",
        "media": [
          "3e98c933a7e5415e93e869d6e55b2577"
        ]
      }
    },
    {
      "type": "Feature",
      "geometry": {
        "type": "Point",
        "coordinates": [
          -75.14672120803148,
          40.05178589029948
        ]
      },
      "properties": {
        "mural_name": "The Archaelogy of Art",
        "artist": "Patricia Ingersoll",
        "address": "1701 W Chelten Ave, Philadelphia, Pennsylvania, 19126, USA",
        "media": [
          "776ed4ed33ffdea4627de3a8710b1164",
          "837fbf99b4173da0a138c55753d05bae"
        ]
      }
    },
    {
      "type": "Feature",
      "geometry": {
        "type": "Point",
        "coordinates": [
          -75.14809334353619,
          39.963909594601255
        ]
      },
      "properties": {
        "mural_name": "The Arts",
        "artist": "Bryan Guglielmi",
        "address": "601 Fairmount Ave, Philadelphia, Pennsylvania, 19123, USA",
        "media": [
          "27946a7b55e8b7e62ed75e514ce3f13a"
        ]
      }
    },
    {
      "type": "Feature",
      "geometry": {
        "type": "Point",
        "coordinates": [
          -75.24149367984627,
          39.98701846142902
        ]
      },
      "properties": {
        "mural_name": "The Arts in Our Lives: West Philadelphia's Cultural Gifts",
        "artist": "Sam Byrd",
        "address": "5925 Malvern Ave, Philadelphia, Pennsylvania, 19131, USA",
        "media": [
          "247f4c822d99513a97f9a7414bc8c5e8",
          "247f4c822d99513a97f9a7414bc8c5e8"
        ]
      }
    },
    {
      "type": "Feature",
      "geometry": {
        "type": "Point",
        "coordinates": [
          -75.16396541950833,
          39.94415972636448
        ]
      },
      "properties": {
        "mural_name": "The Atlas of Tomorrow",
        "artist": "Candy Chang",
        "address": "533 S Juniper St, Philadelphia, Pennsylvania, 19147, USA",
        "media": [
          "58a6c156cdd346e7c6074f3d0930e48d",
          "b6f201101ef3b278d3c4190826223c63",
          "8ff7de78f606f77b2497aaeac285c995",
          "3cdbcb9e7819e1a57c538de1b2558e57",
          "a00286f23fa62d2400921ba26feff613",
          "f398e669c9511bcf9fd9855ef62ca50a",
          "7b90e201033f4799982fb928e6e5aada",
          "5370b1dc663a88354d9da699be331295"
        ]
      }
    },
    {
      "type": "Feature",
      "geometry": {
        "type": "Point",
        "coordinates": [
          -75.18044675303828,
          39.97139237148982
        ]
      },
      "properties": {
        "mural_name": "The Azalea Garden",
        "artist": "David Guinn",
        "address": "2622 Parrish St, Philadelphia, Pennsylvania, 19130, USA",
        "media": [
          "2b3db9901fc210fd2d3363dbefffa72f",
          "0d351b39057ea299bfd45a4c8a4f875e"
        ]
      }
    },
    {
      "type": "Feature",
      "geometry": {
        "type": "Point",
        "coordinates": [
          -75.17667398465541,
          40.03580163994792
        ]
      },
      "properties": {
        "mural_name": "The Battle Is Joined",
        "artist": "Karen Olivier",
        "address": "5800 Germantown Ave, Philadelphia, Pennsylvania, 19144, USA",
        "media": [
          "7e9758fff3ba977d65c1694a52eebf11"
        ]
      }
    },
    {
      "type": "Feature",
      "geometry": {
        "type": "Point",
        "coordinates": [
          -75.21614669114807,
          39.96186974017725
        ]
      },
      "properties": {
        "mural_name": "The Beautiful Thing About Learning . . .",
        "artist": "Kien Nguyen",
        "address": "91 N 48th St, Philadelphia, Pennsylvania, 19139, USA",
        "media": [
          "03000c54ec933b060aab2f3faf9b9b1c",
          "1038ca2262f4396e88a49c8f9669dd78",
          "725aeeddd4fd08157ea019a5de2f9e0c",
          "bc614a30ed74c4adb1e24037928eaa5c",
          "6efc2fef2b3523684dd1c95c2f47977e"
        ]
      }
    },
    {
      "type": "Feature",
      "geometry": {
        "type": "Point",
        "coordinates": [
          -75.22444000506111,
          39.93914927173486
        ]
      },
      "properties": {
        "mural_name": "The Beautyful Ones - Series #1C",
        "artist": "Njideka Akunyili Crosby",
        "address": "5447 Chester Ave, Philadelphia, Pennsylvania, 19143, USA",
        "media": [
          "e7aae31abd389f71b2429803229abf04",
          "29cf16d596f4754d44c6944c40262d46",
          "0f9540d2b049eee531a6cbbc10a5174a"
        ]
      }
    },
    {
      "type": "Feature",
      "geometry": {
        "type": "Point",
        "coordinates": [
          -75.17661129653507,
          40.02693730559368
        ]
      },
      "properties": {
        "mural_name": "The Blueprint",
        "artist": "Felix St. Fort",
        "address": "328 W Coulter St, Philadelphia, Pennsylvania, 19144, USA",
        "media": [
          "03a6c2021f924ce14084c06fd9b357dd"
        ]
      }
    },
    {
      "type": "Feature",
      "geometry": {
        "type": "Point",
        "coordinates": [
          -75.17719898746742,
          39.9367934511013
        ]
      },
      "properties": {
        "mural_name": "The Breeze",
        "artist": "Cesar Viveros",
        "address": "1201 S 20th St, Philadelphia, Pennsylvania, 19146, USA",
        "media": [
          "3a33f82647bbfc355d7500b4221f9074",
          "6d98a75bd195de1ff88a89fe436901ae",
          "451c0da8cf406cdbb95d71a9629ff1da",
          "d1c2d862bb3203d510f6b3bde6f86719",
          "d0abc141ad8388561b503bca1a7d0fac",
          "861a1145844093ef8769085d2284dd94"
        ]
      }
    },
    {
      "type": "Feature",
      "geometry": {
        "type": "Point",
        "coordinates": [
          -75.14261858911024,
          39.986208349455914
        ]
      },
      "properties": {
        "mural_name": "The Brook",
        "artist": "Ana Uribe",
        "address": "530 W Dauphin St, Philadelphia, Pennsylvania, 19133, USA",
        "media": [
          "20fbe5ce9c63531c08d6134ba2ff0e37",
          "74974e5978460d19f33088f4ef6ff03e"
        ]
      }
    },
    {
      "type": "Feature",
      "geometry": {
        "type": "Point",
        "coordinates": [
          -75.24342618927004,
          39.95283579503554
        ]
      },
      "properties": {
        "mural_name": "The Bryant Eagles Playground of Hope",
        "artist": "David McShane",
        "address": "6001 Cedar Ave, Philadelphia, Pennsylvania, 19143, USA",
        "media": [
          "7a97b7b0990c1ea786a062a17455ea11",
          "a6a01fb8325b0081d824e393838e3b3a",
          "f1237e795226d491135521ab4756ec30",
          "5063ff8473d7854c9b1c1ee402d4698d",
          "707434835c22b133571034cc41124981",
          "dd5ea6b2ee4bdd4f1e34f5270c55f7e6",
          "681b9d5931133248b79965f9ed7f494f",
          "e8dc7d9df2be16d6eeb0f3bb4009665f",
          "3a9e3f76814ad7dc305101e49f8ff46d",
          "e2fe675c5791e709fc4889b2883597fe",
          "1a59ee435ff2091a2fe549fb1763bad1",
          "3581d808a03c2e3c21dfd5ead559e8ed",
          "47c4a4b0ed4d40c05e29b612acc8b2ab",
          "faf014de93915927f336b4dafcf3950f",
          "8ac1a83472af12c5d3d56890e358efbd",
          "5f658656f6e57bc3733df4f7df5dab21",
          "77861634f452233c6301a3a1f23a8753",
          "4c40c77478ac25f160190943e4f75b8a",
          "d2cdf23c5318b527a6b84de16a777761"
        ]
      }
    },
    {
      "type": "Feature",
      "geometry": {
        "type": "Point",
        "coordinates": [
          -75.17073015020799,
          39.94979023089742
        ]
      },
      "properties": {
        "mural_name": "The Built/Unbuilt Square",
        "artist": "Alexander Rosenberg",
        "address": "210 W Rittenhouse Square, Philadelphia, Pennsylvania, 19103, USA",
        "media": [
          "b230c4657765702144d74015b77d37b8",
          "b4290d02ada3e7742122e2d36446fe94",
          "3731135ebc39efec6a6d35e28f729a10"
        ]
      }
    },
    {
      "type": "Feature",
      "geometry": {
        "type": "Point",
        "coordinates": [
          -75.13679990246058,
          39.973123361872176
        ]
      },
      "properties": {
        "mural_name": "The Butterfly Effect",
        "artist": "Cesar Viveros",
        "address": "1401 N Hancock St, Philadelphia, Pennsylvania, 19122, USA",
        "media": [
          "9a87fed0e7a5729d359dc6cd133309ea",
          "0cd245a4c77ab268d06bf31010722e9f",
          "5c587c8b7f440e3e8444015a0981f93f",
          "3d984b18654dbcb8860c77fc281ea7ac",
          "edaf07edce606c87d3c8f11e8ace5b77",
          "1c612ca4e4efec073d4472972465747d"
        ]
      }
    },
    {
      "type": "Feature",
      "geometry": {
        "type": "Point",
        "coordinates": [
          -75.14837649391058,
          39.96178853424212
        ]
      },
      "properties": {
        "mural_name": "The Cart (for Olga M.)",
        "artist": "Buy Shaver",
        "address": "601 Spring Garden St, Philadelphia, Pennsylvania, 19123, USA",
        "media": [
          "038c8c761969e131b502634cf495b97d",
          "5a91e020bf409db7b75a033b30593afe"
        ]
      }
    },
    {
      "type": "Feature",
      "geometry": {
        "type": "Point",
        "coordinates": [
          -75.11513949019371,
          39.98851226836846
        ]
      },
      "properties": {
        "mural_name": "The Circle",
        "artist": "Henry Bermudez",
        "address": "2300 Frankford Ave, Philadelphia, Pennsylvania, 19125, USA",
        "media": [
          "4d7f57430aec3af76e5e9253dff88877",
          "782c39963210eb7d38fb17f373ccb848",
          "be3b1abdd866860efeb5c8d849b94e72"
        ]
      }
    },
    {
      "type": "Feature",
      "geometry": {
        "type": "Point",
        "coordinates": [
          -75.1750938357436,
          39.93732747147433
        ]
      },
      "properties": {
        "mural_name": "The Civil Rights Mural",
        "artist": "Benita Ambrose",
        "address": "1157 S 19th St, Philadelphia, Pennsylvania, 19146, USA",
        "media": [
          "5f75a681e6712a8fdeaa93d84920f28d"
        ]
      }
    },
    {
      "type": "Feature",
      "geometry": {
        "type": "Point",
        "coordinates": [
          -75.17432111609344,
          39.98241374358265
        ]
      },
      "properties": {
        "mural_name": "The Color of Your Voice",
        "artist": "Keir Johnston",
        "address": "2417 Ridge Ave, Philadelphia, Pennsylvania, 19121, USA",
        "media": [
          "eeae21e8fe3032c96db8ca8ba57983ba",
          "17176fa08de13f2a711b66c25e929ef8",
          "de6b829f212c0dfb9c81aa0c0fb60cbc",
          "a6222a2e2865238bc532975d46a7229a",
          "bd41614facb135bd6b17d877783d2eb7"
        ]
      }
    },
    {
      "type": "Feature",
      "geometry": {
        "type": "Point",
        "coordinates": [
          -75.1496985162891,
          39.93447468589315
        ]
      },
      "properties": {
        "mural_name": "The Colored Conventions: A Buried History (East)",
        "artist": "Ernel Martinez",
        "address": "315 Washington Ave, Philadelphia, Pennsylvania, 19147, USA",
        "media": [
          "1f5a2ded1fafd86cb6cad3f59da63790",
          "c69ee5da1aeb54e4cf4412addceef0dd"
        ]
      }
    },
    {
      "type": "Feature",
      "geometry": {
        "type": "Point",
        "coordinates": [
          -75.15010990279522,
          39.93443176600738
        ]
      },
      "properties": {
        "mural_name": "The Colored Conventions: A Buried History (West)",
        "artist": "Ernel Martinez",
        "address": "351 Washington Ave, Philadelphia, Pennsylvania, 19147, USA",
        "media": [
          "41734860f4a20561d21a754761e9d16e",
          "5edee2bd09c23dde97902b670e042d13",
          "63493299b7995c0f1b02735a63cb4d44"
        ]
      }
    },
    {
      "type": "Feature",
      "geometry": {
        "type": "Point",
        "coordinates": [
          -75.18082419348741,
          39.98682832454025
        ]
      },
      "properties": {
        "mural_name": "The Corner",
        "artist": "Felix St. Fort",
        "address": "N 29th St & Ridge Ave, Philadelphia, Pennsylvania, 19121, USA",
        "media": [
          "f167cc29cd3b58b9509a3b78dc92bc05",
          "236192527857ea7aac710067016bc58e",
          "70497444ac66214bee3c1c101fed8658",
          "6774fea7ba630cb7908c8aa4adb54a3c",
          "f0aa4df3eb9903085deedc5f3e165200",
          "afe2ee89d1764edfab4a770f612de5e5",
          "46bb81f255c119a91842c7b35727890c",
          "f729fe169277c284f7f544d84a9d9d61",
          "e103035fb580e4af8973f5c5cfffc08e",
          "2e9666984f6af279637a33f6b31c738b"
        ]
      }
    },
    {
      "type": "Feature",
      "geometry": {
        "type": "Point",
        "coordinates": [
          -75.14765460406421,
          39.97835155403886
        ]
      },
      "properties": {
        "mural_name": "The Culture of African American Storytelling - Wisdom of Our Elders (R.W. Brown Boys and Girls Club panel)",
        "artist": "Alloyius Mcilwaine",
        "address": "1701 N 8th St, Philadelphia, Pennsylvania, 19122, USA",
        "media": [
          "09fbed73bb83ea541e6c899839c3b8dd",
          "204e55a7a96c1a371499bfd4edbd79f5",
          "c0ba18a667399b1034e74de1abff457e"
        ]
      }
    },
    {
      "type": "Feature",
      "geometry": {
        "type": "Point",
        "coordinates": [
          -75.17146139871299,
          39.92030427865121
        ]
      },
      "properties": {
        "mural_name": "The Culture of African American Storytelling - Wisdom of Our Elders (South Philadelphia Boys and Girls Club panel)",
        "artist": "Alloyius Mcilwaine",
        "address": "2433 S 15th St, Philadelphia, Pennsylvania, 19145, USA",
        "media": [
          "4ebdf8c4e8af13cf9b696d3e2d4608a5",
          "204e55a7a96c1a371499bfd4edbd79f5",
          "c0ba18a667399b1034e74de1abff457e"
        ]
      }
    },
    {
      "type": "Feature",
      "geometry": {
        "type": "Point",
        "coordinates": [
          -75.23992027425686,
          39.95085746526209
        ]
      },
      "properties": {
        "mural_name": "The Culture of African American Storytelling - Wisdom of Our Elders (West Philadelphia Boys and Girls Club panel)",
        "artist": "Alloyius Mcilwaine",
        "address": "5843-55 Catharine St, Philadelphia, Pennsylvania, 19143, USA",
        "media": [
          "09fbed73bb83ea541e6c899839c3b8dd",
          "204e55a7a96c1a371499bfd4edbd79f5",
          "c0ba18a667399b1034e74de1abff457e"
        ]
      }
    },
    {
      "type": "Feature",
      "geometry": {
        "type": "Point",
        "coordinates": [
          -75.14542699999998,
          39.97731266124171
        ]
      },
      "properties": {
        "mural_name": "The Dance in My Dreams",
        "artist": "Kathleen Ogilvie",
        "address": "1710 N 6th St, Philadelphia, Pennsylvania, 19122, USA",
        "media": [
          "1bcb76989dcfae48bd625b4a3a9c875c"
        ]
      }
    },
    {
      "type": "Feature",
      "geometry": {
        "type": "Point",
        "coordinates": [
          -75.13657862897544,
          39.99400231675142
        ]
      },
      "properties": {
        "mural_name": "The Doors of Destiny",
        "artist": "Michelle Angela Ortiz",
        "address": "2800 N American St, Philadelphia, Pennsylvania, 19133, USA",
        "media": [
          "fbc15e92bc6da2de70070ff728bc7e03",
          "2413425087c6d4283f500d9528ab85a8",
          "117ae9b6f5e6cbb194997d7786ecafd9",
          "6fee44627672c2701ac1b9cae5ebbd35",
          "a645ed36f049b2e884c9e61ba9035c64"
        ]
      }
    },
    {
      "type": "Feature",
      "geometry": {
        "type": "Point",
        "coordinates": [
          -75.13657862897544,
          39.99400231675142
        ]
      },
      "properties": {
        "mural_name": "The Doors of Destiny are in Your Hands",
        "artist": "Michelle Angela Ortiz",
        "address": "2800 N American St, Philadelphia, Pennsylvania, 19133, USA",
        "media": [
          "21f921aaf76768b4ea60ff4a49b88d39"
        ]
      }
    },
    {
      "type": "Feature",
      "geometry": {
        "type": "Point",
        "coordinates": [
          -75.16719090279457,
          39.953162316464216
        ]
      },
      "properties": {
        "mural_name": "The Energy and Vitality of Philadelphia",
        "artist": "Marcus Balum",
        "address": "1600 Market St, Philadelphia, Pennsylvania, 19103, USA",
        "media": [
          "45d1fefab3deb0ca64ec03df7a7aad4c",
          "51899ac224b5579c2ad67ccc1841cf4b"
        ]
      }
    },
    {
      "type": "Feature",
      "geometry": {
        "type": "Point",
        "coordinates": [
          -75.1623997,
          39.9575185
        ]
      },
      "properties": {
        "mural_name": "The Evolving Face of Nursing",
        "artist": "Meg Saligman",
        "address": "245 N Broad St, Philadelphia, Pennsylvania, 19107, USA",
        "media": [
          "4656955d983f889e2e711354dc2d2838"
        ]
      }
    },
    {
      "type": "Feature",
      "geometry": {
        "type": "Point",
        "coordinates": [
          -75.22046276053028,
          40.024490436673666
        ]
      },
      "properties": {
        "mural_name": "The Fable of the Peregrine Falcon and the Red-Bellied Turtle",
        "artist": "Cesar Viveros",
        "address": "4217 Main St, Philadelphia, Pennsylvania, 19127, USA",
        "media": [
          "1b48566756da2aab477fde24f8e9da92",
          "c1e0ca7217f34e2f1b08e1517c80a02b",
          "5c333971ddf6c0a4a579029e38843871"
        ]
      }
    },
    {
      "type": "Feature",
      "geometry": {
        "type": "Point",
        "coordinates": [
          -75.16825511658641,
          39.9410827146405
        ]
      },
      "properties": {
        "mural_name": "The Faces That Shape Us",
        "artist": "Ernel Martinez",
        "address": "1504 Catharine St, Philadelphia, Pennsylvania, 19146, USA",
        "media": [
          "c99d6e804762013da39f3ab537e4a9ef",
          "71752549ab68c1a3b1e07d24d3dc3748"
        ]
      }
    },
    {
      "type": "Feature",
      "geometry": {
        "type": "Point",
        "coordinates": [
          -75.16734487406154,
          39.95423290572785
        ]
      },
      "properties": {
        "mural_name": "The Five Principles",
        "artist": "Priscilla Bell Lamberty",
        "address": "1617 JFK Blvd, Philadelphia, Pennsylvania, 19103, USA",
        "media": [
          "ce1fad619b58ac23385a93c99c2f749d"
        ]
      }
    },
    {
      "type": "Feature",
      "geometry": {
        "type": "Point",
        "coordinates": [
          -75.05079478701329,
          40.02130158730559
        ]
      },
      "properties": {
        "mural_name": "The FLYERS/Tacony Mural",
        "artist": "David McShane",
        "address": "6443 Vandike St, Philadelphia, Pennsylvania, 19135, USA",
        "media": [
          "c3ec691954912be17f9a938f8139e0db"
        ]
      }
    },
    {
      "type": "Feature",
      "geometry": {
        "type": "Point",
        "coordinates": [
          -75.17449253159674,
          39.952457718323366
        ]
      },
      "properties": {
        "mural_name": "The Freire Dragons",
        "artist": "Marcus Balum",
        "address": "2027 Chestnut St, Philadelphia, Pennsylvania, 19103, USA",
        "media": [
          "e810c995bd6d5fd374dc84afb02cae5c",
          "8a9be9dd788e9ce213f09f2165fa4b59"
        ]
      }
    },
    {
      "type": "Feature",
      "geometry": {
        "type": "Point",
        "coordinates": [
          -75.16842772958704,
          39.92352573887866
        ]
      },
      "properties": {
        "mural_name": "The Future is Ours",
        "artist": "Ernel Martinez",
        "address": "2101 S Broad St, Philadelphia, Pennsylvania, 19148, USA",
        "media": [
          "ba72b68694c048bf86d411b244f91932",
          "f41f1ff0630f127f808b18eab6b0fd19",
          "49b269c17a9fea30389c81b4d9256262"
        ]
      }
    },
    {
      "type": "Feature",
      "geometry": {
        "type": "Point",
        "coordinates": [
          -75.10847123090842,
          39.99956563712779
        ]
      },
      "properties": {
        "mural_name": "The Future Is Worth The Fight Just Hold On & You Will See",
        "artist": "Jess X. Snow",
        "address": "3404 Kensington Ave, Philadelphia, Pennsylvania, 19134, USA",
        "media": [
          "d3b29132cd8c0703716eacf8688a69a1",
          "a55aef9a7fa0a0d82ba3c754fdef3581"
        ]
      }
    },
    {
      "type": "Feature",
      "geometry": {
        "type": "Point",
        "coordinates": [
          -75.17109990321111,
          40.012697116442176
        ]
      },
      "properties": {
        "mural_name": "The Game is Yours",
        "artist": "Dyymond Whipper-Young",
        "address": "4250 Wissahickon Ave, Philadelphia, Pennsylvania, 19129, USA",
        "media": [
          "00ba57ca77aabe93f3cea0760c5c9147",
          "d91b1d08b88e856d754230859ca092d9",
          "e0790168935336764b00bee321704339",
          "dd10c09e1b078a0dd7c139425f8d8b9c",
          "74d515c6222e99c9137c2449fc935a8c",
          "55c32a979f86afee336c36acad07607b",
          "411f8886038609550f1dbd6f615272ac",
          "3473f3a48d02e4a40afb1b21702a3ce6",
          "84d909a972b49cfc12947087be263e6d"
        ]
      }
    },
    {
      "type": "Feature",
      "geometry": {
        "type": "Point",
        "coordinates": [
          -75.14863913585737,
          39.996927806217016
        ]
      },
      "properties": {
        "mural_name": "The Garden",
        "artist": "Delia King",
        "address": "2901 N 12th St, Philadelphia, Pennsylvania, 19133, USA",
        "media": [
          "7cd6fd28701746d0e9cb5a06e6aabd61",
          "a03d864b31ee3b7e4a9cdd669ace39fc",
          "046ce5c5976b72897ca1454a14decb57",
          "530e5e9e77366c2d2fee9f1b927e6641",
          "bfc4fc72864e9dd849f46e5177f1af02",
          "5acd4bf6e402cd6153d879d83e75c63c",
          "db7d02bb002f21868d1618c6b4a00a84"
        ]
      }
    },
    {
      "type": "Feature",
      "geometry": {
        "type": "Point",
        "coordinates": [
          -75.16491443862861,
          39.99095637451204
        ]
      },
      "properties": {
        "mural_name": "The Gateway Garden",
        "artist": "Jane Golden",
        "address": "N 20th St & W York St, Philadelphia, Pennsylvania, 19132, USA",
        "media": [
          "31993f452de8f2e563c9696b50f0744b",
          "0e45a19e37bdaa0c136b843600385a33",
          "aa10639408503607fc157496145977c6",
          "0d2d3f8c60a3601da559c2ec2b0fca77",
          "a30b69c3fbacdd859ab4b4c394b8cbdf",
          "43bdd823798c0e7ec4a02a1b00fc1dbd"
        ]
      }
    },
    {
      "type": "Feature",
      "geometry": {
        "type": "Point",
        "coordinates": [
          -75.188396,
          40.037104
        ]
      },
      "properties": {
        "mural_name": "The Goodness Garden",
        "artist": "Diane Pieri",
        "address": "6321 Wayne Ave, Philadelphia, Pennsylvania, 19144, USA",
        "media": [
          "c7259ddbe5a3e17c9d5aec04caba836f",
          "1b8542a84da69473036fd10c9058f636",
          "570144b28aecc4b8fbe808989b687213",
          "a55a0919d0ad51832aa1e0679ce824f5",
          "2060c6b3c23aaa19e1e1fd3e722b5ebf"
        ]
      }
    },
    {
      "type": "Feature",
      "geometry": {
        "type": "Point",
        "coordinates": [
          -75.1598628713047,
          39.967851909498954
        ]
      },
      "properties": {
        "mural_name": "The Harvest Field",
        "artist": "John Lewis",
        "address": "715 N Broad St, Philadelphia, Pennsylvania, 19123, USA",
        "media": [
          "5ea36c8c8170b5ddb937c03d87af4a6f"
        ]
      }
    },
    {
      "type": "Feature",
      "geometry": {
        "type": "Point",
        "coordinates": [
          -75.16139030074947,
          39.96446310209433
        ]
      },
      "properties": {
        "mural_name": "The Healer",
        "artist": "Gabe Tiberino",
        "address": "1410 Mount Vernon St, Philadelphia, Pennsylvania, 19130, USA",
        "media": [
          "f538c531200c9a1f00e5a9a714e2e485"
        ]
      }
    },
    {
      "type": "Feature",
      "geometry": {
        "type": "Point",
        "coordinates": [
          -75.16411365844881,
          39.971443955348235
        ]
      },
      "properties": {
        "mural_name": "The Healing Power of Music",
        "artist": "Parris Stancell",
        "address": "916 N 17th St, Philadelphia, Pennsylvania, 19130, USA",
        "media": [
          "5687330a4becc4cad665260f29d0585d"
        ]
      }
    },
    {
      "type": "Feature",
      "geometry": {
        "type": "Point",
        "coordinates": [
          -75.21771800020734,
          39.9483523872763
        ]
      },
      "properties": {
        "mural_name": "The Heart of Baltimore Avenue (Mural) / Sights and Sounds (Audio Soundscape)",
        "artist": "David Guinn",
        "address": "4722 Baltimore Ave, Philadelphia, Pennsylvania, 19143, USA",
        "media": [
          "10e325d327209eb36b1d5e95f38174ac",
          "de5a3a986e607e2d678ddcc796a32763",
          "dc68e9a6d49a6892792a80bb87f0427e",
          "6825719365c38991e924181912025065",
          "ecbfd832333320f227c4c54adc97880c",
          "88a363af4019f7b9b45f75e89d1c508a",
          "a1601bc38bf206f22f397a76e7396bcf"
        ]
      }
    },
    {
      "type": "Feature",
      "geometry": {
        "type": "Point",
        "coordinates": [
          -75.11255373671679,
          39.99663503986493
        ]
      },
      "properties": {
        "mural_name": "The Heart of Kensington",
        "artist": "Ann Northrup",
        "address": "1809 E Allegheny Ave, Philadelphia, Pennsylvania, 19134, USA",
        "media": [
          "494943ae81339d54c5d51c3f16325747"
        ]
      }
    },
    {
      "type": "Feature",
      "geometry": {
        "type": "Point",
        "coordinates": [
          -75.19811341269379,
          39.938660616423284
        ]
      },
      "properties": {
        "mural_name": "The History of Grays Ferry (Bridge of the Past)",
        "artist": "Josh Sarantitis",
        "address": "3405 Wharton St, Philadelphia, Pennsylvania, 19146, USA",
        "media": [
          "a3be3c3f707be627ed660900199b0aa4"
        ]
      }
    },
    {
      "type": "Feature",
      "geometry": {
        "type": "Point",
        "coordinates": [
          -75.19881909615312,
          39.93857034549124
        ]
      },
      "properties": {
        "mural_name": "The History of Grays Ferry (Girl Holding Plant)",
        "artist": "Josh Sarantitis",
        "address": "1236 S 34th St, Philadelphia, Pennsylvania, 19146, USA",
        "media": [
          "a3be3c3f707be627ed660900199b0aa4"
        ]
      }
    },
    {
      "type": "Feature",
      "geometry": {
        "type": "Point",
        "coordinates": [
          -75.15604098911118,
          39.95763830462216
        ]
      },
      "properties": {
        "mural_name": "The Home That Was",
        "artist": "Benjamin Volta",
        "address": "1011 Vine St, Philadelphia, Pennsylvania, 19107, USA",
        "media": [
          "d6c601b0ac9012ebae9e2761d7a14a56",
          "9ef8a382e617069a8f0755f2b7d20cc1",
          "a5840d280a45624ce98b4f280fdca9b8",
          "bd498c9ee8aad909ac0c94a9020a7c0e",
          "ef18719f697d7d06e9067836a1e3c409",
          "5866282435254cce4ce70a8ffc5d6bd5",
          "c85b6866dd9097904a0d013b0bf266b8",
          "928fb39dabb968151349540201278eda",
          "d1cdf28907f383e335052a95718b6ed6"
        ]
      }
    },
    {
      "type": "Feature",
      "geometry": {
        "type": "Point",
        "coordinates": [
          -75.15357058664618,
          40.000348146548134
        ]
      },
      "properties": {
        "mural_name": "The Honorable Senator Roxanne Jones",
        "artist": "Bill Freeman",
        "address": "3100 N Broad St, Philadelphia, Pennsylvania, 19132, USA",
        "media": [
          "ebaa47916a14c0239d2c1252b18bdc50",
          "0d0a32928e9f58041bc7f76e4a98a7ce"
        ]
      }
    },
    {
      "type": "Feature",
      "geometry": {
        "type": "Point",
        "coordinates": [
          -75.15253418725798,
          39.96229698559614
        ]
      },
      "properties": {
        "mural_name": "The interconnectivity and oneness of all and everything: a celebration of color",
        "artist": "Andréa Grasso",
        "address": "827 Spring Garden St, Philadelphia, Pennsylvania, 19123, USA",
        "media": [
          "e10d1ee4bd4c9d20b0f5819a9635f791",
          "d79fca72fc0c0e168a4c7e6c31bf2074",
          "6cdd510673ce85515858c37fe1d3b4a6",
          "bdd14e5023a1f8f10f9fbbf94d04bf5b"
        ]
      }
    },
    {
      "type": "Feature",
      "geometry": {
        "type": "Point",
        "coordinates": [
          -75.13431049895567,
          39.97880303396917
        ]
      },
      "properties": {
        "mural_name": "The Jewelry Box",
        "artist": "Delia King",
        "address": "1832 N Howard St, Philadelphia, Pennsylvania, 19122, USA",
        "media": [
          "a776e6e2863ac488f2236e1729640b8d",
          "ea3d64a5542c1ba4cf11b1b8843cc6a2",
          "09fee959ee960f9e1df51bd004ebd8c2"
        ]
      }
    },
    {
      "type": "Feature",
      "geometry": {
        "type": "Point",
        "coordinates": [
          -75.1695313314388,
          39.96098781317518
        ]
      },
      "properties": {
        "mural_name": "The Journey",
        "artist": "Meg Saligman",
        "address": "1835 Callowhill St, Philadelphia, Pennsylvania, 19130, USA",
        "media": [
          "c994b16ad085c77cd5706de39a0bab62"
        ]
      }
    },
    {
      "type": "Feature",
      "geometry": {
        "type": "Point",
        "coordinates": [
          -75.16436399194787,
          39.93722987383793
        ]
      },
      "properties": {
        "mural_name": "The Journey: From Vietnam to the United States",
        "artist": "Shira Walinsky",
        "address": "1114 S 13th St, Philadelphia, Pennsylvania, 19147, USA",
        "media": [
          "0e27101afda623c586d39e80ac1598ce",
          "7c5c3f409c2ed81b0452f01dd7175a2e",
          "982e53e104669eba68b9ae19583d5fb1",
          "bf4231313a17c1dab8e1f11b8a45cc7c"
        ]
      }
    },
    {
      "type": "Feature",
      "geometry": {
        "type": "Point",
        "coordinates": [
          -74.98235263018863,
          40.06802902549214
        ]
      },
      "properties": {
        "mural_name": "The Kardon Institute",
        "artist": "Sam Donovan",
        "address": "10700 Knights Rd, Philadelphia, Pennsylvania, 19114, USA",
        "media": [
          "69707681a81a053ef757be2afdfb5270"
        ]
      }
    },
    {
      "type": "Feature",
      "geometry": {
        "type": "Point",
        "coordinates": [
          -75.17049312084147,
          39.94222690880796
        ]
      },
      "properties": {
        "mural_name": "The Lady from South Philadelphia",
        "artist": "Nicholas Conrad Miller",
        "address": "740 S 17th St, Philadelphia, Pennsylvania, 19146, USA",
        "media": [
          "0e2ae15a60b1d238cdb7434a296bcba9",
          "52264e4310c5e9d815951f30aafaf7cf",
          "12be291e6c9d85052902e3eb72a88fc3",
          "2041eb9cae56f6c8ab6d38ce12a0490f",
          "9e630eecbebfd3c7be63c978b1067261",
          "379627f7a48786f60c78f371a81b5a63",
          "cbd32113eb5305d415cfeb7465ed7747"
        ]
      }
    },
    {
      "type": "Feature",
      "geometry": {
        "type": "Point",
        "coordinates": [
          -75.19853115825323,
          39.957305805497015
        ]
      },
      "properties": {
        "mural_name": "The Legacy of Bishop Richard Allen",
        "artist": "Willis \"Nomo\" Humphrey",
        "address": "3801 Market Street, Philadelphia, Pennsylvania, 19104, USA",
        "media": [
          "f0d09916fa3c971e6ba61bc764d75398"
        ]
      }
    },
    {
      "type": "Feature",
      "geometry": {
        "type": "Point",
        "coordinates": [
          -75.15919989696197,
          39.97401096123928
        ]
      },
      "properties": {
        "mural_name": "The Legendary Blue Horizon Boxing Mural",
        "artist": "David McShane",
        "address": "1314 N Broad St, Philadelphia, Pennsylvania, 19121, USA",
        "media": [
          "2df0f122318f57a5f3a360fbbdbe6d00"
        ]
      }
    },
    {
      "type": "Feature",
      "geometry": {
        "type": "Point",
        "coordinates": [
          -75.16121247873916,
          39.97010748896158
        ]
      },
      "properties": {
        "mural_name": "The Legendary Dixie Hummingbirds",
        "artist": "Cliff Eubanks",
        "address": "859 N 15th St, Philadelphia, Pennsylvania, 19130, USA",
        "media": [
          "1103e210458e53af9ccba4c2cb2fe3f8"
        ]
      }
    },
    {
      "type": "Feature",
      "geometry": {
        "type": "Point",
        "coordinates": [
          -75.14318764629171,
          39.96295864319793
        ]
      },
      "properties": {
        "mural_name": "The Liberties of Sport",
        "artist": "Dietrich L. Adonis",
        "address": "714 N 3rd St, Philadelphia, Pennsylvania, 19123, USA",
        "media": [
          "47421de978a75a38a1d170bc59c8a681",
          "a71a2f7e528787285f6606ea4b7344c1"
        ]
      }
    },
    {
      "type": "Feature",
      "geometry": {
        "type": "Point",
        "coordinates": [
          -75.08467886342318,
          40.011787179383916
        ]
      },
      "properties": {
        "mural_name": "The Limitless Galaxy of Learning",
        "artist": "David McShane",
        "address": "1655 Unity St, Philadelphia, Pennsylvania, 19124, USA",
        "media": [
          "e733875399cf206cd955d5d2a25b5433",
          "caed283049a94be8fdd634dc23d1a0e9",
          "c3e5a4448982d41ba98c8efc473f2bda",
          "2132aba45867936d597c99c1bbe0b313",
          "ec82a235716bdb206404c61fbd475220",
          "6be1238693831d19848004340790e42b",
          "59d1ff5ea684795a48c686f2a6564048",
          "6e869f434608e387e6d7afa709b0952a",
          "c748074e734e54e6d3ed0c17fb735ccc",
          "a4a37847933f3791c271172289e7e7e3",
          "15c83a01ddc7fb257acb0aad4a4eecc4",
          "d44cc93306df97d0ad663cdbb9fa1b60",
          "9f17f25021633116a80304e9146ece80",
          "0286d3b4c47dbb254f5d93d4d741d37f",
          "840d56729141e9c1ce95a57511ed636c"
        ]
      }
    },
    {
      "type": "Feature",
      "geometry": {
        "type": "Point",
        "coordinates": [
          -75.1793413883333,
          40.048734810938406
        ]
      },
      "properties": {
        "mural_name": "The Living Tree",
        "artist": "Daniel Lipschutz",
        "address": "100 E Johnson St, Philadelphia, Pennsylvania, 19144, USA",
        "media": [
          "e676b8a81ed120f38ecf18168e1c2033"
        ]
      }
    },
    {
      "type": "Feature",
      "geometry": {
        "type": "Point",
        "coordinates": [
          -75.1690477,
          39.9654291
        ]
      },
      "properties": {
        "mural_name": "The Lunch Truck Project (2010)",
        "artist": "Shira Walinsky",
        "address": "1727-29 Mt. Vernon Street, Philadelphia, Pennsylvania, 19107, USA",
        "media": [
          "9319b4459aa0fe3d185f40812adea657",
          "227c4a7665cc2740bbec8eab995a780f",
          "821a1bcf133941d3faf0f7b33e00759f",
          "b44b12e6dc7b8e2064136dbc058fa8b9",
          "78a80fbc8f8740cb7b6862cd2ea5af25",
          "2be7881dcf8b52f1a15e741e8a255b33",
          "999442efba7569a7bc801c57d4fbf06b",
          "25c1d04c361db66f2c83d8f84770cc62",
          "6e278932ab6450575aa43d6382fd41cc",
          "69b45e117a1a97e9696792d9306a16fe",
          "02783d17ae0dae922bbae0f635662051",
          "983ba8211a559f1240e18329355f65f4",
          "7ed3246bd1ef62f35991b20a3645ea3c"
        ]
      }
    },
    {
      "type": "Feature",
      "geometry": {
        "type": "Point",
        "coordinates": [
          -75.1690477,
          39.9654291
        ]
      },
      "properties": {
        "mural_name": "The Lunch Truck Project (2011)",
        "artist": "Shira Walinsky",
        "address": "1727-29 Mt. Vernon Street, Philadelphia, Pennsylvania, 19107, USA",
        "media": [
          "d27fc38f9d215a118865a74957a16bf0",
          "4977d1a85c9db5ff2e650687ac723bfa",
          "6e8074ef427b324e708b8a58ba7f23b7",
          "35c6ddc9c0bd0fcbf83c4a8cfade92d4",
          "9183cbf2824d399eb3eef0502d28d4be",
          "b9512a8da4d401a9a77a32fd28c4bc1a"
        ]
      }
    },
    {
      "type": "Feature",
      "geometry": {
        "type": "Point",
        "coordinates": [
          -74.97396402211407,
          40.08267338282331
        ]
      },
      "properties": {
        "mural_name": "The Magic of Music",
        "artist": "Parris Stancell",
        "address": "11081 Knights Rd, Philadelphia, Pennsylvania, 19144, USA",
        "media": [
          "2e90c8624425c22ebbbb8094592ad735"
        ]
      }
    },
    {
      "type": "Feature",
      "geometry": {
        "type": "Point",
        "coordinates": [
          -75.19060646027476,
          39.965387807068765
        ]
      },
      "properties": {
        "mural_name": "The Malcolm Jenkins Foundation's The Promise Mural",
        "artist": "Nilé Livingston",
        "address": "3300-26 Wallace St, Philadelphia, Pennsylvania, 19104, USA",
        "media": [
          "48e2b0c4e3d59c9daed1dfc7d258ab5f",
          "fe73f6d9bb448a7a38034a5c5d751623",
          "9fb8c28e00c73a87166a349816a613cc",
          "df93bd94de93045dddc3ddcf6de818d6",
          "aff3b258609008ec4263054f122578c0",
          "0c2ee851b318fc4ef442112f49cd2b54",
          "9c59f2a20c5765ee82eb09272c9f69e6",
          "8a24cc0399ec77014b6e4641a9ca90b2",
          "6b0cc8e0aef871b3d3b76848feb364d1",
          "85023b6e3d4afd36f930e898c41a6748",
          "48e2b0c4e3d59c9daed1dfc7d258ab5f",
          "46a200a97ac5ff33099eee33aaa39c35",
          "e53662e21875753efac4747728e920ca",
          "2e8c7e7fe096e5cd1c7107ae5c90ad5c",
          "17cbae5293a5ac4b1a1d70e379cab335",
          "b7499199a1bc32710314434a3e545e6f"
        ]
      }
    },
    {
      "type": "Feature",
      "geometry": {
        "type": "Point",
        "coordinates": [
          -75.22482067425736,
          39.93873584672123
        ]
      },
      "properties": {
        "mural_name": "The Mother",
        "artist": "Walé Oyéjidé",
        "address": "5515 Chester Ave, Philadelphia, Pennsylvania, 19143, USA",
        "media": [
          "ef1a4cccd2a42a4e7e1fd57787a89488"
        ]
      }
    },
    {
      "type": "Feature",
      "geometry": {
        "type": "Point",
        "coordinates": [
          -75.15162744678346,
          39.9592695187549
        ]
      },
      "properties": {
        "mural_name": "The Multitudes We Contain",
        "artist": "Symone Salib",
        "address": "417 N 8th St, Philadelphia, Pennsylvania, 19123, USA",
        "media": [
          "e7ff18841a73d307dc2d69ebdd4d55c2",
          "4c91af6f39f2806a0ec9fc044a7a3885",
          "3ff415ce746eea5bd15def2fe24aae62",
          "3ffb5aceda03dbc0a7a28282f16b70ea"
        ]
      }
    },
    {
      "type": "Feature",
      "geometry": {
        "type": "Point",
        "coordinates": [
          -75.18129924812199,
          39.93901831773364
        ]
      },
      "properties": {
        "mural_name": "The Mustard Seed",
        "artist": "John Lewis",
        "address": "2305 Ellsworth St, Philadelphia, Pennsylvania, 19146, USA",
        "media": [
          "3f4c03407e56b0baa73f9b9a186da941"
        ]
      }
    },
    {
      "type": "Feature",
      "geometry": {
        "type": "Point",
        "coordinates": [
          -75.17882287389627,
          39.96407744094902
        ]
      },
      "properties": {
        "mural_name": "The New Day",
        "artist": "Felix St. Fort",
        "address": "2451 Benjamin Franklin Pkwy, Philadelphia, Pennsylvania, 19130, USA",
        "media": [
          "1731ac66679f68d79a03f77eda6c1dfe"
        ]
      }
    },
    {
      "type": "Feature",
      "geometry": {
        "type": "Point",
        "coordinates": [
          -75.15508067364597,
          39.992390689055995
        ]
      },
      "properties": {
        "mural_name": "The North Philadelphia Beacon Project",
        "artist": "James Burns",
        "address": "2534 N Broad St, Philadelphia, Pennsylvania, 19132, USA",
        "media": [
          "f70925db54f4627642e914c15fb63426",
          "ce4213d513c8dd78cf031bcef09b8320",
          "0c017a6abe75deca2fa9e11d66b4caf5",
          "e7d8702f169245c2ab0dd47e415b17b1"
        ]
      }
    },
    {
      "type": "Feature",
      "geometry": {
        "type": "Point",
        "coordinates": [
          -75.21561731943704,
          39.96433408811398
        ]
      },
      "properties": {
        "mural_name": "The Odyssey",
        "artist": "Delia King",
        "address": "4725 Fairmount Ave, Philadelphia, Pennsylvania, 19139, USA",
        "media": [
          "9e72c9cd49e84fe7f4e56dc916de2dce",
          "ee377fe148d6a63f8331f73450f0c3ea",
          "c10d260268d06e5174ce5a94fba7fd96"
        ]
      }
    },
    {
      "type": "Feature",
      "geometry": {
        "type": "Point",
        "coordinates": [
          -75.21483598911071,
          39.971312057402116
        ]
      },
      "properties": {
        "mural_name": "The Only Way Out is Through",
        "artist": "Eric Okdeh",
        "address": "4631 Lancaster Ave, Philadelphia, Pennsylvania, 19131, USA",
        "media": [
          "0d7f5ebf82e31c16348045e215d3fa79"
        ]
      }
    },
    {
      "type": "Feature",
      "geometry": {
        "type": "Point",
        "coordinates": [
          -75.17882287389627,
          39.96407744094902
        ]
      },
      "properties": {
        "mural_name": "The Oval+ / What's Your Parkway, Philly?",
        "artist": "PORT Urbanism",
        "address": "2451 Benjamin Franklin Pkwy, Philadelphia, Pennsylvania, 19130, USA",
        "media": [
          "93a4b455b7f19dd449311383910fe2ea",
          "73df58f1302b01700af8a5263d646cf2",
          "5b639d6205b0cb6cce021d655921c6ad",
          "76a8bb63c3a22e3786c574f0a21f0e58",
          "aacd57c8993da04260615bab154517ab",
          "0368e5f3c6e39e8383c6e26a7f1cf844",
          "9ff8364cdb1059ba87d8485a63a9a570",
          "19c8f25cb14f17e0963f7d6e2d28a97b"
        ]
      }
    },
    {
      "type": "Feature",
      "geometry": {
        "type": "Point",
        "coordinates": [
          -75.17882287389627,
          39.96407744094902
        ]
      },
      "properties": {
        "mural_name": "The Oval+ 2018",
        "artist": "Heads of State",
        "address": "2451 Benjamin Franklin Pkwy, Philadelphia, Pennsylvania, 19130, USA",
        "media": [
          "d186e2766f5e2c96ec1ea8edd53c8439",
          "439e1bda8f28e1f99d1476709f363858",
          "1b489030f520d82f27b8a24a5beaab46"
        ]
      }
    },
    {
      "type": "Feature",
      "geometry": {
        "type": "Point",
        "coordinates": [
          -75.17882287389627,
          39.96407744094902
        ]
      },
      "properties": {
        "mural_name": "The Oval+ 2019",
        "artist": "Felix St Fort",
        "address": "2451 Benjamin Franklin Pkwy, Philadelphia, Pennsylvania, 19130, USA",
        "media": [
          "80c61c9fe60300a3f3d5265ccbb3cfe8",
          "d6649f6e44260f0efec0a94a8612edde",
          "e3a03433ed172df7d2dd007f2d2e70ac"
        ]
      }
    },
    {
      "type": "Feature",
      "geometry": {
        "type": "Point",
        "coordinates": [
          -75.14248824457337,
          39.98079653785368
        ]
      },
      "properties": {
        "mural_name": "The Palm Tree",
        "artist": "Ana Uribe",
        "address": "1921 N 5th St, Philadelphia, Pennsylvania, 19122, USA",
        "media": [
          "a8fa61d8c5ab14e4cf711df4d70de81f",
          "a2b2372c0564031b6fd84e858afe00f0"
        ]
      }
    },
    {
      "type": "Feature",
      "geometry": {
        "type": "Point",
        "coordinates": [
          -75.155506358422,
          39.95770157608659
        ]
      },
      "properties": {
        "mural_name": "The Past Supporting the Future",
        "artist": "Chenlin Cai",
        "address": "1001 Vine St, Philadelphia, Pennsylvania, 19107, USA",
        "media": [
          "5fdf64dbb851a4e1431821afd910da9a",
          "4561885d70c44986b90ba10ef545263b",
          "0006351ff5a0129357ead3d90c4ad991",
          "159e9293a8461f6e3adae33d8158f4b0"
        ]
      }
    },
    {
      "type": "Feature",
      "geometry": {
        "type": "Point",
        "coordinates": [
          -75.13143209508686,
          39.99132091175382
        ]
      },
      "properties": {
        "mural_name": "The Path Through Connection | El Paseo por Conexión",
        "artist": "Marisol de la Garza",
        "address": "100 W Lehigh Ave, Philadelphia, Pennsylvania, 19133, USA",
        "media": [
          "a469f234bd97d9849e288ba331f476fd",
          "1f55c2001dbe2977848737847ca3105c"
        ]
      }
    },
    {
      "type": "Feature",
      "geometry": {
        "type": "Point",
        "coordinates": [
          -75.17762196567168,
          39.955525181012746
        ]
      },
      "properties": {
        "mural_name": "The People's Harvest",
        "artist": "Ernel Martinez",
        "address": "60 N 23rd St, Philadelphia, Pennsylvania, 19103, USA",
        "media": [
          "96fa2ed051c6e04bd1c635d731dfdba0",
          "b4c63fd2652f7aa15b7edc5ae87e8e2a",
          "07fc0449298aa76ccb4364d3daeaba3e"
        ]
      }
    },
    {
      "type": "Feature",
      "geometry": {
        "type": "Point",
        "coordinates": [
          -75.1808460295259,
          39.96566484710093
        ]
      },
      "properties": {
        "mural_name": "The Petal Procession (Philadelphia Museum of Art)",
        "artist": "Lindsay Bedford",
        "address": "2600 Benjamin Franklin Pkwy, Philadelphia, Pennsylvania, 19130, USA",
        "media": [
          "e9fa3dafc28a82cc0f4ffd32fa643d98",
          "2efdd18f73ba7857740e65861b0f8aa9"
        ]
      }
    },
    {
      "type": "Feature",
      "geometry": {
        "type": "Point",
        "coordinates": [
          -75.1792061,
          39.9525844
        ]
      },
      "properties": {
        "mural_name": "The Philadelphia Design Building (Restoration)",
        "artist": "Richard Haas",
        "address": "2300 Chestnut St, Philadelphia, Pennsylvania, 19103, USA",
        "media": [
          "98a94404c09841573205b8d19e0c8198"
        ]
      }
    },
    {
      "type": "Feature",
      "geometry": {
        "type": "Point",
        "coordinates": [
          -75.17961158539046,
          39.95148696140118
        ]
      },
      "properties": {
        "mural_name": "The Phillies Mural",
        "artist": "David McShane",
        "address": "24th & Walnut St, Philadelphia, Pennsylvania, 19103, USA",
        "media": [
          "45a6cd3b49c22ef9b106bd3feef786c0",
          "dc50855c612b528dd6ce37af60731a15"
        ]
      }
    },
    {
      "type": "Feature",
      "geometry": {
        "type": "Point",
        "coordinates": [
          -75.1197622743766,
          39.99266006468313
        ]
      },
      "properties": {
        "mural_name": "The Point of Reciprocation (Prevention Point Painter's Wall III)",
        "artist": "Paula Rivera Calderón",
        "address": "2910 Ruth St, Philadelphia, Pennsylvania, 19134, USA",
        "media": [
          "a4eca55ff3a1b22e6db9de40b2368d3f",
          "be8555668f4c365084be7c5adddc6cbe",
          "cbf289e816c8706dd40afe558676ff58"
        ]
      }
    },
    {
      "type": "Feature",
      "geometry": {
        "type": "Point",
        "coordinates": [
          -75.22017831363395,
          39.94795151344531
        ]
      },
      "properties": {
        "mural_name": "The Porch",
        "artist": "John Page",
        "address": "4819 Florence Ave, Philadelphia, Pennsylvania, 19143, USA",
        "media": [
          "47bb36ca9b35d4e747ac145ff6e76620"
        ]
      }
    },
    {
      "type": "Feature",
      "geometry": {
        "type": "Point",
        "coordinates": [
          -75.13657862897544,
          39.99400231675142
        ]
      },
      "properties": {
        "mural_name": "The Power of Positivity",
        "artist": "Patricia A. Barrera",
        "address": "2800 N American St, Philadelphia, Pennsylvania, 19133, USA",
        "media": [
          "fed79e569d07bc79bc60f1d4163daa1b"
        ]
      }
    },
    {
      "type": "Feature",
      "geometry": {
        "type": "Point",
        "coordinates": [
          -75.12196307795585,
          40.019038196885234
        ]
      },
      "properties": {
        "mural_name": "The Pride of Feltonville",
        "artist": "Michael Schwartz",
        "address": "210 E Courtland St, Philadelphia, Pennsylvania, 19120, USA",
        "media": [
          "985c2295e04fbe62f6291ca379f9691a",
          "7092fee7265c509edc9eaa201f87f45a",
          "3fe5cfcab977f655cab35d71997d4dde"
        ]
      }
    },
    {
      "type": "Feature",
      "geometry": {
        "type": "Point",
        "coordinates": [
          -75.1297929993955,
          39.97917154039724
        ]
      },
      "properties": {
        "mural_name": "The Printing Press",
        "artist": "Bernie Wilkie",
        "address": "2011 Frankford Ave, Philadelphia, Pennsylvania, 19125, USA",
        "media": [
          "0954f9edf12c8dca5bbd904a7f783fdb"
        ]
      }
    },
    {
      "type": "Feature",
      "geometry": {
        "type": "Point",
        "coordinates": [
          -75.159141,
          39.949347
        ]
      },
      "properties": {
        "mural_name": "The Promise of Biotechnology",
        "artist": "Eric Okdeh",
        "address": "1109 Sansom St, Philadelphia, Pennsylvania, 19107, USA",
        "media": [
          "e414fa7c13896935270f40b7235a7ecb",
          "8e73873cfdb2bb159aa762b7d5e7a0d1"
        ]
      }
    },
    {
      "type": "Feature",
      "geometry": {
        "type": "Point",
        "coordinates": [
          -75.12762111798585,
          39.99620340395556
        ]
      },
      "properties": {
        "mural_name": "The Rainforest",
        "artist": "Ras Malik",
        "address": "3041 A St, Philadelphia, Pennsylvania, 19134, USA",
        "media": [
          "df4aa38c2cfb1daad5aea9fe0c11b34a"
        ]
      }
    },
    {
      "type": "Feature",
      "geometry": {
        "type": "Point",
        "coordinates": [
          -75.16555937376701,
          39.94613145821814
        ]
      },
      "properties": {
        "mural_name": "The Raven's Gift",
        "artist": "Dennis McNett",
        "address": "320 S Broad St, Philadelphia, Pennsylvania, 19102, USA",
        "media": [
          "46172636d01373d8f5aa8e90247a42ec",
          "1696ebda8f6ba569caac61d600fcd006",
          "7e6271048efc18c0ea65e990457b8e31"
        ]
      }
    },
    {
      "type": "Feature",
      "geometry": {
        "type": "Point",
        "coordinates": [
          -75.13508166027474,
          39.96574238317854
        ]
      },
      "properties": {
        "mural_name": "The Rhythm of Philadelphia",
        "artist": "Dyymond Whipper-Young",
        "address": "29 E Allen St, Philadelphia, Pennsylvania, 19123, USA",
        "media": [
          "2e0532f80cd8e543c5c17605d20d6e39",
          "7bf9a34280f0ffa4702ab7e5ca2e2fb7",
          "75fc52b0b4b7bf7d4403e964350c8bc4",
          "22c96d75eec07e373cf6c6c1740bbf6d",
          "ed03d46cbb0489b044222b229f404222",
          "1253f9c8cf78b37ed9da306557ef5d14"
        ]
      }
    },
    {
      "type": "Feature",
      "geometry": {
        "type": "Point",
        "coordinates": [
          -75.16561792176645,
          39.94467124911687
        ]
      },
      "properties": {
        "mural_name": "The Royal",
        "artist": "Eric Okdeh",
        "address": "1524 South St, Philadelphia, Pennsylvania, 19146, USA",
        "media": [
          "c335adf4c414a6beae8c4f32497f61cf",
          "c335adf4c414a6beae8c4f32497f61cf"
        ]
      }
    },
    {
      "type": "Feature",
      "geometry": {
        "type": "Point",
        "coordinates": [
          -75.15287874937907,
          39.9725854638795
        ]
      },
      "properties": {
        "mural_name": "The Sacred Now: Faith and Families in the 21st Century",
        "artist": "Cesar Viveros",
        "address": "1012 W Thompson St, Philadelphia, Pennsylvania, 19122, USA",
        "media": [
          "ab37a84ceb7ee1b664edc4c8ad0f6517",
          "b01eef8a8bd30f382d24cc4e9cb7bc90"
        ]
      }
    },
    {
      "type": "Feature",
      "geometry": {
        "type": "Point",
        "coordinates": [
          -75.15162744678346,
          39.9592695187549
        ]
      },
      "properties": {
        "mural_name": "The Sage",
        "artist": "Nazeer Sabree",
        "address": "417 N 8th St, Philadelphia, Pennsylvania, 19123, USA",
        "media": [
          "ea5a5eba40db9c9ee9fe2406234eeeb0",
          "13ddf2ab99c265a1c345a55f0e8607f4"
        ]
      }
    },
    {
      "type": "Feature",
      "geometry": {
        "type": "Point",
        "coordinates": [
          -75.15120062985281,
          39.964818554023545
        ]
      },
      "properties": {
        "mural_name": "The Seasons",
        "artist": "Sarah McEneany",
        "address": "N 8th St & Fairmount Ave, Philadelphia, Pennsylvania, 19123, USA",
        "media": [
          "71e75360fb0b0e00b4cc57ebd76217cf",
          "adcadcc3ce428993db3f4e488823fa77",
          "fda3778dbac20dc638ba8df5d9bfde59",
          "5b028f7945852627eb1370f8cac3dffa",
          "a9fd41ce5975fa1db9d1931d1eb36e11",
          "77638c3a697fe2807f4b4481ba01d15c",
          "9353b45f75297accf4fedef41942c3ca"
        ]
      }
    },
    {
      "type": "Feature",
      "geometry": {
        "type": "Point",
        "coordinates": [
          -75.18262864541947,
          40.00441705463332
        ]
      },
      "properties": {
        "mural_name": "The Seeds We Grow, The Paths We Take",
        "artist": "Brad Carney",
        "address": "3217 W Clearfield St, Philadelphia, Pennsylvania, 19132, USA",
        "media": [
          "adf7b762dab080d385388570640f220a",
          "d385ba290ca9a042415b7eca500c2d4d",
          "5683577d496ac7aed9a514123381dae5",
          "c4da8ebefbf9d334b67b58f436cc8f43",
          "0a64b90f29428336fd5a0270c0d3eb31",
          "f8bca521a7952d4284caf7339c7d3aff"
        ]
      }
    },
    {
      "type": "Feature",
      "geometry": {
        "type": "Point",
        "coordinates": [
          -75.16842772958704,
          39.92352573887866
        ]
      },
      "properties": {
        "mural_name": "The Shadows Are Mine",
        "artist": "Ernel Martinez",
        "address": "2101 S Broad St, Philadelphia, Pennsylvania, 19148, USA",
        "media": [
          "85d7a96bea98a9b1780fffbd693d0008"
        ]
      }
    },
    {
      "type": "Feature",
      "geometry": {
        "type": "Point",
        "coordinates": [
          -75.20072760309199,
          39.957582677426764
        ]
      },
      "properties": {
        "mural_name": "The Silent Watcher",
        "artist": "Faith XLVII/Faith47",
        "address": "3901 Market St, Philadelphia, Pennsylvania, 19104, USA",
        "media": [
          "c985b5cf3db932a474f466225026f089",
          "35992ec39c9d4d4165142857568794d2",
          "9b4a33e816afec9ac89543734242da9d"
        ]
      }
    },
    {
      "type": "Feature",
      "geometry": {
        "type": "Point",
        "coordinates": [
          -75.14826847219594,
          39.94190232737099
        ]
      },
      "properties": {
        "mural_name": "The Song",
        "artist": "Raymond Saá",
        "address": "321 South St, Philadelphia, Pennsylvania, 19147, USA",
        "media": [
          "b21e1a4742127d44ea90713aa347230d",
          "1a58b94c14cc1431cbf75369a2f2b5f6",
          "627dc7e89dc588486399db2e4fd1639e",
          "99b2b021f62b836ef96e0f63e823e8a4"
        ]
      }
    },
    {
      "type": "Feature",
      "geometry": {
        "type": "Point",
        "coordinates": [
          -75.14757603020239,
          39.933475990432704
        ]
      },
      "properties": {
        "mural_name": "The Sound of Philly",
        "artist": "Case Ma'Claim",
        "address": "1118 S 2nd St, Philadelphia, Pennsylvania, 19147, USA",
        "media": [
          "d24f06b1f1868eac5e2410a658d31435"
        ]
      }
    },
    {
      "type": "Feature",
      "geometry": {
        "type": "Point",
        "coordinates": [
          -75.1683000354994,
          39.9380748687748
        ]
      },
      "properties": {
        "mural_name": "The Spirit of Gaudenzia",
        "artist": "Nathaniel Lee",
        "address": "1516 Washington Ave, Philadelphia, Pennsylvania, 19146, USA",
        "media": [
          "ca46086a6e5f065435b744c5339f467c",
          "5d57806c4fcf47e463c434f388dce104"
        ]
      }
    },
    {
      "type": "Feature",
      "geometry": {
        "type": "Point",
        "coordinates": [
          -75.14584906027405,
          39.986941149237346
        ]
      },
      "properties": {
        "mural_name": "The Spirituality of Harmony",
        "artist": "Alberto Becerra",
        "address": "709 W Dauphin St, Philadelphia, Pennsylvania, 19133, USA",
        "media": [
          "584ff9e3f7b75084c35ae4311456a900"
        ]
      }
    },
    {
      "type": "Feature",
      "geometry": {
        "type": "Point",
        "coordinates": [
          -75.1672018891115,
          39.9473715121358
        ]
      },
      "properties": {
        "mural_name": "The Stage",
        "artist": "Felix St. Fort",
        "address": "302 S Hicks St, Philadelphia, Pennsylvania, 19102, USA",
        "media": [
          "6c7809699f18fa457632cc37c5ba4cfd",
          "758ba0ffcd8b75ce25c1ca260ae78f87",
          "758ba0ffcd8b75ce25c1ca260ae78f87",
          "32fb4539e00a61fae7ab699e3853daf3",
          "7b13cfc142a8554c9e4f0781c999f5d8"
        ]
      }
    },
    {
      "type": "Feature",
      "geometry": {
        "type": "Point",
        "coordinates": [
          -75.15803240279446,
          39.959402805276454
        ]
      },
      "properties": {
        "mural_name": "The Stamp of Incarceration: James Anderson",
        "artist": "Shepard Fairey",
        "address": "1131 Callowhill St, Philadelphia, Pennsylvania, 19123, USA",
        "media": [
          "ce1ff1c1f5d0ae6472fd55bef5eec604"
        ]
      }
    },
    {
      "type": "Feature",
      "geometry": {
        "type": "Point",
        "coordinates": [
          -75.1712914276905,
          39.9831612702006
        ]
      },
      "properties": {
        "mural_name": "The Steppers",
        "artist": "Cavin Jones",
        "address": "1850 N Croskey St, Philadelphia, Pennsylvania, 19121, USA",
        "media": [
          "1554b401d9391625accc8c6b4b946c5d"
        ]
      }
    },
    {
      "type": "Feature",
      "geometry": {
        "type": "Point",
        "coordinates": [
          -75.12836375917531,
          40.04266720233405
        ]
      },
      "properties": {
        "mural_name": "The Stories of Olney",
        "artist": "Winnie Sidharta Ambron",
        "address": "5957 N 5th St, Philadelphia, Pennsylvania, 19120, USA",
        "media": [
          "939988a8732565fa32ec0207d46edbe6",
          "d7ba2f361233e480010e4d4e5faffc39",
          "b17bb07cf7c8326e2b3f78d9b31fa2ce"
        ]
      }
    },
    {
      "type": "Feature",
      "geometry": {
        "type": "Point",
        "coordinates": [
          -75.18185012903625,
          39.98311588190973
        ]
      },
      "properties": {
        "mural_name": "The Sunflower Quilting Bee at Arles by Faith Ringgold",
        "artist": "Felix St. Fort",
        "address": "1756 N 29th St, Philadelphia, Pennsylvania, 19121, USA",
        "media": [
          "33f77070aea2ea5432edc10b085aefa2"
        ]
      }
    },
    {
      "type": "Feature",
      "geometry": {
        "type": "Point",
        "coordinates": [
          -75.1400683408513,
          39.97323522797939
        ]
      },
      "properties": {
        "mural_name": "The Swan",
        "artist": "Michael Frechette",
        "address": "1425 N American St, Philadelphia, Pennsylvania, 19122, USA",
        "media": [
          "78ac00fb385d77e6679356b6c682731d"
        ]
      }
    },
    {
      "type": "Feature",
      "geometry": {
        "type": "Point",
        "coordinates": [
          -75.13938122217316,
          39.97344919469084
        ]
      },
      "properties": {
        "mural_name": "The Talented Mr. Trotter: You Can Be Anything",
        "artist": "Roberto Lugo",
        "address": "1425 N American St, Philadelphia, Pennsylvania, 19122, USA",
        "media": [
          "f20037dc86de961631881152a8115499",
          "982de3a1b6c49c72dd80f2004f8022dc",
          "a4e318e422979c9ba94af4736612e1b2",
          "e4dcd9214e3c2e2acc9fd68de0dadb85"
        ]
      }
    },
    {
      "type": "Feature",
      "geometry": {
        "type": "Point",
        "coordinates": [
          -75.0188348962181,
          40.0299877881141
        ]
      },
      "properties": {
        "mural_name": "The Team",
        "artist": "Michael Webb",
        "address": "7901 State Rd, Philadelphia, Pennsylvania, 19136, USA",
        "media": [
          "828662ec776d17bd35597ac57d2378f3"
        ]
      }
    },
    {
      "type": "Feature",
      "geometry": {
        "type": "Point",
        "coordinates": [
          -75.17978990919309,
          39.99135138944152
        ]
      },
      "properties": {
        "mural_name": "The Thankful Poor",
        "artist": "George A. Morton",
        "address": "2306 N 29th S, Philadelphia, Pennsylvania, 19132, USA",
        "media": [
          "0ed65ecf23a8c993c320ccbcd2430fce",
          "042a4743181a1d1922785adc22d0fc46",
          "763afa18b0c25176a8752dca976c2e21"
        ]
      }
    },
    {
      "type": "Feature",
      "geometry": {
        "type": "Point",
        "coordinates": [
          -75.2265621537835,
          39.97369535841336
        ]
      },
      "properties": {
        "mural_name": "The Three Graces",
        "artist": "Parris Stancell",
        "address": "1324 N 52nd St, Philadelphia, Pennsylvania, 19131, USA",
        "media": [
          "ecdab2a9f0f386ff3b2ee0465c2ae20c",
          "db571a0c02bd6b9552e91f6e131a016e"
        ]
      }
    },
    {
      "type": "Feature",
      "geometry": {
        "type": "Point",
        "coordinates": [
          -75.15330650746026,
          40.063843083741446
        ]
      },
      "properties": {
        "mural_name": "The Time, Our Place, The Sound",
        "artist": "Ernel Martinez",
        "address": "7172 Ogontz Ave, Philadelphia, Pennsylvania, 19138, USA",
        "media": [
          "8a050bf35205f4649f8ee66c4e10a205"
        ]
      }
    },
    {
      "type": "Feature",
      "geometry": {
        "type": "Point",
        "coordinates": [
          -75.12797007320513,
          39.99546898435287
        ]
      },
      "properties": {
        "mural_name": "The Times",
        "artist": "Tyree Guyton",
        "address": "E Indiana Ave & A St, Philadelphia, Pennsylvania, 19134, USA",
        "media": [
          "a3b50ce94c3fb3ca53c1d5341a2f06e4"
        ]
      }
    },
    {
      "type": "Feature",
      "geometry": {
        "type": "Point",
        "coordinates": [
          -75.15376315016606,
          39.93678283438588
        ]
      },
      "properties": {
        "mural_name": "The Traveling Storyteller",
        "artist": "Lee Behl",
        "address": "601 Carpenter St, Philadelphia, Pennsylvania, 19147, USA",
        "media": [
          "207ef9d74e72726e33874d5900d08145"
        ]
      }
    },
    {
      "type": "Feature",
      "geometry": {
        "type": "Point",
        "coordinates": [
          -75.12384343192608,
          39.99394688109948
        ]
      },
      "properties": {
        "mural_name": "The Tree",
        "artist": "Henry Bermudez",
        "address": "2925 C St, Philadelphia, Pennsylvania, 19134, USA",
        "media": [
          "3de34115c1fbef74c8335dec5f7ae2a5"
        ]
      }
    },
    {
      "type": "Feature",
      "geometry": {
        "type": "Point",
        "coordinates": [
          -75.14523561216198,
          39.98931460053765
        ]
      },
      "properties": {
        "mural_name": "The Tree is a City (Birds, City Tree, Community Tree, Tree of Honor)",
        "artist": "Jennie Shanker",
        "address": "720 W Cumberland St, Philadelphia, Pennsylvania, 19133, USA",
        "media": [
          "e4d377ab747fe8e52a53869069cae041",
          "cea4ac5e429bdd7b1376d0429851ce78",
          "93428ec9846d48a5674febf58ec577ea",
          "224885a688b5083d94739731eebeeaa7",
          "d537c10aac2b9d61c8a0efa65b32b5ba",
          "c2bbc37ffd29638957e2e3af0b8c9dbf",
          "f7c9a5adae97ee770731ad03f6b081b0",
          "a15c9651a6be65dcc7ca1d928a415043",
          "344e22f3176da29a26df9b58710a2c2a",
          "52235718692fc2a042f6a44d9060e4b2",
          "ea044606438de0e53f639689d1058b41",
          "708ccd53b967cab84bc5fba05057a2e5",
          "6f88033190e9b5dd9e0bfbc9c446921f",
          "a4d461233ba671e4c08c666d5d47b135"
        ]
      }
    },
    {
      "type": "Feature",
      "geometry": {
        "type": "Point",
        "coordinates": [
          -75.1749683878715,
          39.970309633673416
        ]
      },
      "properties": {
        "mural_name": "The Tree of Life",
        "artist": "Rymma Mylenkova",
        "address": "800 N 23rd St, Philadelphia, Pennsylvania, 19130, USA",
        "media": [
          "fc90f7e5af3e1da9084754cd23de2917",
          "83e7dd1c54d2778a1b863d7dbca66c19",
          "dedfc2e67d66d656b064506e9c0f5222",
          "e9ca454a1f8f86f1129b631cfd228ad9",
          "76d9bec4fe5e175499d74e25bdb891f5"
        ]
      }
    },
    {
      "type": "Feature",
      "geometry": {
        "type": "Point",
        "coordinates": [
          -75.20004707443614,
          39.95618890079324
        ]
      },
      "properties": {
        "mural_name": "The Tuskegee Airmen: They Met the Challenge",
        "artist": "Marcus Akinlana",
        "address": "20 S 39th St, Philadelphia, Pennsylvania, 19104, USA",
        "media": [
          "64c78b406602156aeef71b966524aa55",
          "9233137e8de3b8c6b6cee4c2d532a370"
        ]
      }
    },
    {
      "type": "Feature",
      "geometry": {
        "type": "Point",
        "coordinates": [
          -75.1561681737669,
          39.949939149800656
        ]
      },
      "properties": {
        "mural_name": "The Underground Railroad",
        "artist": "Sam Donovan",
        "address": "908 Chestnut St, Philadelphia, Pennsylvania, 19107, USA",
        "media": [
          "5f77fe8537a3311ea6a1d573c2aff93b"
        ]
      }
    },
    {
      "type": "Feature",
      "geometry": {
        "type": "Point",
        "coordinates": [
          -75.17896954492723,
          40.054584723437785
        ]
      },
      "properties": {
        "mural_name": "The Universal Principle of a Mother's Love",
        "artist": "Parris Stancell",
        "address": "6607 Chew Ave, Philadelphia, Pennsylvania, 19119, USA",
        "media": [
          "ff4eb916514960fee059977dd67adc89"
        ]
      }
    },
    {
      "type": "Feature",
      "geometry": {
        "type": "Point",
        "coordinates": [
          -75.14979147451864,
          39.95403365005439
        ]
      },
      "properties": {
        "mural_name": "The Universe of Possibilities",
        "artist": "Baily Cypress",
        "address": "150 N 6th St, Philadelphia, Pennsylvania, 19106, USA",
        "media": [
          "9bb12c09288233c982431f0b56e1e533",
          "059131ce13b2e453347b50abbb1780c3",
          "88f9b942841aa042e6db5586e92f4a1c",
          "fc33ae0d73270581f6ca93dcc1f63321",
          "5bea1a0f0f057d2be4535f87138903b4"
        ]
      }
    },
    {
      "type": "Feature",
      "geometry": {
        "type": "Point",
        "coordinates": [
          -75.14590546209807,
          39.961006528695755
        ]
      },
      "properties": {
        "mural_name": "The Value of Family",
        "artist": "Eric Okdeh",
        "address": "499 N 5th St, Philadelphia, Pennsylvania, 19123, USA",
        "media": [
          "6daf9639244a91918dfa06b243a3005c",
          "715891784b84305c519de182e974ae62",
          "f1f440fbf9c84de587b4ac8398da9a1e",
          "1681c81de4b768756faff7911391dcab",
          "6a3378fc0e6971be5fbe74654a2d9e95"
        ]
      }
    },
    {
      "type": "Feature",
      "geometry": {
        "type": "Point",
        "coordinates": [
          -75.13046185854593,
          39.97775572981517
        ]
      },
      "properties": {
        "mural_name": "The Vegetable Garden",
        "artist": "Jane Degenhardt-Kutzer",
        "address": "1831 Frankford Ave, Philadelphia, Pennsylvania, 19125, USA",
        "media": [
          "e24378d04b1d3fa444464d880c3733b4"
        ]
      }
    },
    {
      "type": "Feature",
      "geometry": {
        "type": "Point",
        "coordinates": [
          -75.1628720672084,
          39.96730835160281
        ]
      },
      "properties": {
        "mural_name": "The Watchers",
        "artist": "Vanise Clay",
        "address": "1515 Fairmount Ave, Philadelphia, Pennsylvania, 19130, USA",
        "media": [
          "3f1e7ac4bd7351340441d69ce6feaa2c"
        ]
      }
    },
    {
      "type": "Feature",
      "geometry": {
        "type": "Point",
        "coordinates": [
          -75.20971376671854,
          39.95370788430174
        ]
      },
      "properties": {
        "mural_name": "The Wonders of Radio",
        "artist": "David McShane",
        "address": "4314 Locust St, Philadelphia, Pennsylvania, 19104, USA",
        "media": [
          "9c45a4d0c5b3847287cfda2a7d8366b9"
        ]
      }
    },
    {
      "type": "Feature",
      "geometry": {
        "type": "Point",
        "coordinates": [
          -75.15501690260265,
          39.960655943680806
        ]
      },
      "properties": {
        "mural_name": "The World is a Ghetto",
        "artist": "Sean 9 Lugo",
        "address": "448 N 10th St, Philadelphia, Pennsylvania, 19123, USA",
        "media": [
          "c5cc460ccb8732b6ab7783fe775056bc",
          "ae7e12964000ade692e84ed2e58f114c",
          "575d417c866bfabb973aa5d8953ebc55",
          "524c13a80f8a38a2304fa0355340beb5",
          "dc6b511a6be64e6b1df7a171c976bdca",
          "50acee4d1d0cd1f604f46c452e9a90c3",
          "d2d23cfc987e311db74d603ba7d10f93",
          "350495dfc39fa8653545c95d97abcbd5",
          "7567a14517651adddb4d60af047c14a7",
          "ecaac3fe7719d7b580b3a0a7df03d391",
          "a09ec4af7ec2482c8a48ffb0167c9f26",
          "9a586caf5c98007519fcc22be23a994a",
          "4d0e7c90ce74a85a056c21abce11b29f",
          "e2284dcacddefe6e07345ed06b2e77dd",
          "6b49f81c6bbb698a71464b7a0497d3aa",
          "3affb994bb659262d313386425ac3adf",
          "7c25ba0c2db9fce3e4a6b826ded11d90",
          "a57bfdf7d9d6218124b64a485abb42c9",
          "93b84dae9d577deed4a7c1967b3dc6c9",
          "87a42aa50eeb9a4e2046f8a901196867",
          "89fe0872e0ccd97f0537edaa63356e5f",
          "939c38d73797be215eec46e78f7db518",
          "cb620a2e16452631e56520a15f55beb5",
          "33ce7dbcca189cf3c1983f43c24d8a3f",
          "7052c9c0cc15d917e80f5edf86f19f0a",
          "cc4771b078d0bb31e094a952fdbdfa4f",
          "2f2566734c837fcbeb8a007b5357d2f4",
          "2fa3d5bb894afba269276902990acb9c",
          "bc3f9b1510a543886bfea3fe32ceb7f3",
          "c3d80238d450e0034c7788ca8bc059c1",
          "bb71d1d7ac33157f006302121bcfeb67"
        ]
      }
    },
    {
      "type": "Feature",
      "geometry": {
        "type": "Point",
        "coordinates": [
          -75.15418091781174,
          40.000313996444824
        ]
      },
      "properties": {
        "mural_name": "The World is Yours",
        "artist": "Ernel Martinez",
        "address": "1429 W Clearfield St, Philadelphia, Pennsylvania, 19132, USA",
        "media": [
          "9750475b60e40b1d649c574548072769"
        ]
      }
    },
    {
      "type": "Feature",
      "geometry": {
        "type": "Point",
        "coordinates": [
          -75.21512453770714,
          40.0340351288986
        ]
      },
      "properties": {
        "mural_name": "The World on a Turtle",
        "artist": "Dennis Haugh",
        "address": "6109 Ridge Ave, Philadelphia, Pennsylvania, 19128, USA",
        "media": [
          "db49b0754acdb42d56b7a0c60af83125",
          "e7954ef3b432612c6e3310f6c7b1c7ba",
          "d83ce42f12e6dd9473936ac998e89d3f"
        ]
      }
    },
    {
      "type": "Feature",
      "geometry": {
        "type": "Point",
        "coordinates": [
          -75.06985697636392,
          40.05638104309971
        ]
      },
      "properties": {
        "mural_name": "The World Tree: Folklore and Fairytales",
        "artist": "Shawn Alleyne",
        "address": "1601 Cottman Ave, Philadelphia, Pennsylvania, 19111, USA",
        "media": [
          "1151a539a6b26692d4b92e2654b1148f",
          "57a8c395f5240ccf8fcedd9141a2c551"
        ]
      }
    },
    {
      "type": "Feature",
      "geometry": {
        "type": "Point",
        "coordinates": [
          -75.16489794569098,
          39.94451328133786
        ]
      },
      "properties": {
        "mural_name": "Theatre of Life",
        "artist": "Meg Saligman",
        "address": "507 S Broad St, Philadelphia, Pennsylvania, 19147, USA",
        "media": [
          "d06ed7b790b9741cd0b72f5e3be0d6fb"
        ]
      }
    },
    {
      "type": "Feature",
      "geometry": {
        "type": "Point",
        "coordinates": [
          -75.15575924554253,
          39.960630606458906
        ]
      },
      "properties": {
        "mural_name": "There Is Trouble 'Til The Robins Come",
        "artist": "Dennis McNett",
        "address": "1025 Hamilton St, Philadelphia, Pennsylvania, 19123, USA",
        "media": [
          "24145fe6afaec0267efafaccf267b18d",
          "412819adcacbeb9014b69b6713d3cfb2",
          "bd32c8a3b3702d52189cf6b141059ae7",
          "f22c5a96a5c7eb8c64febb962a465946",
          "8bd795585c2c902ddd4b5a48b225ab73",
          "9bfe61b4e51eb33c45ab6e58ba098ff3",
          "56aeccf46863228007f10b8be0747f8f"
        ]
      }
    },
    {
      "type": "Feature",
      "geometry": {
        "type": "Point",
        "coordinates": [
          -75.13998850633777,
          40.038556546931105
        ]
      },
      "properties": {
        "mural_name": "This Deep Desire",
        "artist": "Danny Simmons",
        "address": "5604 N Marvine St, Philadelphia, Pennsylvania, 19141, USA",
        "media": [
          "d828430d453d5cd0c42e501f2782227a"
        ]
      }
    },
    {
      "type": "Feature",
      "geometry": {
        "type": "Point",
        "coordinates": [
          -75.12459326357843,
          39.994802005491884
        ]
      },
      "properties": {
        "mural_name": "this is a HOPE Poem...(have you ever heard of ONE?)",
        "artist": "Ursula Rucker",
        "address": "348 E Indiana Ave, Philadelphia, Pennsylvania, 19134, USA",
        "media": [
          "9ae27397eb7d48235b87af278ee4a543",
          "2e985197c7522f7d1679de4079669e22",
          "c4daf9882de90c09a0f96d6ee6502f7b",
          "a09cdf8727f8b152e67f7a12d9258c40",
          "43c572b178420bb0c9629a1ea74bbcc2"
        ]
      }
    },
    {
      "type": "Feature",
      "geometry": {
        "type": "Point",
        "coordinates": [
          -75.12910967731496,
          39.995645369393216
        ]
      },
      "properties": {
        "mural_name": "this is a HOPE Poem...(have you ever heard of ONE?)",
        "artist": "Ursula Rucker",
        "address": "3000 N Water St, Philadelphia, Pennsylvania, 19134, USA",
        "media": [
          "5d5a53013ea66a3334832677400a3118",
          "013cf037eac06166dc4b6749e522adb2",
          "a9238a19bc6e79dc09650887014a1c29",
          "236cfe40eaa35df54644bb5419151254",
          "fc5cd3b97ba0032f74d94ed299089cd4",
          "7f6dcc8d701e2f7091eb4e23be905b9a",
          "54c990454864921f7297f82b4b80d7ed"
        ]
      }
    },
    {
      "type": "Feature",
      "geometry": {
        "type": "Point",
        "coordinates": [
          -75.12274863192606,
          39.99457459895221
        ]
      },
      "properties": {
        "mural_name": "this is a HOPE Poem...(have you ever heard of ONE?)",
        "artist": "Ursula Rucker",
        "address": "436 E Indiana Ave, Philadelphia, Pennsylvania, 19134, USA",
        "media": [
          "86d89da4c73bf03a4a7f3a9f61b543ab"
        ]
      }
    },
    {
      "type": "Feature",
      "geometry": {
        "type": "Point",
        "coordinates": [
          -75.1288042030905,
          39.995612557575946
        ]
      },
      "properties": {
        "mural_name": "this is a HOPE Poem...(have you ever heard of ONE?)",
        "artist": "Ursula Rucker",
        "address": "3001 N Water St, Philadelphia, Pennsylvania, 19134, USA",
        "media": [
          "c18daf840e6e42cd87825d575fd8a128",
          "013cf037eac06166dc4b6749e522adb2",
          "a9238a19bc6e79dc09650887014a1c29",
          "236cfe40eaa35df54644bb5419151254",
          "f8f7f0fad19914daefa01765bbeed0ce",
          "579fa6db07ebde037cf4259ab72df66f",
          "fc5cd3b97ba0032f74d94ed299089cd4"
        ]
      }
    },
    {
      "type": "Feature",
      "geometry": {
        "type": "Point",
        "coordinates": [
          -75.16947749851776,
          39.98924757977691
        ]
      },
      "properties": {
        "mural_name": "This We Believe: Living in the Presence of History",
        "artist": "Eric Okdeh",
        "address": "2200 N 22nd St, Philadelphia, Pennsylvania, 19132, USA",
        "media": [
          "38abcfd5d41e6e54255d1f56b132e002",
          "505763b3ff1c06effbde1532092b687c",
          "46916f57c9ede34bfdb7cc5675e37e95",
          "7422feec052104f80ef3f54d8b89dd7a",
          "0a4fa1cffaf1b60d1098602aeb9cd1c0",
          "e65fda0d9fbccdd30ce4e90fc47c5bb2",
          "dd973710c8b4a2fcd03b7aa9aafbed55",
          "d9ad19623c00ac3a51d0352a8ea6d662",
          "162348b0772e60ce6a962e2ff2914cd1"
        ]
      }
    },
    {
      "type": "Feature",
      "geometry": {
        "type": "Point",
        "coordinates": [
          -75.12917367108052,
          40.01209308660896
        ]
      },
      "properties": {
        "mural_name": "Thomas Alva Edison High School Mosaic Mural (title unknown)",
        "artist": "Paul Santoleri",
        "address": "151 W Luzerne St, Philadelphia, Pennsylvania, 19140, USA",
        "media": [
          "a909371f32276d70d25e523810db81b8",
          "3e2674d44ca256bab662854584b7a30c",
          "f21be200fbb216f0137a2d49b4d7533a",
          "389f57408fff1f3079eb4466d38ac094",
          "c976e5a2af5e7005fa43447bf0674b91",
          "509d68ac4f7cbaa3f98493a2e9212824",
          "c6443455a1db83fdf7532149bebb6f06"
        ]
      }
    },
    {
      "type": "Feature",
      "geometry": {
        "type": "Point",
        "coordinates": [
          -75.23085227025655,
          39.92153867065477
        ]
      },
      "properties": {
        "mural_name": "Those Who Met the Sun",
        "artist": "Marian Bailey",
        "address": "6601 Elmwood Ave, Philadelphia, Pennsylvania, 19142, USA",
        "media": [
          "2463d2d4a96a64d8bb5cbce31c234fb5",
          "06b2fdc423a1e6accd00554e8fc6a90e"
        ]
      }
    },
    {
      "type": "Feature",
      "geometry": {
        "type": "Point",
        "coordinates": [
          -75.2268067958255,
          39.93430627837483
        ]
      },
      "properties": {
        "mural_name": "Threads of Joy: Celebrating the Golden Years",
        "artist": "Kelley Prevard",
        "address": "2000 S 58th St, Philadelphia, Pennsylvania, 19143, USA",
        "media": [
          "ecaec72217f9a55d164f3c3998be110e",
          "ed4c570903234d5ec0593f040ccac2e6",
          "d134b660d1428234653b0f09667df208",
          "64c3799214635faecb3624dc844d7cc9",
          "fd1ca5e0c4a58e0214715b3e92db683a",
          "f3e3bf564c4556f2b17f86be453c3fa8"
        ]
      }
    },
    {
      "type": "Feature",
      "geometry": {
        "type": "Point",
        "coordinates": [
          -75.13835327934957,
          39.991320574156006
        ]
      },
      "properties": {
        "mural_name": "Through a Child's Eyes (Fairhill Square Park Pillars)",
        "artist": "Delia King",
        "address": "2601 N Lawrence St, Philadelphia, Pennsylvania, 19133, USA",
        "media": [
          "4388dbcd3b04956aaa16ef881d7965b9",
          "6786645942e1b86205fae8449016ed0c",
          "e5e7dd327325e09715a8537d3edf2add",
          "d3cc2462a0e4f7e6e2b8bff92cf25b6c",
          "d5f25dd5d19cf54aa927ea619f7ebb01",
          "679e5a90ddd1b288d337a95a78927022",
          "aaa7f3b75a78e436ffa9334d38b7feee",
          "7aae0222afe3f5b685fd4f6a834f07f2",
          "7aae0222afe3f5b685fd4f6a834f07f2",
          "2de84480168d0064e319e86f014b2b99",
          "f9ad516fa270d4e39093d4ff1c93a459",
          "bedb30176d56dd7c31659ef7640c3a63",
          "6cdc1410d7af71f06ef4203183e7533a"
        ]
      }
    },
    {
      "type": "Feature",
      "geometry": {
        "type": "Point",
        "coordinates": [
          -75.1430763647951,
          39.96473110340053
        ]
      },
      "properties": {
        "mural_name": "Through The Cracks In The Pavement",
        "artist": "Paul Santoleri",
        "address": "717 N 5th St, Philadelphia, Pennsylvania, 19123, USA",
        "media": [
          "58beddf12cd2b2d1874f504c643934c2"
        ]
      }
    },
    {
      "type": "Feature",
      "geometry": {
        "type": "Point",
        "coordinates": [
          -75.21216931609509,
          39.93290591633042
        ]
      },
      "properties": {
        "mural_name": "Tide Field",
        "artist": "Stacy Levy",
        "address": "5400 Lindbergh Blvd, Philadelphia, Pennsylvania, 19143, USA",
        "media": [
          "8bbf84c5ee212f5159d01e89eeb2f494",
          "292ae3bcb211e7ccce0cd30a35738af4",
          "f8127760e471b45d56d0ba7c1aa488d8",
          "2bdbd7853f2916ae7fc1323b637f9858",
          "88acc18b7d1ce14f9b5b9456fb9f8a23",
          "146531e47ebcb500d621520bc0b5d2fd",
          "174dfa632fdd0955fb023560907bd094",
          "ee6d9e9e68229e87c770cc814532cb0f"
        ]
      }
    },
    {
      "type": "Feature",
      "geometry": {
        "type": "Point",
        "coordinates": [
          -75.21483818407208,
          39.96641144989726
        ]
      },
      "properties": {
        "mural_name": "Tiffany Fletcher Mural",
        "artist": "Teacup Collective",
        "address": "4700 Brown St, Philadelphia, Pennsylvania, 19139, USA",
        "media": [
          "bdd2a3137be92ba114ee61451d212560",
          "d5e590d2a96a05098295a8d90c6d0a22",
          "a87c8c1f61164e7d48ca630c3200c662"
        ]
      }
    },
    {
      "type": "Feature",
      "geometry": {
        "type": "Point",
        "coordinates": [
          -75.15822250260388,
          39.924673575353935
        ]
      },
      "properties": {
        "mural_name": "Tiger",
        "artist": "Shira Walinsky",
        "address": "702 Dudley St., Philadelphia, Pennsylvania, 19148, USA",
        "media": [
          "55fc4245996ad8d69e9c1cc73534fb58",
          "3c175ac3c03089256d449210a1bfcb9f",
          "c37a7e942ed9deb458003573600192b2",
          "a258d93f7526d2299614fa9d02c535c5",
          "8e4816adfca0a972966010f6c11e3c3c"
        ]
      }
    },
    {
      "type": "Feature",
      "geometry": {
        "type": "Point",
        "coordinates": [
          -75.19166760889763,
          39.965374305592086
        ]
      },
      "properties": {
        "mural_name": "Tim Spencer: Son of Mantua",
        "artist": "Willis \"Nomo\" Humphrey",
        "address": "624 N 34th St, Philadelphia, Pennsylvania, 19104, USA",
        "media": [
          "33e04d39fb6ce67890c4199337ee9373"
        ]
      }
    },
    {
      "type": "Feature",
      "geometry": {
        "type": "Point",
        "coordinates": [
          -75.15873249895463,
          40.02374672517543
        ]
      },
      "properties": {
        "mural_name": "Time Line 23 / Junction",
        "artist": "Matthew Halm",
        "address": "4500 Germantown Ave, Philadelphia, Pennsylvania, 19144, USA",
        "media": [
          "a9a9931f7aeafeaa8bf70b5577819a17",
          "d8de198072669ad6bb9ad1a8ac783530",
          "471ba05ef3c93d27f0fe6a49097172a6",
          "c6a3066e92db343b7e79887f4d8d81a4"
        ]
      }
    },
    {
      "type": "Feature",
      "geometry": {
        "type": "Point",
        "coordinates": [
          -75.1924834737663,
          39.967007457074615
        ]
      },
      "properties": {
        "mural_name": "Timeless Journey: A Tribute to Patti LaBelle (Reenvisioning)",
        "artist": "Peter Pagast",
        "address": "3402 Mantua Ave, Philadelphia, Pennsylvania, 19104, USA",
        "media": [
          "f42cc96fafce6ead2f2edf655f56b284"
        ]
      }
    },
    {
      "type": "Feature",
      "geometry": {
        "type": "Point",
        "coordinates": [
          -75.21633893589382,
          39.942885442260774
        ]
      },
      "properties": {
        "mural_name": "To Be Continued Part 1",
        "artist": "Wade H. Williams",
        "address": "4901 Kingsessing Ave, Philadelphia, Pennsylvania, 19143, USA",
        "media": [
          "b980fffbe53e8969b4a23853f8699844"
        ]
      }
    },
    {
      "type": "Feature",
      "geometry": {
        "type": "Point",
        "coordinates": [
          -75.1423959467826,
          39.9835042231556
        ]
      },
      "properties": {
        "mural_name": "To Mondrian",
        "artist": "Ana Uribe",
        "address": "2110 N 5th St, Philadelphia, Pennsylvania, 19122, USA",
        "media": [
          "03232b7ed0cc33280a4456124ccd2cb1",
          "348f351fc775fc99742909e0a3dfa012",
          "f0f0fe9b7b3463ca6b3dff3361eec37a",
          "e0b77903651c96aa48ceae2d7522947d",
          "05909cf3b7e90c1e56a49312b79c6661",
          "353cf503537a50bfa9ec79abb739b54a",
          "cc1bf7e9bb71ffd77dfd5434f2a9f79c"
        ]
      }
    },
    {
      "type": "Feature",
      "geometry": {
        "type": "Point",
        "coordinates": [
          -75.161115647706,
          39.981534483381324
        ]
      },
      "properties": {
        "mural_name": "To Protect and Serve",
        "artist": "Cesar Viveros",
        "address": "1747 N 17th St, Philadelphia, Pennsylvania, 19121, USA",
        "media": [
          "38483e7b95fcdd2f2611c978b2857541",
          "de1e4a5b7963e2f16e39a5893149443b",
          "3b177eb5c6f9cbc6c29bb877dd48ea05",
          "6ed792170f976faba39ba09cc281985a"
        ]
      }
    },
    {
      "type": "Feature",
      "geometry": {
        "type": "Point",
        "coordinates": [
          -75.15501690260265,
          39.960655943680806
        ]
      },
      "properties": {
        "mural_name": "To the Polls (2018)",
        "artist": "Blur",
        "address": "448 N 10th St, Philadelphia, Pennsylvania, 19123, USA",
        "media": [
          "f5b5547f1238bc25799719e9549a8867",
          "505ebddd322e1c6ddad2181f747e750f",
          "13ce10eb7af6d594dbdaa0e9c2cd07d7",
          "c0e07310fb1de18e8174786aad5c3045",
          "b563734a40a5e58c4c605e685583e36d",
          "a1d4e53a385d4c5da485171f1e844407",
          "9cbd1987864619796a496c34d207fe75",
          "41bbace6c489c1e3ba0fe2dbec2739bc",
          "a1d4e53a385d4c5da485171f1e844407",
          "04c09d55c79a8027a8058cbab9313221"
        ]
      }
    },
    {
      "type": "Feature",
      "geometry": {
        "type": "Point",
        "coordinates": [
          -75.16656502958595,
          39.9539927385895
        ]
      },
      "properties": {
        "mural_name": "To the Polls (2020)",
        "artist": "Candy Alexandra González",
        "address": "16th Street & John F. Kennedy Blvd, Philadelphia, Pennsylvania, 19102, USA",
        "media": [
          "b325406e70245df888d74355c70d43ad",
          "f2bda3008a323ba96bd5eb9035a26bdd",
          "9eb49d13a011fe857e4026873365824c",
          "a2147f18d7677befd556f87b96c880e3",
          "aa3ec8e79038cf89de2f89e059d3e814",
          "3ca1c668f2bb3b771c8f86ce27de8186",
          "3ca1c668f2bb3b771c8f86ce27de8186",
          "d07d971fcf26ef373dd06dcd5e34d5b9",
          "5bf91973c98e48eb88095e09bcf10653",
          "226914a384b1a54a1bc49770c74aa376",
          "b4cd6586cb0ee82a7401bf0a87d05fae",
          "89653d7c9f7f5af747bf69714d09b6a6",
          "af6c89b68230f55f0314cbc6be0a06b4",
          "737b0387ffb33d0fba1027ebdb0d2b0a"
        ]
      }
    },
    {
      "type": "Feature",
      "geometry": {
        "type": "Point",
        "coordinates": [
          -75.16656502958595,
          39.9539927385895
        ]
      },
      "properties": {
        "mural_name": "To the Polls (2022)",
        "artist": "De'von Downes",
        "address": "16th Street & John F. Kennedy Blvd, Philadelphia, Pennsylvania, 19102, USA",
        "media": [
          "704c5d7fa446b7e0d238f0cb711341b4",
          "b8a2cc50ce6206c2005dbd2b1d188fee",
          "a3ab2fc54616fb710c07f43cd5a1b832",
          "94b2844368092c6bbbef4399056484a7",
          "279ddb95966127ede6c8baa7490154d3",
          "ffed2e69f971fcc3bbc28464ac7d27ae",
          "288c276506a6ace803bbb2ac86d669ec",
          "a3975fd2114dca8cf126f117f3026a66",
          "e0e5ef85ce72989df03c6684654bfb42",
          "2f4487349388e9450c77e41b85453948",
          "362f773b4fc60e4693162b9e3f52cb9b",
          "70d249fdeafdaaf4a68f75d4b3605175",
          "7e9f847c06d7c18435478961a285144d"
        ]
      }
    },
    {
      "type": "Feature",
      "geometry": {
        "type": "Point",
        "coordinates": [
          -75.16656502958595,
          39.9539927385895
        ]
      },
      "properties": {
        "mural_name": "To the Polls (2024)",
        "artist": "Alloyius Mcilwaine",
        "address": "16th Street & John F. Kennedy Blvd, Philadelphia, Pennsylvania, 19102, USA",
        "media": [
          "0d812efddc442032cb049f0bf0d5ce52",
          "b563b698594941f4d41d5816a87c6115",
          "96d7bf3c9027c74f83199c4acdbcf39d",
          "b04cb7443415dffe7e150a64854821a1",
          "5e882b6f6c5f5e1d32212620975d677e",
          "f0a39d6df60d28afeac1af26c74edebe",
          "dc8c7505b23b5b29d02ae20d0dfb84aa",
          "64566f10146dcf60755e2d89c3a1b0f4"
        ]
      }
    },
    {
      "type": "Feature",
      "geometry": {
        "type": "Point",
        "coordinates": [
          -75.143076,
          39.97371
        ]
      },
      "properties": {
        "mural_name": "Today I Can See In Color",
        "artist": "Katie Yamasaki",
        "address": "426 W Jefferson St, Philadelphia, Pennsylvania, 19122, USA",
        "media": [
          "3322a79b4e3d260307c562cacd039244",
          "1ea6cb8efc1db73b00788eb89adf58b5"
        ]
      }
    },
    {
      "type": "Feature",
      "geometry": {
        "type": "Point",
        "coordinates": [
          -75.16832244255178,
          39.969147788137505
        ]
      },
      "properties": {
        "mural_name": "Together",
        "artist": "Dietrich L. Adonis",
        "address": "806 N 19th St, Philadelphia, Pennsylvania, 19130, USA",
        "media": [
          "1d47e4257939331129f82705938b5ad6",
          "ce7ffa99df4834dd1214a7f47cbc310e"
        ]
      }
    },
    {
      "type": "Feature",
      "geometry": {
        "type": "Point",
        "coordinates": [
          -75.13742517309151,
          39.97654347620143
        ]
      },
      "properties": {
        "mural_name": "Together Moving Mountains",
        "artist": "Ricky Lee Gordon, aka Freddy Sam",
        "address": "161 Cecil B. Moore Ave, Philadelphia, Pennsylvania, 19122, USA",
        "media": [
          "054ca898e07ae70021242c49cca8845a",
          "56f808b3ec4b09d527f744226f347ae8",
          "59279e4e7afffafd9016782f6776f632",
          "8d4a3ead841c74ef83c221ceeb391665"
        ]
      }
    },
    {
      "type": "Feature",
      "geometry": {
        "type": "Point",
        "coordinates": [
          -75.15670957036933,
          39.90257933218584
        ]
      },
      "properties": {
        "mural_name": "Together We Can",
        "artist": "Jenna Price",
        "address": "3616 S Galloway St, Philadelphia, Pennsylvania, 19148, USA",
        "media": [
          "af284b3815e10b4c33b0ea7acc22789d",
          "7394961f150f578bd132fd5c6080f094",
          "69a916d2f473da318357e0157b3c3d5f",
          "c780445c3a4c67173897cbd064db5d03",
          "fa84e54f9c8d2327dc4239d89b53790f",
          "b2de952c204c8a7c5e31d78e9d6f30b7",
          "85ec9626bd0be66b7d6d92fd18d78653"
        ]
      }
    },
    {
      "type": "Feature",
      "geometry": {
        "type": "Point",
        "coordinates": [
          -75.14703677376527,
          39.99797887881431
        ]
      },
      "properties": {
        "mural_name": "Together We Can (The Anti-Drug Mural)",
        "artist": "Ras Malik",
        "address": "3002 Germantown Ave, Philadelphia, Pennsylvania, 19133, USA",
        "media": [
          "d220227060041d709c051405d346b321",
          "3c24b2dfc39bbd3ca5409d836dd6f1bc"
        ]
      }
    },
    {
      "type": "Feature",
      "geometry": {
        "type": "Point",
        "coordinates": [
          -75.21522030945212,
          39.97190810271555
        ]
      },
      "properties": {
        "mural_name": "Together We Shine",
        "artist": "Gabe Tiberino",
        "address": "4701 Lancaster Ave, Philadelphia, Pennsylvania, 19131, USA",
        "media": [
          "5da9b788694b2c9df960401457cb64a4",
          "4a7141ff61df7d6b3fafe8fdbc16bca4",
          "51592dc122d9b828d796b98bfa4b90a4",
          "6dd3a6e0f72f1b0811732483e4e463d3"
        ]
      }
    },
    {
      "type": "Feature",
      "geometry": {
        "type": "Point",
        "coordinates": [
          -75.14521324115957,
          39.99760937741087
        ]
      },
      "properties": {
        "mural_name": "Together We Stand, Divided We Fall",
        "artist": "John Lewis",
        "address": "901 W Indiana Ave, Philadelphia, Pennsylvania, 19133, USA",
        "media": [
          "20a42d49f8ee41d821011c2cb21754cb"
        ]
      }
    },
    {
      "type": "Feature",
      "geometry": {
        "type": "Point",
        "coordinates": [
          -75.04576466989555,
          40.02908590839451
        ]
      },
      "properties": {
        "mural_name": "Tomorrow, Our Seeds Will Grow",
        "artist": "Rosie Morales",
        "address": "6801 Cottage St, Philadelphia, Pennsylvania, 19135, USA",
        "media": [
          "87e817193a9f3f3bd3eb9cef30d1d830",
          "feca17e0336e93c1a91c3fc4382ada51"
        ]
      }
    },
    {
      "type": "Feature",
      "geometry": {
        "type": "Point",
        "coordinates": [
          -75.14837649391058,
          39.96178853424212
        ]
      },
      "properties": {
        "mural_name": "Toribo y Francia by Alexsi Morales, in conversation with The Time is Always Now: Artists Reframe the Black Figure",
        "artist": "Alexsi Morales",
        "address": "601 Spring Garden St, Philadelphia, Pennsylvania, 19123, USA",
        "media": [
          "05c269187be7848ee996557842a09b0e",
          "ac41448413d3b1cc83a2726aa29f9e24"
        ]
      }
    },
    {
      "type": "Feature",
      "geometry": {
        "type": "Point",
        "coordinates": [
          -75.13058531813326,
          40.03662189547525
        ]
      },
      "properties": {
        "mural_name": "Toussaint Louverture",
        "artist": "Claes Gabriel",
        "address": "501 W Olney Ave, Philadelphia, Pennsylvania, 19120, USA",
        "media": [
          "2fa7326f9a1cdca52c478ad1fc7bd95e",
          "9bc5caf4a9d023e33afed1354974b92a",
          "fd4a8d5957272b4975343dc3b4cabf88"
        ]
      }
    },
    {
      "type": "Feature",
      "geometry": {
        "type": "Point",
        "coordinates": [
          -75.16408622575575,
          39.950899779684505
        ]
      },
      "properties": {
        "mural_name": "Tower Records",
        "artist": "James Dupree",
        "address": "1402 Chestnut St, Philadelphia, Pennsylvania, 19102, USA",
        "media": [
          "6bd51fff7c1e13bcf1a748cb6da4a55b"
        ]
      }
    },
    {
      "type": "Feature",
      "geometry": {
        "type": "Point",
        "coordinates": [
          -75.20245857512717,
          39.963473287333954
        ]
      },
      "properties": {
        "mural_name": "Tracing the Paths of Belmont History",
        "artist": "Jared Bader",
        "address": "4001 Lancaster Ave, Philadelphia, Pennsylvania, 19104, USA",
        "media": [
          "b8ecedbf154371f08b0bddb671e06b3c"
        ]
      }
    },
    {
      "type": "Feature",
      "geometry": {
        "type": "Point",
        "coordinates": [
          -75.21641383020052,
          39.97878304075983
        ]
      },
      "properties": {
        "mural_name": "Trailblazers of the 4th District",
        "artist": "Priscilla Bell Lamberty",
        "address": "4860 Parkside Ave, Philadelphia, Pennsylvania, 19131, USA",
        "media": [
          "5ab860e83cabce3ab16b22797ac2a6a6",
          "dfb24131a9fb3cb0169fdb2b2a99c079",
          "a364427e1a3d67835d1e8742b85fb2dd",
          "6290b7c59430c9466690096d69813d19",
          "3871d81852e626dcbedf98999d4e2113"
        ]
      }
    },
    {
      "type": "Feature",
      "geometry": {
        "type": "Point",
        "coordinates": [
          -75.12272730335395,
          39.99097009652905
        ]
      },
      "properties": {
        "mural_name": "Train up a child in the way they should go",
        "artist": "Nick Cassway",
        "address": "2755 Kensington Ave, Philadelphia, Pennsylvania, 19134, USA",
        "media": [
          "f91c363322c2314e5b8e7a75f7866fd7",
          "04f70f1c6acbc2fb15dd1bb49daa13bd",
          "6ccac15191014c75b5976cb6f5f83781",
          "c10860ae229dfc77d07660bb246aec80",
          "7c0ae05b8c4e1d30f65165aa3d8a3b3f",
          "81e5f22b9f458407594f36c0e1b7d499"
        ]
      }
    },
    {
      "type": "Feature",
      "geometry": {
        "type": "Point",
        "coordinates": [
          -75.17030763588589,
          39.949388025484694
        ]
      },
      "properties": {
        "mural_name": "Tranquil Lotus",
        "artist": "Melissa Mandel",
        "address": "227 S 18th St, Philadelphia, Pennsylvania, 19103, USA",
        "media": [
          "6be01ee5f7155d01e145ab6ff71cc389",
          "49c3afe3cfead8ed4c68bf555bdb70f5",
          "65a8a746b848709825a53944fde4d6e9",
          "933651f7cf2287d11ba1c63e1823e817",
          "262b7b7b639f6c0c9eb6d4733914d251",
          "706a62a8dfd9d954d58e7e73701c837d"
        ]
      }
    },
    {
      "type": "Feature",
      "geometry": {
        "type": "Point",
        "coordinates": [
          -75.45030878926458,
          40.116235450881206
        ]
      },
      "properties": {
        "mural_name": "Transformation (mural by Angela Crafton at St. Gabriel's Hall)",
        "artist": "Angela Crafton",
        "address": "1350 Pawlings Road, Norristown, Pennsylvania, 19128, USA",
        "media": [
          "caf4b593a79cd4c7a2877e10ce55bb71"
        ]
      }
    },
    {
      "type": "Feature",
      "geometry": {
        "type": "Point",
        "coordinates": [
          -75.15509249445721,
          39.968756397982325
        ]
      },
      "properties": {
        "mural_name": "Transformation (mural by Burton J. Dodge at John F. Street Community Center)",
        "artist": "Burton J. Dodge",
        "address": "1100 Poplar Street, Philadelphia, Pennsylvania, 19123, USA",
        "media": [
          "c0770d0301c24accea546f42769acbc9"
        ]
      }
    },
    {
      "type": "Feature",
      "geometry": {
        "type": "Point",
        "coordinates": [
          -75.20330474493049,
          39.95713720594792
        ]
      },
      "properties": {
        "mural_name": "Transformation (mural by Eric Okdeh at 4040 Market Street)",
        "artist": "Eric Okdeh",
        "address": "4040 Market St, Philadelphia, Pennsylvania, 19104, USA",
        "media": [
          "732b51aa445b7df9355f91ef0b5e4778",
          "1bc3c27d8df325705e1d8ebba4157c9a"
        ]
      }
    },
    {
      "type": "Feature",
      "geometry": {
        "type": "Point",
        "coordinates": [
          -75.1690477,
          39.9654291
        ]
      },
      "properties": {
        "mural_name": "Transformation (Restorative Justice Billboard Project)",
        "artist": "Ken McFarlane",
        "address": "1727-29 Mt. Vernon Street, Philadelphia, Pennsylvania, 19107, USA",
        "media": [
          "1740803ac40721935213f98123a957e9",
          "2f4d1062c42f932b044b7b4091c6474b",
          "a9bd288b0c293013facdfd9da80fa566",
          "2997204320f4996f28be9b6101ad2b28",
          "a09c4268f7a7192edb06eaddc0a3e144",
          "9704931c5a17a97944bd904d29c6aa47",
          "5f897f46a860c7981798f032429f6de3",
          "f2af29002f65073f6ff02c2c62b5a5d4",
          "13fc154fa829f0781fa76a8af243807f",
          "cb4c17a774db8a460b74ca8d93c4c24d",
          "df1fe1ea39e6f1d67451941b611b519d",
          "a883b2c68ee3ed2b9f828bcaf2fd43df",
          "1c8890406bfcec91284cbaf0b3e6318b",
          "057bdd6dd0ba17d243997487b13e3a3b",
          "706e51af6bc9738e29b717e69c7bd3ce",
          "da3497230481291a204f69ab1be40741",
          "6c9e057991e6ab2b902ec5b5884e0f89",
          "545f765bb45a6bfc4c8e8e83cdddfb2e",
          "1167cb1a0194698cd77fcc39e7fbc150",
          "c5650651e53b55e48ee17aa721745065",
          "9a116fe3746c504da9d1f2a9ed8c404e",
          "df4247fb78a6826c9c36eccf47fba585",
          "9e0e6e87fbf250fc505a81c6cb63901a",
          "e75236bcd16efbbce8c9cccfef376452",
          "1fea177b4f795b3cfc4032740db9b3c9",
          "1fea177b4f795b3cfc4032740db9b3c9",
          "31a8358d3808614e6de3a2116c2e4c63",
          "cfb218394a21d2379448b704fd1c2def",
          "b879f2313a5ee38cb1ee9bb9af44cc80",
          "afa3b8d1ec5b5c3d682e29abfdbb9aa5",
          "35fef8b927bf7b28877e05050d99ef69"
        ]
      }
    },
    {
      "type": "Feature",
      "geometry": {
        "type": "Point",
        "coordinates": [
          -75.126785,
          39.992275
        ]
      },
      "properties": {
        "mural_name": "Transformation Bridge",
        "artist": "Carlos \"Calo\" Rosa",
        "address": "2808 B St, Philadelphia, Pennsylvania, 19134, USA",
        "media": [
          "abcaf9e73ef744e0007a8586e93c930c",
          "979a70340787af0990389ba7cb42756a",
          "e9c9225c782f9a3d66bcb593501fcf4c",
          "b5bc2d8f70d70f33edd5908f93c3bd75"
        ]
      }
    },
    {
      "type": "Feature",
      "geometry": {
        "type": "Point",
        "coordinates": [
          -75.13603553588355,
          40.019665906088356
        ]
      },
      "properties": {
        "mural_name": "Transforming with Intention",
        "artist": "Betsy Z. Casañas",
        "address": "4455 N 6th St, Philadelphia, Pennsylvania, 19140, USA",
        "media": [
          "592360ed62f3ff0605fff52667ad581b",
          "8eac781f5318784cc5b09a8bab9d07f3"
        ]
      }
    },
    {
      "type": "Feature",
      "geometry": {
        "type": "Point",
        "coordinates": [
          -75.16756802883516,
          39.98310503067769
        ]
      },
      "properties": {
        "mural_name": "Transforming Your Present",
        "artist": "Cathleen Hughes",
        "address": "2016 W Berks St, Philadelphia, Pennsylvania, 19121, USA",
        "media": [
          "81842de99f5f48f2e8a6c61b691a29d3"
        ]
      }
    },
    {
      "type": "Feature",
      "geometry": {
        "type": "Point",
        "coordinates": [
          -75.14629054984226,
          39.92184317655442
        ]
      },
      "properties": {
        "mural_name": "Transition",
        "artist": "Peter Ferrari",
        "address": "31 Snyder Ave, Philadelphia, Pennsylvania, 19148, USA",
        "media": [
          "d2a99310dc32d05f10dd368be4a095ec"
        ]
      }
    },
    {
      "type": "Feature",
      "geometry": {
        "type": "Point",
        "coordinates": [
          -75.11476420260202,
          39.97873606341451
        ]
      },
      "properties": {
        "mural_name": "Transition",
        "artist": "Adam Fujita",
        "address": "2734 E Thompson St, Philadelphia, Pennsylvania, 19134, USA",
        "media": [
          "5d279d46fe762287fa0788e192c9db11",
          "752658f5d7a661d60633a2f930a8d51a",
          "0c159dc2e03fbeb408aa1af57fa446cb",
          "4d699cbf17bfafa92a9690de38904ce1",
          "30fa2d273daef884695ebf0d98796162",
          "65add463b1950332a9fd382cefd923c3",
          "f25f76878d6fb2097066e6fa376739d9",
          "f7dd63e498329a64d4bc3a1049760aeb",
          "9ff0c7c091e45477660572127107de61",
          "6d40f7f7dacf7708efaaac25fb961d60",
          "a0f199c69d04da8f6e0e5a1a8bcea685"
        ]
      }
    },
    {
      "type": "Feature",
      "geometry": {
        "type": "Point",
        "coordinates": [
          -75.209318102027,
          39.95015284971516
        ]
      },
      "properties": {
        "mural_name": "Transition by shanina dionna, in conversation with The Time is Always Now: Artists Reframe the Black Figure",
        "artist": "shanina dionna",
        "address": "4239 Baltimore Ave, Philadelphia, Pennsylvania, 19143, USA",
        "media": [
          "66f5ebe75099eea59939c716a4dd5c2e",
          "c766eb1ac53a2d3f2a27609fe13fc297"
        ]
      }
    },
    {
      "type": "Feature",
      "geometry": {
        "type": "Point",
        "coordinates": [
          -75.17882287389627,
          39.96407744094902
        ]
      },
      "properties": {
        "mural_name": "Tree / The Oval 2024",
        "artist": "Felix St Fort",
        "address": "2451 Benjamin Franklin Pkwy, Philadelphia, Pennsylvania, 19130, USA",
        "media": [
          "1c90e8d661b8c8485acb30c3432ad1d2",
          "a99d6f063db3ab38547232ffdb38dd3c",
          "be5dfdcd3a90ae7906c525de55a310b9",
          "996935b5d8d8a6147da29972cfad470d",
          "13cfb15a1cae15f5d6b8433016cb9629",
          "97b8c518fcce72f8c5b03a0c0b2353b5",
          "6aa9b2c8f0047619b4202ddcf7a29fd8",
          "b26cd486384ed53f8586b0cc877bedb0",
          "6a8a3b0c12b3d96def544b0cc9bf1588",
          "0913d102fbca2b28cd46c4c41389c31e"
        ]
      }
    },
    {
      "type": "Feature",
      "geometry": {
        "type": "Point",
        "coordinates": [
          -75.1614568796875,
          39.9521616215355
        ]
      },
      "properties": {
        "mural_name": "Tree of Knowledge",
        "artist": "Michael Webb",
        "address": "1301 Market St, Philadelphia, Pennsylvania, 19107, USA",
        "media": [
          "8c22d5421390139e3d230ce2c030b5ba",
          "bf43f816f248f12e36ba45a2241e4867"
        ]
      }
    },
    {
      "type": "Feature",
      "geometry": {
        "type": "Point",
        "coordinates": [
          -75.2069924043959,
          39.95628318510369
        ]
      },
      "properties": {
        "mural_name": "Tree of Life",
        "artist": "Shira Walinsky",
        "address": "4238 Chestnut St, Philadelphia, Pennsylvania, 19104, USA",
        "media": [
          "4e474b98f305b485bee19cdf90b94a5f",
          "dfe9863f1f8fa8e877ed07af8b1e325b",
          "c99e21405879a71ac97e128a49539be6",
          "fbbdfa33c7da612a4c789680678de18e"
        ]
      }
    },
    {
      "type": "Feature",
      "geometry": {
        "type": "Point",
        "coordinates": [
          -75.15582951486624,
          40.01959446160179
        ]
      },
      "properties": {
        "mural_name": "Tree of Life (My North Philly: Nicetown)",
        "artist": "Eliseo Art Silva",
        "address": "4305 Germantown Ave, Philadelphia, Pennsylvania, 19140, USA",
        "media": [
          "7f1858f40a764e3b51cf1b7e47394d26",
          "c89ac7410ff4c76fbdb6b16b27b73772",
          "bf80c1d0a4c58d37d05ed031773492cd",
          "752292db5abc044241a335c723fc679e",
          "3c90ed4133c0f54ba0f3c4ce55c3a6f7",
          "978dfa95c71265e2fcd89d122294663e",
          "9843c5e6454baa1913c5ca2f06033ad8"
        ]
      }
    },
    {
      "type": "Feature",
      "geometry": {
        "type": "Point",
        "coordinates": [
          -75.13304821936343,
          39.9837613197036
        ]
      },
      "properties": {
        "mural_name": "Tree of Life, Taino Emojis and Campesino",
        "artist": "Danny Polanco, aka DanOne",
        "address": "2200 N Front St, Philadelphia, Pennsylvania, 19122, USA",
        "media": [
          "fa6705a0e21a00ecb3a9cfdcbf6324e1",
          "e7f47256b2b761305072aa901b82d879",
          "51c0b64b0471be0168f17c3ac528e67f",
          "57472ea1535b1f25f04c269bd665a206",
          "b5269c9a1155e743f36f47f7eb30a19c",
          "a3166fcd0214269dcb218b0d8deddb00"
        ]
      }
    },
    {
      "type": "Feature",
      "geometry": {
        "type": "Point",
        "coordinates": [
          -75.21705930260013,
          40.03512001401393
        ]
      },
      "properties": {
        "mural_name": "Tree Top Tulip",
        "artist": "Paul Santoleri",
        "address": "6168 Ridge Ave, Philadelphia, Pennsylvania, 19128, USA",
        "media": [
          "2c5d6554f110ff33a94670671ef65cd0",
          "b3ce319c2db039f171224ed0bf9d6012"
        ]
      }
    },
    {
      "type": "Feature",
      "geometry": {
        "type": "Point",
        "coordinates": [
          -75.15057574399992,
          39.95347639815877
        ]
      },
      "properties": {
        "mural_name": "Tree Walk",
        "artist": "Paul Santoleri",
        "address": "616 Market St, Philadelphia, Pennsylvania, 19106, USA",
        "media": [
          "c94bf173e87c6885a7e2870bfe3618f6"
        ]
      }
    },
    {
      "type": "Feature",
      "geometry": {
        "type": "Point",
        "coordinates": [
          -75.21076099831716,
          39.96830020491131
        ]
      },
      "properties": {
        "mural_name": "Tribute to Alex Scott",
        "artist": "Robert Minervini",
        "address": "4326 Lancaster Ave, Philadelphia, Pennsylvania, 19104, USA",
        "media": [
          "2fd3f9bfeeda988bdc9a38da66bacca7"
        ]
      }
    },
    {
      "type": "Feature",
      "geometry": {
        "type": "Point",
        "coordinates": [
          -75.118235,
          39.978736
        ]
      },
      "properties": {
        "mural_name": "Tribute to Battalion Chief Michael R. Goodwin, Sr.",
        "artist": "Jesse Gardner",
        "address": "2601 Belgrade St, Philadelphia, Pennsylvania, 19125, USA",
        "media": [
          "de3f005889d61cb9ab552d164e6ca9d7",
          "b434afe4e0532502762d483fcfd8f0c4",
          "fc95e82d1d1f8c6c8f00164133197731"
        ]
      }
    },
    {
      "type": "Feature",
      "geometry": {
        "type": "Point",
        "coordinates": [
          -75.23131843090889,
          39.977459458713604
        ]
      },
      "properties": {
        "mural_name": "Tribute to Charles Baker",
        "artist": "Felix St. Fort",
        "address": "5433 Lansdowne Ave, Philadelphia, Pennsylvania, 19131, USA",
        "media": [
          "b383bdbea25f793d5f2ef21185384990",
          "da95d31f5a60e672e94e6ac080eb1de3",
          "434b72b6ade7ffb91da5317937034c29",
          "a941a498c0ff4cec8e121e4d747a7fb2"
        ]
      }
    },
    {
      "type": "Feature",
      "geometry": {
        "type": "Point",
        "coordinates": [
          -75.16367293860766,
          39.97250845216519
        ]
      },
      "properties": {
        "mural_name": "Tribute to Charles Fuller",
        "artist": "Ernel Martinez",
        "address": "1631 W Girard Ave, Philadelphia, Pennsylvania, 19130, USA",
        "media": [
          "4bf6432cd939d1b3355d6685fc405a67",
          "bd7529c1048f3135ddf96ced80675bcf"
        ]
      }
    },
    {
      "type": "Feature",
      "geometry": {
        "type": "Point",
        "coordinates": [
          -75.16730717376717,
          39.94051737209125
        ]
      },
      "properties": {
        "mural_name": "Tribute to Children in the Arts",
        "artist": "David McShane",
        "address": "1425 Christian St, Philadelphia, Pennsylvania, 19146, USA",
        "media": [
          "e9d5bf0aae8731881d9ce4d4654280a6"
        ]
      }
    },
    {
      "type": "Feature",
      "geometry": {
        "type": "Point",
        "coordinates": [
          -75.16546275842174,
          39.9658376432318
        ]
      },
      "properties": {
        "mural_name": "Tribute to Diego Rivera",
        "artist": "Jane Golden",
        "address": "617 N 17th St, Philadelphia, Pennsylvania, 19130, USA",
        "media": [
          "6e04c9bbf0b3928f82554ecd41ec5119",
          "97d840a9291252881197600d6085aeee",
          "c96b7f67fe19140ce81929d7790b741f"
        ]
      }
    },
    {
      "type": "Feature",
      "geometry": {
        "type": "Point",
        "coordinates": [
          -75.16605587452655,
          39.943830438262815
        ]
      },
      "properties": {
        "mural_name": "Tribute to Edward \"Chick\" Davis",
        "artist": "John Lewis",
        "address": "1412 South St, Philadelphia, Pennsylvania, 19146, USA",
        "media": [
          "cbb60c2c1c92b6b0c5ed72e17395da09"
        ]
      }
    },
    {
      "type": "Feature",
      "geometry": {
        "type": "Point",
        "coordinates": [
          -75.1623997,
          39.9575185
        ]
      },
      "properties": {
        "mural_name": "Tribute to Family",
        "artist": "William Freeman",
        "address": "245 N Broad St, Philadelphia, Pennsylvania, 19107, USA",
        "media": [
          "93a78fefdc7dc1797bc64dadcaa4fca3",
          "93a78fefdc7dc1797bc64dadcaa4fca3"
        ]
      }
    },
    {
      "type": "Feature",
      "geometry": {
        "type": "Point",
        "coordinates": [
          -75.08201821549187,
          40.0745361923002
        ]
      },
      "properties": {
        "mural_name": "Tribute to Firefighter Daniel Sweeney",
        "artist": "Nathaniel Lee",
        "address": "7901 Ridgeway St, Philadelphia, Pennsylvania, 19111, USA",
        "media": [
          "1cf63ac18b886a1da3280eacedd6aa43"
        ]
      }
    },
    {
      "type": "Feature",
      "geometry": {
        "type": "Point",
        "coordinates": [
          -75.15255372906265,
          39.99705513857335
        ]
      },
      "properties": {
        "mural_name": "Tribute to Firefighter Gabriel G. Lee",
        "artist": "Eric Okdeh",
        "address": "1325 W Cambria St, Philadelphia, Pennsylvania, 19132, USA",
        "media": [
          "380994af782bffd6d56426d438c3640b",
          "af5fd26c043442cf2b65d63c989e6ccf",
          "90abb90d759ec5c3b3b3e5ce47e5ba38",
          "13bff084f732580b371ec51f832cadc1"
        ]
      }
    },
    {
      "type": "Feature",
      "geometry": {
        "type": "Point",
        "coordinates": [
          -75.16861683279946,
          39.93103114001661
        ]
      },
      "properties": {
        "mural_name": "Tribute to Frank Guarrera",
        "artist": "Peter Pagast",
        "address": "1532 S Broad St, Philadelphia, Pennsylvania, 19146, USA",
        "media": [
          "c28c1ea134501f99c0b8905c626967df"
        ]
      }
    },
    {
      "type": "Feature",
      "geometry": {
        "type": "Point",
        "coordinates": [
          -75.1569464432752,
          39.98451439219437
        ]
      },
      "properties": {
        "mural_name": "Tribute to Grover Washington, Jr.",
        "artist": "Peter Pagast",
        "address": "2032 N Broad St, Philadelphia, Pennsylvania, 19121, USA",
        "media": [
          "da4250a2a53f2a2ddf8df9c4cda87c73",
          "346a678f197b08bd4e417b247610fce8",
          "db51db0cfe614ffe677ab72bb28307dd"
        ]
      }
    },
    {
      "type": "Feature",
      "geometry": {
        "type": "Point",
        "coordinates": [
          -75.15641517561856,
          39.989478340146974
        ]
      },
      "properties": {
        "mural_name": "Tribute to Horace Pippin (Reenvisioning)",
        "artist": "Delia King",
        "address": "1410 W York St, Philadelphia, Pennsylvania, 19132, USA",
        "media": [
          "5be44224272a99a32300ac9815419fc4"
        ]
      }
    },
    {
      "type": "Feature",
      "geometry": {
        "type": "Point",
        "coordinates": [
          -75.15333655696499,
          39.99586812119418
        ]
      },
      "properties": {
        "mural_name": "Tribute to Jackie Robinson",
        "artist": "David McShane",
        "address": "2803 N Broad St, Philadelphia, Pennsylvania, 19132, USA",
        "media": [
          "b8a0d27d55e477c4e17cee85795526a7",
          "24d842f18a00b6fd34932ecd8f5981b8",
          "2a7c9e79ede91472dd908484293501e3",
          "85ba3609abb7a16cb53c28ca38869f0b",
          "f50b8fecd513b32fa5093bdabac6caf4",
          "92c928ff1420febf91582055e3c21682"
        ]
      }
    },
    {
      "type": "Feature",
      "geometry": {
        "type": "Point",
        "coordinates": [
          -75.15120158774658,
          40.05758748459496
        ]
      },
      "properties": {
        "mural_name": "Tribute to Jacqui Campbell and WOAD (West Oak Lane Against Drugs)",
        "artist": "Karl Yoder",
        "address": "2008 68th Ave, Philadelphia, Pennsylvania, 19138, USA",
        "media": [
          "9a9bb4840af5f01a6b3e18b60c33d0c2",
          "3e1b5204cc55faea44fa06bc85b8234b"
        ]
      }
    },
    {
      "type": "Feature",
      "geometry": {
        "type": "Point",
        "coordinates": [
          -75.09954738730536,
          40.04637807526252
        ]
      },
      "properties": {
        "mural_name": "Tribute to Lt. Joyce Craig",
        "artist": "Nathaniel Lee",
        "address": "6098 Rising Sun Ave, Philadelphia, Pennsylvania, 19111, USA",
        "media": [
          "ee91f7823c17fcbf79162b116661b779",
          "fcc392fbe05e85ba8f3f638c684d2d3f"
        ]
      }
    },
    {
      "type": "Feature",
      "geometry": {
        "type": "Point",
        "coordinates": [
          -75.130533,
          39.983377
        ]
      },
      "properties": {
        "mural_name": "Tribute to Lt. Robert Neary & FF Daniel Sweeney",
        "artist": "David McShane",
        "address": "2024 E Arizona St, Philadelphia, Pennsylvania, 19125, USA",
        "media": [
          "f34a61fa5196b858798ed30fd4d4126d",
          "834651fcbea44b2c7b7cb0dda5b3bd64",
          "c5bf72ae43aa50da06a17e9c9ba2c2d1"
        ]
      }
    },
    {
      "type": "Feature",
      "geometry": {
        "type": "Point",
        "coordinates": [
          -75.1508351314383,
          39.975746134998346
        ]
      },
      "properties": {
        "mural_name": "Tribute to Marie Dendy",
        "artist": "Priscilla Bell Lamberty",
        "address": "1501-39 N 10th St, Philadelphia, Pennsylvania, 19122, USA",
        "media": [
          "cbb07b7a9d918742321652f70c3e977a"
        ]
      }
    },
    {
      "type": "Feature",
      "geometry": {
        "type": "Point",
        "coordinates": [
          -75.156096787258,
          39.96272289116861
        ]
      },
      "properties": {
        "mural_name": "Tribute to Maxfield Parrish",
        "artist": "Patricia Ingersoll",
        "address": "548 N 11th St, Philadelphia, Pennsylvania, 19123, USA",
        "media": [
          "e0be4b4cd2bf5a10cedc6eba7f2fb574",
          "4d939e7c8c8c6167ea9669babe7cc39b"
        ]
      }
    },
    {
      "type": "Feature",
      "geometry": {
        "type": "Point",
        "coordinates": [
          -75.19510374359736,
          39.9677275686129
        ]
      },
      "properties": {
        "mural_name": "Tribute To Miles Mack",
        "artist": "Gabe Tiberino",
        "address": "732 N 36th St, Philadelphia, Pennsylvania, 19104, USA",
        "media": [
          "4f9a95238899f890917e9fe69fadc4e9",
          "a5df8726b734c03b4f57fded84d029c0",
          "669a3b95c7cca71f90f97628dfedcb26",
          "8f64058f5641c2bae40e1c355092bb26",
          "d7539e01e1353319bd61af7c23c3e273",
          "c8393c4c79814579d046202f3775b509"
        ]
      }
    },
    {
      "type": "Feature",
      "geometry": {
        "type": "Point",
        "coordinates": [
          -75.1623997,
          39.9575185
        ]
      },
      "properties": {
        "mural_name": "Tribute to Nursing",
        "artist": "Sam Donovan",
        "address": "245 N Broad St, Philadelphia, Pennsylvania, 19107, USA",
        "media": [
          "a90e7b89a161a2fcfe649f70529eae78"
        ]
      }
    },
    {
      "type": "Feature",
      "geometry": {
        "type": "Point",
        "coordinates": [
          -75.06751207984459,
          39.99994847568819
        ]
      },
      "properties": {
        "mural_name": "Tribute to Officer Skerski",
        "artist": "Peter Pagast",
        "address": "4601 Richmond St, Philadelphia, Pennsylvania, 19137, USA",
        "media": [
          "84aa1311ae583860fb1eb58e46e09661",
          "27f6ec60a203bb6686e8721121377801",
          "335b44d04b97a973f0c0581c4182c799"
        ]
      }
    },
    {
      "type": "Feature",
      "geometry": {
        "type": "Point",
        "coordinates": [
          -75.1437633162854,
          40.04439996142071
        ]
      },
      "properties": {
        "mural_name": "Tribute to Our Fallen Heroes: Courage, Sacrifice, Loyalty",
        "artist": "David McShane",
        "address": "5960 N Broad St, Philadelphia, Pennsylvania, 19141, USA",
        "media": [
          "750a371164abe20975f4a34540d09ad2",
          "3e650e8cf6428ab72e3c3b4df289476f"
        ]
      }
    },
    {
      "type": "Feature",
      "geometry": {
        "type": "Point",
        "coordinates": [
          -75.1437633162854,
          40.04439996142071
        ]
      },
      "properties": {
        "mural_name": "Tribute to Our Fallen Heroes: Honor, Integrity, Service",
        "artist": "David McShane",
        "address": "5960 N Broad St, Philadelphia, Pennsylvania, 19141, USA",
        "media": [
          "20de52853738c514a0ff2983fae9cfda"
        ]
      }
    },
    {
      "type": "Feature",
      "geometry": {
        "type": "Point",
        "coordinates": [
          -75.17854336441776,
          39.98749129692385
        ]
      },
      "properties": {
        "mural_name": "Tribute to Our Neighbors (Rose Garden)",
        "artist": "Simon Huelsbeck",
        "address": "2020 N Etting St, Philadelphia, Pennsylvania, 19121, USA",
        "media": [
          "708ac29c85568ef34c1789b4de8fa79b"
        ]
      }
    },
    {
      "type": "Feature",
      "geometry": {
        "type": "Point",
        "coordinates": [
          -75.17827357500529,
          39.98755313782959
        ]
      },
      "properties": {
        "mural_name": "Tribute to Our Neighbors (Waterfall Garden)",
        "artist": "Simon Huelsbeck",
        "address": "2023 N Etting St, Philadelphia, Pennsylvania, 19121, USA",
        "media": [
          "b1a5a5a6796ff76b134cab13981e295a"
        ]
      }
    },
    {
      "type": "Feature",
      "geometry": {
        "type": "Point",
        "coordinates": [
          -75.14499369794017,
          39.997538077126585
        ]
      },
      "properties": {
        "mural_name": "Tribute to Peaches",
        "artist": "Peter Pagast",
        "address": "830 W Indiana Ave, Philadelphia, Pennsylvania, 19133, USA",
        "media": [
          "d5767f3930e4e28f315257604916c96b"
        ]
      }
    },
    {
      "type": "Feature",
      "geometry": {
        "type": "Point",
        "coordinates": [
          -75.00712203875035,
          40.03965122273798
        ]
      },
      "properties": {
        "mural_name": "Tribute to Philadelphia Police Officers",
        "artist": "Karl Yoder",
        "address": "8501 State Rd, Philadelphia, Pennsylvania, 19136, USA",
        "media": [
          "896e88b05a6c68e9ca23327495cd70e7"
        ]
      }
    },
    {
      "type": "Feature",
      "geometry": {
        "type": "Point",
        "coordinates": [
          -75.13636671601881,
          39.982870191927276
        ]
      },
      "properties": {
        "mural_name": "Tribute to Puerto Rican Culture",
        "artist": "Samuel Lind",
        "address": "2124 N 2nd St, Philadelphia, Pennsylvania, 19122, USA",
        "media": [
          "2d5f0a733056754908cf7a52acfe6239"
        ]
      }
    },
    {
      "type": "Feature",
      "geometry": {
        "type": "Point",
        "coordinates": [
          -75.16560157999962,
          39.96523613580938
        ]
      },
      "properties": {
        "mural_name": "Tribute to Rousseau",
        "artist": "Philadelphia Anti-Graffiti Network (PAGN)",
        "address": "603 N 17th St, Philadelphia, Pennsylvania, 19130, USA",
        "media": [
          "c0ca891631c8c359d1fb774a5ad893a9",
          "be768cb63ab618b0fb8ccef2a3fb98dd"
        ]
      }
    },
    {
      "type": "Feature",
      "geometry": {
        "type": "Point",
        "coordinates": [
          -75.14076875299057,
          39.95364802357115
        ]
      },
      "properties": {
        "mural_name": "Tribute to Stanley Tuttleman",
        "artist": "Peter Pagast",
        "address": "Race Street, Philadelphia, Pennsylvania, 19106, USA",
        "media": [
          "56d78ac21ad9c09b1cd9847982db062e",
          "9994aa12f7e77f3036c8fb8e820c7bdf",
          "97c78c11e9d45d36ee1694d36082483b"
        ]
      }
    },
    {
      "type": "Feature",
      "geometry": {
        "type": "Point",
        "coordinates": [
          -75.18376747475527,
          39.93264951063238
        ]
      },
      "properties": {
        "mural_name": "Tribute to the Church of the Redeemer",
        "artist": "Burton J. Dodge",
        "address": "1601 S 24th St, Philadelphia, Pennsylvania, 19145, USA",
        "media": [
          "c5dc775d084f6d59f28220968ffcca9a"
        ]
      }
    },
    {
      "type": "Feature",
      "geometry": {
        "type": "Point",
        "coordinates": [
          -75.03602451930063,
          40.02966819078149
        ]
      },
      "properties": {
        "mural_name": "Tribute to the Italian-Americans of Tacony",
        "artist": "Karl Yoder",
        "address": "7219 Torresdale Ave, Philadelphia, Pennsylvania, 19135, USA",
        "media": [
          "d48bcc4975d5e4adca3da8352abfab27"
        ]
      }
    },
    {
      "type": "Feature",
      "geometry": {
        "type": "Point",
        "coordinates": [
          -75.16572525842169,
          39.966352758728505
        ]
      },
      "properties": {
        "mural_name": "Tribute to Thomas Eakins",
        "artist": "Peter Pagast",
        "address": "603 N 17th St, Philadelphia, Pennsylvania, 19130, USA",
        "media": [
          "eb59213e246392b072f362e708916096"
        ]
      }
    },
    {
      "type": "Feature",
      "geometry": {
        "type": "Point",
        "coordinates": [
          -75.19168175842177,
          39.96351244272741
        ]
      },
      "properties": {
        "mural_name": "Tribute to Tim Spencer",
        "artist": "Cliff Hudson",
        "address": "514 N 34th St, Philadelphia, Pennsylvania, 19104, USA",
        "media": [
          "a76d62297594421169c8e1bb6d85109c"
        ]
      }
    },
    {
      "type": "Feature",
      "geometry": {
        "type": "Point",
        "coordinates": [
          -75.15868311794718,
          39.9623062523566
        ]
      },
      "properties": {
        "mural_name": "Tribute to Trades and Labor",
        "artist": "Michael Webb",
        "address": "1217 Spring Garden St, Philadelphia, Pennsylvania, 19123, USA",
        "media": [
          "2aa173909415f62f4d7d81e6b19680f3",
          "4147e9dd0f9bbf3ab10b230b53903081"
        ]
      }
    },
    {
      "type": "Feature",
      "geometry": {
        "type": "Point",
        "coordinates": [
          -75.13619508725772,
          39.969265206405204
        ]
      },
      "properties": {
        "mural_name": "Tribute to Women's Soccer",
        "artist": "Nilé Livingston",
        "address": "Front St & Girard Ave, Philadelphia, Pennsylvania, 19123, USA",
        "media": [
          "6ade27441e8992fc11480ec963bfe21a",
          "1151b763e84ec5eafb78b0b75701d385",
          "b1eeea446ee9e6cb17d05b1f2906855f"
        ]
      }
    },
    {
      "type": "Feature",
      "geometry": {
        "type": "Point",
        "coordinates": [
          -75.12825405984353,
          39.98126575038147
        ]
      },
      "properties": {
        "mural_name": "Tropical Landscape",
        "artist": "Diane Keller",
        "address": "2144 E Arizona St, Philadelphia, Pennsylvania, 19125, USA",
        "media": [
          "8a836089b5a8cd13b8b2b77209c215d5",
          "0ee51f6dfb0c8c4c397477244e4e006b"
        ]
      }
    },
    {
      "type": "Feature",
      "geometry": {
        "type": "Point",
        "coordinates": [
          -75.14293503705608,
          39.98078116065418
        ]
      },
      "properties": {
        "mural_name": "Tropical Landscape with Waterfall",
        "artist": "Ana Uribe",
        "address": "1920 N 5th St, Philadelphia, Pennsylvania, 19122, USA",
        "media": [
          "01930f126cbbfa45d392be36e090e9a3",
          "cba7a1e9489680dbfdaf49e818c83592",
          "a851debc9e83a890da88b53688fd1dd3",
          "867c07163cb53d66a15a3317f0437eb4"
        ]
      }
    },
    {
      "type": "Feature",
      "geometry": {
        "type": "Point",
        "coordinates": [
          -75.18695223879834,
          39.962905843216745
        ]
      },
      "properties": {
        "mural_name": "Tumelty House",
        "artist": "James Burns",
        "address": "420 N 31st St, Philadelphia, Pennsylvania, 19104, USA",
        "media": [
          "d6dbfd65b0bfebc0fddef99ef06476a5"
        ]
      }
    },
    {
      "type": "Feature",
      "geometry": {
        "type": "Point",
        "coordinates": [
          -75.114263,
          39.981273
        ]
      },
      "properties": {
        "mural_name": "Tunnel Vision: A Journey Through Color",
        "artist": "Brad Carney",
        "address": "2733 Belgrade St, Philadelphia, Pennsylvania, 19134, USA",
        "media": [
          "0e51ccd7777acbee4ba55548ab700972",
          "ddfccdf7e6b7e528c98f77e61308ec8b",
          "7d7fe33c45a13abcaa2f41ee81c03c93",
          "d2c7fa7be5544e60a71fc7222056cce9",
          "1a9a0b75885e27063312707dd4b700d4",
          "968bdfeecbb8db5339d374021a40d82f",
          "3861c1919d574041118f533f53743f16"
        ]
      }
    },
    {
      "type": "Feature",
      "geometry": {
        "type": "Point",
        "coordinates": [
          -75.24160371104274,
          39.94477213248524
        ]
      },
      "properties": {
        "mural_name": "Turner Middle School",
        "artist": "Sam Byrd",
        "address": "5900 Baltimore Ave, Philadelphia, Pennsylvania, 19143, USA",
        "media": [
          "84b57f6816ebb82b49089137e689e240",
          "9fdb591db19bed336f23cd004ec04d76"
        ]
      }
    },
    {
      "type": "Feature",
      "geometry": {
        "type": "Point",
        "coordinates": [
          -75.15980654542234,
          39.92545169859643
        ]
      },
      "properties": {
        "mural_name": "Turnover",
        "artist": "The Dufala Brothers",
        "address": "1901 S 9th St, Philadelphia, Pennsylvania, 19148, USA",
        "media": [
          "f448370237c8d67f8810de7405cbb52a",
          "4fbac87efe71881a790d9db7b6260b1c",
          "3ad85978566a034230ee31d358b6ddb2",
          "ccc8eaa6f107b186882367ab558a4a11",
          "ed2d3f31dcf46fb4a415a3e217c0ec06",
          "84a8e3667e8b7bd35c23e9fb8b8a2925",
          "b3b69b8d7d600fa35a51f1177612fed8",
          "0863fdf4401f7f066cc18e88b135d615",
          "f824be8b8c6aa3143aa5670f8491edd8",
          "2bb06f57e1a39420520004399837b4ec"
        ]
      }
    },
    {
      "type": "Feature",
      "geometry": {
        "type": "Point",
        "coordinates": [
          -75.18824411794711,
          39.96330894321694
        ]
      },
      "properties": {
        "mural_name": "Tuscan Landscape",
        "artist": "Patricia Ingersoll",
        "address": "439 N 32nd St, Philadelphia, Pennsylvania, 19104, USA",
        "media": [
          "b034977b0a4c85f61c32e047dec61733"
        ]
      }
    },
    {
      "type": "Feature",
      "geometry": {
        "type": "Point",
        "coordinates": [
          -75.15200565101033,
          39.943066050869966
        ]
      },
      "properties": {
        "mural_name": "Twilight Tales",
        "artist": "Delia King",
        "address": "600 Lombard St, Philadelphia, Pennsylvania, 19147, USA",
        "media": [
          "f2c2f039ae8c2f6c2cd46ecbcc6a9017",
          "9b7d8f7085b60928010d39b40e5c918a",
          "2be68677cf76617808256eb44980f54f",
          "06770b32cbbb9f5ef12e7b9353a004b6",
          "319bc0c5d50bdee053104482afc9ac46",
          "bc20048b1158524faf195521b301a834"
        ]
      }
    },
    {
      "type": "Feature",
      "geometry": {
        "type": "Point",
        "coordinates": [
          -75.16354767561977,
          39.95296446809859
        ]
      },
      "properties": {
        "mural_name": "Two Me",
        "artist": "Mel Chin",
        "address": "1400 John F. Kennedy Blvd, Philadelphia, Pennsylvania, 19107, USA",
        "media": [
          "809fc13a2cc2dd2c900ea8e85631c4dd"
        ]
      }
    },
    {
      "type": "Feature",
      "geometry": {
        "type": "Point",
        "coordinates": [
          -75.1959116994246,
          39.95903452625382
        ]
      },
      "properties": {
        "mural_name": "Two Trees",
        "artist": "Paul Santoleri",
        "address": "Powelton Ave & N 38th St, Philadelphia, Pennsylvania, 19104, USA",
        "media": [
          "96aeacfa7b43f3e52c9054e66ee23239"
        ]
      }
    },
    {
      "type": "Feature",
      "geometry": {
        "type": "Point",
        "coordinates": [
          -75.13463235842114,
          39.98286483786007
        ]
      },
      "properties": {
        "mural_name": "Un Mundo de Inspiracion (A World of Inspiration)",
        "artist": "Charles Barbin",
        "address": "1200 N Howard St, Philadelphia, Pennsylvania, 19122, USA",
        "media": [
          "551f7b425e43ab88a39e367f5d00fe7a",
          "6daf5a1e0fd713cbc66740e8570b2e51",
          "55d363c6d29dc82d484ad40c40770e30",
          "9f8f289d0f28f8df74359afb9186ab92",
          "ad8ef65336866365b9422d7a1ceb8655"
        ]
      }
    },
    {
      "type": "Feature",
      "geometry": {
        "type": "Point",
        "coordinates": [
          -75.16537759279306,
          39.9676202508199
        ]
      },
      "properties": {
        "mural_name": "Uncertain Spring",
        "artist": "Sam Spetner",
        "address": "1701 Fairmount Ave, Philadelphia, Pennsylvania, 19130, USA",
        "media": [
          "ea3ce546cf9d4faa6a8a16c61fa33c85",
          "8a977d0df58a4c3e52c75c78ebff90a2",
          "7159a35789930735ffeb2dd371629694"
        ]
      }
    },
    {
      "type": "Feature",
      "geometry": {
        "type": "Point",
        "coordinates": [
          -75.09692873204497,
          40.04867420392918
        ]
      },
      "properties": {
        "mural_name": "Under One Sun",
        "artist": "Carolina Gomez",
        "address": "6300 Rising Sun Ave, Philadelphia, Pennsylvania, 19111, USA",
        "media": [
          "16c627c642cfc844218b398bd48bca8b"
        ]
      }
    },
    {
      "type": "Feature",
      "geometry": {
        "type": "Point",
        "coordinates": [
          -75.16588488801374,
          39.952538740609654
        ]
      },
      "properties": {
        "mural_name": "Under the Clothespin",
        "artist": "Miriam Singer",
        "address": "1500 Market St, Philadelphia, Pennsylvania, 19102, USA",
        "media": [
          "bfce26e7fc5c6da59edb0d53fdddfdc6",
          "ab70538c34f6669e12d5bfc9e07ec5c1",
          "aaa219e63fba57cb8d2011e71c8ccf98",
          "3e93848ee25fde85ac610eb9a019d409",
          "b8d389dc511301f885e1fbf123e62812"
        ]
      }
    },
    {
      "type": "Feature",
      "geometry": {
        "type": "Point",
        "coordinates": [
          -75.14640719281503,
          39.92117047369477
        ]
      },
      "properties": {
        "mural_name": "Under the Interstate",
        "artist": "Joe Boruchow",
        "address": "10 Snyder Ave, Philadelphia, Pennsylvania, 19148, USA",
        "media": [
          "57208241ba807c46dffe463ee80e35d4",
          "cc2802df894a7a34aa482ff05a7c753f",
          "cb4e1fa2072cd7f2730a5dfff8f9e8a5",
          "391f0645b53baf95990696c3a318b275",
          "3483c9ceaac7fd82dfadccc4d2ef2eac",
          "f5c8a445960566908a3d0bbb79225f16",
          "5459af5924334f0e1c405567c278be51",
          "91b40f977c6e2863de7265d55e55008c",
          "08d75f74b95fdc3fd6f3f1acd943027b",
          "e8afa3a05418d60a5fd32ef46538d986",
          "782e494c4d8a5cad4eaac65dda7ce5e5"
        ]
      }
    },
    {
      "type": "Feature",
      "geometry": {
        "type": "Point",
        "coordinates": [
          -75.15115945783555,
          39.96580046085738
        ]
      },
      "properties": {
        "mural_name": "Underground Railroad",
        "artist": "Keir Johnston",
        "address": "N Brown St at 9th St, Philadelphia, Pennsylvania, 19123, USA",
        "media": [
          "22d73d0c4b72ae04a11fc488958caf23",
          "4da5ddad272d425399a7476ca4ec0b17",
          "6ea43ebd97b13579d0394324b14e16e7"
        ]
      }
    },
    {
      "type": "Feature",
      "geometry": {
        "type": "Point",
        "coordinates": [
          -75.155280687258,
          39.96154382405177
        ]
      },
      "properties": {
        "mural_name": "Union Transfer",
        "artist": "Adam Crawford",
        "address": "1026 Spring Garden St, Philadelphia, Pennsylvania, 19123, USA",
        "media": [
          "51bd5421b6ce8f9f93b70a165caf8f87",
          "4fa4f92d293c858c8721db82819e4b20",
          "f9f3e0d3f42fb2a3776d544f816c707d",
          "a0c48b8b0b55de823943e62cf38f06d5",
          "40577b6bf0de9767ec6ad78d3ee9f7a9",
          "51151097c7764f68d0346758240335c1",
          "5ce4793f824b5c368f79ba2702b8db6a",
          "cc54e358e5a703e4cb3044b30726cecc",
          "52e06b3c78c6d1d4405dff6549f11ada",
          "4345d952658233572f9495a5ad78837b",
          "4fd68306723a8d10c90218233b9b1336"
        ]
      }
    },
    {
      "type": "Feature",
      "geometry": {
        "type": "Point",
        "coordinates": [
          -75.17120855842298,
          39.928700427464626
        ]
      },
      "properties": {
        "mural_name": "Unity in Diversity",
        "artist": "Winnie Sidharta Ambron",
        "address": "1754 Hicks St, Philadelphia, Pennsylvania, 19145, USA",
        "media": [
          "cfb2a3e54e9f81a3a4f3abd91b239c9a",
          "c75bb12f8a7ea9cacbd93ce3b1b28b1f",
          "fa287c10ed433292643ace01b6af4c1b"
        ]
      }
    },
    {
      "type": "Feature",
      "geometry": {
        "type": "Point",
        "coordinates": [
          -75.17694298150575,
          39.98372213014256
        ]
      },
      "properties": {
        "mural_name": "UNK P: Legendary Coach, Father, and Friend",
        "artist": "Nilé Livingston",
        "address": "2600 Ridge Ave, Philadelphia, Pennsylvania, 19121, USA",
        "media": [
          "b595052789bc00802e8e6d975d710534",
          "88e38ddb9c87ae0d368eda578fc26f3f",
          "d30ebeadcd8bf0801a319f4da5f74f6c",
          "3798abd0c941e1830700ede0f33f3ffa"
        ]
      }
    },
    {
      "type": "Feature",
      "geometry": {
        "type": "Point",
        "coordinates": [
          -75.1590952314383,
          39.974648325125884
        ]
      },
      "properties": {
        "mural_name": "Unmasked & Dubhe",
        "artist": "Shawn Theodore",
        "address": "1346 N Broad St, Philadelphia, Pennsylvania, 19121, USA",
        "media": [
          "b582edeaecf91b9bf4b6d4f3ffaa2782",
          "d65b61beebf01dd1e4c05c1b42b284b7",
          "e43fd2966ccc883c4f9a95d39f1d25d1",
          "b1862188f16ee7bbcdef974d033eb2c5",
          "33f027d31a5a850b11cc71568ce7925f",
          "5dd8f0c6a72e0edb740a06976a4cb587",
          "d7df0b56fb383c64872c453c2c91c20f"
        ]
      }
    },
    {
      "type": "Feature",
      "geometry": {
        "type": "Point",
        "coordinates": [
          -75.15693589364406,
          39.95864765422657
        ]
      },
      "properties": {
        "mural_name": "Unsung",
        "artist": "Nadia Botello",
        "address": "1137-1199 Carlton St, Philadelphia, Pennsylvania, 19107, USA",
        "media": [
          "6202d15d515b3ff5475de39a92b1b8e3",
          "d7ef34ba36a590de6772e0c4732bf70d",
          "db445fec5c6f61fc90ccb789e372123e",
          "dc1a8d028b8b90ca21527fb7612391d0",
          "801f6c32b218346cd92f989976bce135",
          "bd3b2ccea2271b9adfdd97736c805efc",
          "0430761fa2edebeea49bc32f97cbf5e0"
        ]
      }
    },
    {
      "type": "Feature",
      "geometry": {
        "type": "Point",
        "coordinates": [
          -75.17039388930071,
          39.95296361698992
        ]
      },
      "properties": {
        "mural_name": "Untitled (1800 Market St)",
        "artist": "MOMO",
        "address": "1800 Market St, Philadelphia, Pennsylvania, 19103, USA",
        "media": [
          "701732e468ff905fad3f7950d4386eea"
        ]
      }
    },
    {
      "type": "Feature",
      "geometry": {
        "type": "Point",
        "coordinates": [
          -75.14011884909576,
          39.985319346149204
        ]
      },
      "properties": {
        "mural_name": "Untitled (Ball Field Mural at 2243 North Leithgow Street)",
        "artist": "Peter Pagast",
        "address": "2243 N Leithgow St, Philadelphia, Pennsylvania, 19133, USA",
        "media": [
          "c4332674a34b52482e07b8896dec08c4"
        ]
      }
    },
    {
      "type": "Feature",
      "geometry": {
        "type": "Point",
        "coordinates": [
          -75.13046185854593,
          39.97775572981517
        ]
      },
      "properties": {
        "mural_name": "Untitled (Frankford Ave)",
        "artist": "MOMO",
        "address": "1831 Frankford Ave, Philadelphia, Pennsylvania, 19125, USA",
        "media": [
          "dc16145840bf3f151700e51bd1188686",
          "b41b8f121cdfb5963e65efbb88636790",
          "20b3b0b6c2bf13dd44fbec7bf21e4674",
          "8b4914fcd9d14a6d26a268ba18f65927"
        ]
      }
    },
    {
      "type": "Feature",
      "geometry": {
        "type": "Point",
        "coordinates": [
          -75.15476305842218,
          39.95177894471244
        ]
      },
      "properties": {
        "mural_name": "Untitled (Interior mural by NDA at REC Philly)",
        "artist": "NDA",
        "address": "833 Market St, 2nd Fl, Philadelphia, Pennsylvania, 19107, USA",
        "media": [
          "6ddd091fb76b32f845d303f42c420c61",
          "0f1d8e2839ab97e806801bb450ae748a",
          "bfc5b1638daf01c328e44aa3048760d4"
        ]
      }
    },
    {
      "type": "Feature",
      "geometry": {
        "type": "Point",
        "coordinates": [
          -75.01168229625414,
          40.091519163177644
        ]
      },
      "properties": {
        "mural_name": "Untitled (interior mural by Serena Saunders at Orleans Technical College)",
        "artist": "Serena Saunders",
        "address": "2770 Red Lion Rd, Philadelphia, Pennsylvania, 19114, USA",
        "media": [
          "fb6687d3f159a50524e01399d421a2b6",
          "ad1723d2841eb764eeb47ba53e01fe58",
          "535afa01584000f6ab16d8a60761b0be",
          "ab29996a0425133cafeafcce58194ca2",
          "c5daf27f258691bf55a44f5283887cf2"
        ]
      }
    },
    {
      "type": "Feature",
      "geometry": {
        "type": "Point",
        "coordinates": [
          -75.13161468725706,
          39.9889215419465
        ]
      },
      "properties": {
        "mural_name": "untitled (K-Town Lab mural by Claudio Ethos & Ru8icon1 at 2348 North Front Street)",
        "artist": "Claudio Ethos",
        "address": "2348 N Front St, Philadelphia, Pennsylvania, 19133, USA",
        "media": [
          "4de45f5292e0c04679339344f824ba65",
          "819052a2961f1245fc1adee696f432c4",
          "0b4d61602423f0e4a9666baa39a442dd"
        ]
      }
    },
    {
      "type": "Feature",
      "geometry": {
        "type": "Point",
        "coordinates": [
          -75.11713255843074,
          40.000334130923434
        ]
      },
      "properties": {
        "mural_name": "untitled (K-Town Lab mural by Claudio Ethos 3403 Keim Street)",
        "artist": "Claudio Ethos",
        "address": "3403 Keim St, Philadelphia, Pennsylvania, 19134, USA",
        "media": [
          "6c34dac127b6be2c5ee8eb5ae90190a0",
          "a0034c9a4e1903ef6b4e465c3ce6c66f",
          "54361b047a5fafc07daa8d70297b7acc"
        ]
      }
    },
    {
      "type": "Feature",
      "geometry": {
        "type": "Point",
        "coordinates": [
          -75.1277000546852,
          39.988807278112674
        ]
      },
      "properties": {
        "mural_name": "untitled (K-Town Lab mural by Claudio Ethos at 2560 Kensington Avenue)",
        "artist": "Claudio Ethos",
        "address": "2560 Kensington Ave, Philadelphia, Pennsylvania, 19125, USA",
        "media": [
          "506ed2f47f712bddf46fa8898fc66392"
        ]
      }
    },
    {
      "type": "Feature",
      "geometry": {
        "type": "Point",
        "coordinates": [
          -75.1201669107517,
          40.00044842960663
        ]
      },
      "properties": {
        "mural_name": "untitled (K-Town Lab mural by Claudio Ethos at 510 East Ontario Street)",
        "artist": "Claudio Ethos",
        "address": "510 E Ontario St, Philadelphia, Pennsylvania, 19134, USA",
        "media": [
          "6764ec8596b56e86407bba53f0daf1d3"
        ]
      }
    },
    {
      "type": "Feature",
      "geometry": {
        "type": "Point",
        "coordinates": [
          -75.11658200821833,
          39.99999693845768
        ]
      },
      "properties": {
        "mural_name": "untitled (K-Town Lab mural by Juanjo Suarce at 702 East Ontario Street)",
        "artist": "Juanjo Surace",
        "address": "702 E Ontario St, Philadelphia, Pennsylvania, 19134, USA",
        "media": [
          "7ad256bbbbe9936a242e6b0ca86241e9",
          "8ad7b263cec63a237f3ed4792d96b11b",
          "27df127fd431a8580adafb87ff1a2031"
        ]
      }
    },
    {
      "type": "Feature",
      "geometry": {
        "type": "Point",
        "coordinates": [
          -75.11760731726703,
          40.000356927544914
        ]
      },
      "properties": {
        "mural_name": "untitled (K-Town Lab mural by Ru8icon1 at 3401 Tampa Street)",
        "artist": "Ru8icon1",
        "address": "3401 Tampa St, Philadelphia, Pennsylvania, 19134, USA",
        "media": [
          "953091de8e3042081613cec063b21c9f"
        ]
      }
    },
    {
      "type": "Feature",
      "geometry": {
        "type": "Point",
        "coordinates": [
          -75.11695386901724,
          39.99966292659353
        ]
      },
      "properties": {
        "mural_name": "untitled (K-Town Lab mural by Ru8icon1 at 668 E Thayer Street)",
        "artist": "Ru8icon1",
        "address": "668 E Thayer St, Philadelphia, Pennsylvania, 19134, USA",
        "media": [
          "d8a71ff54279b4323c630f0644f03542",
          "cc4598317cabb4575e7ef8512f1a3f73",
          "3aa5061f16ab3f9d575219a5d40d663d"
        ]
      }
    },
    {
      "type": "Feature",
      "geometry": {
        "type": "Point",
        "coordinates": [
          -75.11791845799077,
          40.000458742888135
        ]
      },
      "properties": {
        "mural_name": "untitled (K-Town Lab Mural by Ru8icon1, Simon Vasquez and Juanjo Suarce at 3401 E Street)",
        "artist": "Juanjo Surace",
        "address": "3401 E St, Philadelphia, Pennsylvania, 19134, USA",
        "media": [
          "3c27501a29c3a8a1a504c267d4949b69",
          "b3a366fc2ce68cb290a3f102a30c3efb",
          "049e427dfa50756d604adb4a46160ae5",
          "06997fd9a106ab18aee71f6658c8d43c",
          "22d9b6c6bc416d8b8608951361330892"
        ]
      }
    },
    {
      "type": "Feature",
      "geometry": {
        "type": "Point",
        "coordinates": [
          -75.11791845799077,
          40.00053138033899
        ]
      },
      "properties": {
        "mural_name": "untitled (K-Town Lab mural by Ru8icon1, Simon Vasquez, and Juanjo Suarce at 3400 Tampa Street - rear wall)",
        "artist": "Ru8icon1",
        "address": "3400 Tampa St, Philadelphia, Pennsylvania, 19134, USA",
        "media": [
          "96b91cfa76d0aa8dc6be00e377a3f24d",
          "33a5745abeacdead75de5acdf35735f2"
        ]
      }
    },
    {
      "type": "Feature",
      "geometry": {
        "type": "Point",
        "coordinates": [
          -75.11791845799077,
          40.00053138033899
        ]
      },
      "properties": {
        "mural_name": "untitled (K-Town Lab mural by Ru8icon1, Simon Vasquez, and Juanjo Suarce at 3400 Tampa Street - side wall)",
        "artist": "Ru8icon1",
        "address": "3400 Tampa St, Philadelphia, Pennsylvania, 19134, USA",
        "media": [
          "caf55f39cf8b12e4fc7f60f3036d30af",
          "f31eefe0b4a5628253a09ad382f4bd58",
          "3a6c22831190b139808a4d992e4e8f7c",
          "b2ea1f93fc06648b6ba16d3d18e8e536"
        ]
      }
    },
    {
      "type": "Feature",
      "geometry": {
        "type": "Point",
        "coordinates": [
          -75.12218890132696,
          39.991849902119746
        ]
      },
      "properties": {
        "mural_name": "untitled (K-Town Lab murals by Claudio Ethos & Ru8icon1 at 2808 Kensingon Avenue)",
        "artist": "Juanjo Surace",
        "address": "2808 Kensington Ave, Philadelphia, Pennsylvania, 19134, USA",
        "media": [
          "5af49acdeb5940934add496a43f25cc0"
        ]
      }
    },
    {
      "type": "Feature",
      "geometry": {
        "type": "Point",
        "coordinates": [
          -75.14093164950134,
          39.964357426583284
        ]
      },
      "properties": {
        "mural_name": "untitled (K-Town Lab murals by Simon Vasquez & Juano Suarce at 200 Poplar Street)",
        "artist": "Juanjo Surace",
        "address": "200 Poplar St, Philadelphia, Pennsylvania, 19123, USA",
        "media": [
          "f1d03c615175029b46e769f3901fb78f"
        ]
      }
    },
    {
      "type": "Feature",
      "geometry": {
        "type": "Point",
        "coordinates": [
          -75.15917297376684,
          39.94976972612859
        ]
      },
      "properties": {
        "mural_name": "Untitled (mural by Amy Sherald at 1108 Sansom Street)",
        "artist": "Amy Sherald",
        "address": "1108 Sansom St, Philadelphia, Pennsylvania, 19107, USA",
        "media": [
          "fad470eb37537975d866109f2536cec4"
        ]
      }
    },
    {
      "type": "Feature",
      "geometry": {
        "type": "Point",
        "coordinates": [
          -75.12747743162814,
          40.007090466131736
        ]
      },
      "properties": {
        "mural_name": "Untitled (mural by Betsy Z. Casañas at 3739 North Front Street)",
        "artist": "Betsy Z. Casañas",
        "address": "3739 N Front St, Philadelphia, Pennsylvania, 19140, USA",
        "media": [
          "c2e12c01c6a66b42cb4b84607414108c"
        ]
      }
    },
    {
      "type": "Feature",
      "geometry": {
        "type": "Point",
        "coordinates": [
          -75.16748833958142,
          39.9410569814197
        ]
      },
      "properties": {
        "mural_name": "Untitled (mural by Chris \"Daze\" Ellis at University Institute Charter School, 1415 Catharine Street)",
        "artist": "Chris \"Daze\" Elllis",
        "address": "1415 Catharine St, Philadelphia, Pennsylvania, 19146, USA",
        "media": [
          "b77c97a9b96aac07f2c16ea101a210d5"
        ]
      }
    },
    {
      "type": "Feature",
      "geometry": {
        "type": "Point",
        "coordinates": [
          -75.17909494425565,
          39.9744298383226
        ]
      },
      "properties": {
        "mural_name": "Untitled (mural by Claudia Walde (aka MadC) at 2601 West Girard Avenue)",
        "artist": "Claudia Walde (aka MadC)",
        "address": "2601 W Girard Ave, Philadelphia, Pennsylvania, 19130, USA",
        "media": [
          "a9ab76a91d1ff1b6724b70e06aca5993",
          "6ad7f16f794aa1c28460ec81c4d66015"
        ]
      }
    },
    {
      "type": "Feature",
      "geometry": {
        "type": "Point",
        "coordinates": [
          -75.13508166027474,
          39.96574238317854
        ]
      },
      "properties": {
        "mural_name": "Untitled (mural by Doug Woods at The Fillmore Philadelphia, 2019)",
        "artist": "Doug Woods",
        "address": "29 E Allen St, Philadelphia, Pennsylvania, 19123, USA",
        "media": [
          "1227e644ef5d6a7e5b0ae8f41d5df0e7",
          "c3e2173dc9aceac6467dae8f90d8e6d1",
          "20161f8fc693790d2c7ec1452a537b4f"
        ]
      }
    },
    {
      "type": "Feature",
      "geometry": {
        "type": "Point",
        "coordinates": [
          -75.14195240882147,
          39.96040270313018
        ]
      },
      "properties": {
        "mural_name": "Untitled (mural by Douglas Hoekzema, aka Hoxxoh at 200 Spring Garden Street)",
        "artist": "Douglas Hoekzema, aka Hoxxoh",
        "address": "200 Spring Garden St, Philadelphia, Pennsylvania, 19123, USA",
        "media": [
          "80e7f5623c3d64d5f32179153e8aa1c9",
          "6baa9bc2d12dbf8de25b22a4f2e2f898",
          "bf6c735ee430fc83675cfbbab8a13a52",
          "337c7a92ea46486a0381df9d33b22a4c",
          "a64b615c456244eba9357af2dc98ff99",
          "a01c56c1bad8b85edfaabf2057cc1312",
          "59a3a59525f5efb9be9b13272e4b4651",
          "e9d3b071afd9c0ca2a5141af2c351634",
          "5918184308fe2f5b044faa8003d3e03f",
          "75c8e4cd4061f62eb6a405f3eb89251d",
          "a6b944396ea139b05e15194bc1406798",
          "370c12636fcb3bb7be0e459989dbaa72",
          "bcc91536648d4c13941b1136919217e5",
          "6b51d13053f19991a1a2c8406321bd78",
          "d0409e3ff6ad400fe1e1cb4079f9b54d",
          "6a458dff50418bf9010cf45160a57a06",
          "d60303b23a37ac58184be85bc92788c0",
          "77f5d134fbe189d3b0fe9fde505e0e40"
        ]
      }
    },
    {
      "type": "Feature",
      "geometry": {
        "type": "Point",
        "coordinates": [
          -75.13917433143801,
          39.98445047169254
        ]
      },
      "properties": {
        "mural_name": "Untitled (mural by Frito Bastien at 303 West Susquehanna Avenue)",
        "artist": "Frito Bastien",
        "address": "303 W Susquehanna Ave, Philadelphia, Pennsylvania, 19122, USA",
        "media": [
          "da3ddd420b931efdd24a10aa33964d57",
          "57d3d1dcf2e0254b5521ccb38ee57c0a",
          "8a3bb423ffad86dd2cdf72d8bf18666b"
        ]
      }
    },
    {
      "type": "Feature",
      "geometry": {
        "type": "Point",
        "coordinates": [
          -75.1792456434778,
          39.97441177034878
        ]
      },
      "properties": {
        "mural_name": "Untitled (mural by Greg Lamarche at 2611 West Girard Avenue)",
        "artist": "Greg Lamarche",
        "address": "2611 W Girard Ave, Philadelphia, Pennsylvania, 19130, USA",
        "media": [
          "fefeb870e68c45d8516023b26fc3bd70",
          "00a8581b45c24c6e626be5f071eefefa"
        ]
      }
    },
    {
      "type": "Feature",
      "geometry": {
        "type": "Point",
        "coordinates": [
          -75.13508166027474,
          39.96574238317854
        ]
      },
      "properties": {
        "mural_name": "Untitled (mural by Kyle Confehr at The Fillmore Philadelphia, 2020)",
        "artist": "Kyle Confehr",
        "address": "29 E Allen St, Philadelphia, Pennsylvania, 19123, USA",
        "media": [
          "8202ba2c12657475e798be2aa4e13563"
        ]
      }
    },
    {
      "type": "Feature",
      "geometry": {
        "type": "Point",
        "coordinates": [
          -75.1541552301059,
          39.96227988564971
        ]
      },
      "properties": {
        "mural_name": "Untitled (mural by NDA at 1002 Brandywine Street)",
        "artist": "NDA",
        "address": "1002 Brandywine St, Philadelphia, Pennsylvania, 19123, USA",
        "media": [
          "8baf70b861153ee2ce3ef5043318c1e2",
          "67a27e0519435b8bd05392b5e103526d"
        ]
      }
    },
    {
      "type": "Feature",
      "geometry": {
        "type": "Point",
        "coordinates": [
          -75.13508166027474,
          39.96574238317854
        ]
      },
      "properties": {
        "mural_name": "untitled (mural by NDA at The Fillmore Philadelphia - Rotating Gallery)",
        "artist": "NDA",
        "address": "29 E Allen St, Philadelphia, Pennsylvania, 19123, USA",
        "media": [
          "d2d472cbad76b2c340d54ff729c6595b"
        ]
      }
    },
    {
      "type": "Feature",
      "geometry": {
        "type": "Point",
        "coordinates": [
          -75.13508166027474,
          39.96574238317854
        ]
      },
      "properties": {
        "mural_name": "untitled (mural by Nether at The Fillmore Philadelphia - Rotating Gallery)",
        "artist": "Nether",
        "address": "29 E Allen St, Philadelphia, Pennsylvania, 19123, USA",
        "media": [
          "3afd5d2c6011961c51ee87edb14e335d",
          "2901e3dc8a8235ad0f018cda3abfd75c"
        ]
      }
    },
    {
      "type": "Feature",
      "geometry": {
        "type": "Point",
        "coordinates": [
          -75.16987822423964,
          39.95097547037513
        ]
      },
      "properties": {
        "mural_name": "Untitled (mural by Steve Powers, aka ESPO, at 1728 Sansom Street)",
        "artist": "Steve Powers, aka ESPO",
        "address": "1728-1740 Sansom St, Philadelphia, Pennsylvania, 19103, USA",
        "media": [
          "aa69af6b704d926d90aa10a936ad4b3d",
          "a5fdc561ccf85c894592676dd650df2f",
          "72068dec769a89b2dc1c657af9ceb17f",
          "39c078a74809393c2ef864131326fa4a",
          "8055987e5c512d049911152cf0fdae0e"
        ]
      }
    },
    {
      "type": "Feature",
      "geometry": {
        "type": "Point",
        "coordinates": [
          -75.16943029781244,
          39.950956796364
        ]
      },
      "properties": {
        "mural_name": "Untitled (mural by Steve Powers, aka ESPO, at 1748 Sansom Street)",
        "artist": "Steve Powers, aka ESPO",
        "address": "1748 Sansom St, Philadelphia, Pennsylvania, 19103, USA",
        "media": [
          "beb412a4c9f45185fb150cb0dc8fd1e5",
          "b158638c0fd59b95c2b92770fc303e63",
          "52e584dd0fddcb9fd906628bb09ba760",
          "1df624f5312b43d4b2bee3dc10110e79",
          "8055987e5c512d049911152cf0fdae0e",
          "acdac0a7a39e4da8a511c20e64c570df",
          "a7a5c2885f7a359f9f867e66b0257c93",
          "9e3875c44de7b0eed26071e16c35b456",
          "7057ba87ff0ca16f720a47bc0386d970",
          "b2ad151979d9c0748039a807f27773d3",
          "170049106bc1bdb1114890db57aacb46"
        ]
      }
    },
    {
      "type": "Feature",
      "geometry": {
        "type": "Point",
        "coordinates": [
          -75.1554820160942,
          39.96064135556057
        ]
      },
      "properties": {
        "mural_name": "Untitled (Mural by Susan Nam at 1016 Buttonwood Street)",
        "artist": "Susan Nam",
        "address": "1016 Buttonwood St, Philadelphia, Pennsylvania, 19123, USA",
        "media": [
          "cde3b2899e704becd32002c38e3cf284",
          "e2a262c59db890b337d348aa5684ef20"
        ]
      }
    },
    {
      "type": "Feature",
      "geometry": {
        "type": "Point",
        "coordinates": [
          -75.12988829355572,
          39.97879131266459
        ]
      },
      "properties": {
        "mural_name": "Untitled (Mural by Swoon at 2001 Frankford Avenue)",
        "artist": "Swoon (Caledonia Curry)",
        "address": "2011 Frankford Ave, Philadelphia, Pennsylvania, 19125, USA",
        "media": [
          "6a1b0c6ef0cbf8c156e2492e577fada4",
          "e8844d5c710248a73e99143b5a30493d",
          "d923fad68d4a74575ea7d88b308bf714",
          "f1b8a4077db254fe4ab50adc76e98e88",
          "9a8d1909035f07443717a6749d83ddf5"
        ]
      }
    },
    {
      "type": "Feature",
      "geometry": {
        "type": "Point",
        "coordinates": [
          -75.1854009657886,
          39.97920327949932
        ]
      },
      "properties": {
        "mural_name": "Untitled (Mural by Swoon at 3060 Jefferson Street)",
        "artist": "Swoon (Caledonia Curry)",
        "address": "3060 Jefferson St, Philadelphia, Pennsylvania, 19121, USA",
        "media": [
          "349dbc6e11466f223add3183906c6dd8",
          "1045fa33d3e762d0acab437350d5ae59"
        ]
      }
    },
    {
      "type": "Feature",
      "geometry": {
        "type": "Point",
        "coordinates": [
          -75.11910907376569,
          39.98368155644922
        ]
      },
      "properties": {
        "mural_name": "Untitled (murals by Lauren Cat West, Tulip Street Underpass at Lehigh Avenue)",
        "artist": "Lauren Cat West",
        "address": "Tulip St & E Lehigh Ave, Philadelphia, Pennsylvania, 19125, USA",
        "media": [
          "13f33dc3989199cfdbdd163a38a6b774",
          "60f547401e9a173028641298634c904c",
          "11fb5ded802d921bd61db6d56456288f",
          "5d1872918dd09430662db350101d3508",
          "15a534ab3481fb61cda266ffb3180e96",
          "70dde5cf2281b932d80a6a56dbfea690",
          "0091e1c68e7f0c5a99d23ef11db685a7",
          "e0fb3c52d92ba44d7d09b3ed95a0f71b"
        ]
      }
    },
    {
      "type": "Feature",
      "geometry": {
        "type": "Point",
        "coordinates": [
          -75.12988829355572,
          39.97879131266459
        ]
      },
      "properties": {
        "mural_name": "Untitled (Shepard Fairey mural at 2001 Frankford Avenue)",
        "artist": "Shepard Fairey",
        "address": "2011 Frankford Ave, Philadelphia, Pennsylvania, 19125, USA",
        "media": [
          "0ecc19399ff1984e22c15fd9aa4ccafa",
          "36e4f40e8a242f983c9e08af6b1e2f1a"
        ]
      }
    },
    {
      "type": "Feature",
      "geometry": {
        "type": "Point",
        "coordinates": [
          -75.17951571976504,
          39.97415788070555
        ]
      },
      "properties": {
        "mural_name": "Untitled (Shepard Fairey mural at 2617 West Girard Avenue)",
        "artist": "Shepard Fairey",
        "address": "2617 W Girard Ave, Philadelphia, Pennsylvania, 19130, USA",
        "media": [
          "7b9072ac1ccaf2f193c1dbad04528e3e"
        ]
      }
    },
    {
      "type": "Feature",
      "geometry": {
        "type": "Point",
        "coordinates": [
          -75.09797991944698,
          39.99784784890923
        ]
      },
      "properties": {
        "mural_name": "Untitled [Heitzman Recreation Center mural by Jessie & Katey]",
        "artist": "Jessie and Katey",
        "address": "3631 Amber St, Philadelphia, Pennsylvania, 19134, USA",
        "media": [
          "30aedb6cbddc1faa38151ad80bcd2e40",
          "1645ba908ac2b726345475e713a48414",
          "c712b347e544861cffba1aabfebb0762",
          "cd95adf97eb9c16341044178852cc328",
          "86319382a1aff4b7bf2c0650418eb143",
          "242e204e9c9086e4827b8ae266387ca6",
          "1b960dd1aa32591333b4fce6ed8850c1",
          "5ea0eee98f13770b356c0a0aa45145f1",
          "7f3838e925735fe04fb6d50b42c73135",
          "7f50894c3f3ab1199d93cf8ac2f20982",
          "0c4b9524a777b97bd87ad96c330cb013",
          "988429865c77172bf515f765772d7531",
          "50c460a8b1eed8b8cdd249fc00d3cff0"
        ]
      }
    },
    {
      "type": "Feature",
      "geometry": {
        "type": "Point",
        "coordinates": [
          -75.2335464702651,
          39.92175569091152
        ]
      },
      "properties": {
        "mural_name": "Untitled mural  at John Bartram High School (2004)",
        "artist": "Robert Minervini",
        "address": "2401 S 67th St, Philadelphia, Pennsylvania, 19142, USA",
        "media": [
          "ce15629cf11bcbdd34c56f3b423601c1",
          "0b6aa0e3fb05a8b2c2f79455037c91dc",
          "fde07547399e89cf05698e178f7f8544",
          "e5cc051febd1460971788144a63853f7"
        ]
      }
    },
    {
      "type": "Feature",
      "geometry": {
        "type": "Point",
        "coordinates": [
          -75.1641386454213,
          39.95536132564558
        ]
      },
      "properties": {
        "mural_name": "Uplift Justice",
        "artist": "Shepard Fairey",
        "address": "1425 Arch St, Philadelphia, Pennsylvania, 19102, USA",
        "media": [
          "db7a92aad0306f7dacf810467c4a092d",
          "b4f7d3d2f20222c68da2905c08e4cd07",
          "268f714a1b69b341c4501000fc18f2a9",
          "3c03ce7bd4cca78f751395af443903c4",
          "23279dbe2e8b15b335052e4ac0436019",
          "008d61f347717e41d7db3a346bcb0aa0",
          "bb8b16a0ee2d91a9f6b78e9dcbfa61b7",
          "db481c7f1ebfa0c39d531a3f93a21d6e"
        ]
      }
    },
    {
      "type": "Feature",
      "geometry": {
        "type": "Point",
        "coordinates": [
          -75.12986201794578,
          40.002979821459085
        ]
      },
      "properties": {
        "mural_name": "Uprooted/reRooted",
        "artist": "Marion Wilson",
        "address": "3449 N Mascher St, Philadelphia, Pennsylvania, 19140, USA",
        "media": [
          "e816964e327381537e270af5046110c3",
          "d9f04d66ad68752f670bcd06048c4031",
          "023272cc202fcc7574283c249ab5c3f6",
          "bbcffb8715ce36bd804982fca9ce8954",
          "2f277691954e72d346f6270e0db5dc6e",
          "ea532a98dfc5350869500a7b2cb88c95"
        ]
      }
    },
    {
      "type": "Feature",
      "geometry": {
        "type": "Point",
        "coordinates": [
          -75.19030834139811,
          39.97928271320355
        ]
      },
      "properties": {
        "mural_name": "Uptown Locomotion",
        "artist": "Brad Carney",
        "address": "1450 N 33rd St, Philadelphia, Pennsylvania, 19121, USA",
        "media": [
          "6feda02c343c46971049821be96accd5",
          "16303267a0118f62ed72d58cf5095ee8",
          "f2b1ffb3085c78f09097833bdbdc7669",
          "df9af3cea83ed8be5298ba5feaaafb60"
        ]
      }
    },
    {
      "type": "Feature",
      "geometry": {
        "type": "Point",
        "coordinates": [
          -75.15642121609329,
          39.98767758730945
        ]
      },
      "properties": {
        "mural_name": "Uptown Reunion",
        "artist": "Peter Pagast",
        "address": "2240-2248 N Broad St., Philadelphia, Pennsylvania, 19132, USA",
        "media": [
          "617f60f1788c8bb82139f7ad2012346d"
        ]
      }
    },
    {
      "type": "Feature",
      "geometry": {
        "type": "Point",
        "coordinates": [
          -75.15642121609329,
          39.98767758730945
        ]
      },
      "properties": {
        "mural_name": "Uptown Theater",
        "artist": "Randy Bullock",
        "address": "2240-2248 N Broad St., Philadelphia, Pennsylvania, 19132, USA",
        "media": [
          "09782934b5f7907481f1cf9430bb6436",
          "595fcfe4cc16d2423c401eff455bf734",
          "12bf7d01d80e1a55202ff3fffda2212b",
          "3b4ed06a1b16ad7f44f7351a3bde0d46",
          "32994d2ee6dd4130ac2740823a0c189a",
          "27c6654a9613134afec5daf6d85ec49d",
          "f02314e8815210903e032fb7cfb98bbc",
          "ea93071097e9004974334e89521ff5a6"
        ]
      }
    },
    {
      "type": "Feature",
      "geometry": {
        "type": "Point",
        "coordinates": [
          -75.16874619909753,
          40.005983044919866
        ]
      },
      "properties": {
        "mural_name": "Upward and Onward to Success",
        "artist": "Jared Bader",
        "address": "2409 W Westmoreland St, Philadelphia, Pennsylvania, 19129, USA",
        "media": [
          "def6ef21c213036807d4251c4e86aab7"
        ]
      }
    },
    {
      "type": "Feature",
      "geometry": {
        "type": "Point",
        "coordinates": [
          -75.1554820160942,
          39.96064135556057
        ]
      },
      "properties": {
        "mural_name": "Urban Explorations",
        "artist": "Lauren Cat West",
        "address": "1016 Buttonwood St, Philadelphia, Pennsylvania, 19123, USA",
        "media": [
          "caf47c8e69cd05fc30bcf29d2dbed936"
        ]
      }
    },
    {
      "type": "Feature",
      "geometry": {
        "type": "Point",
        "coordinates": [
          -75.17762196567168,
          39.955525181012746
        ]
      },
      "properties": {
        "mural_name": "Urban Geometrics",
        "artist": "Jane Golden",
        "address": "60 N 23rd St, Philadelphia, Pennsylvania, 19103, USA",
        "media": [
          "acc8f88f81d49fda17a11e4d66300f11",
          "fd31e5451c062103d4c96d962f00b929",
          "52f26e34ec6e7fb292603a1d711b1a68"
        ]
      }
    },
    {
      "type": "Feature",
      "geometry": {
        "type": "Point",
        "coordinates": [
          -75.12870356471907,
          40.01613263511522
        ]
      },
      "properties": {
        "mural_name": "Urban Jungle",
        "artist": "Betsy Z. Casañas",
        "address": "4301 Rising Sun Ave, Philadelphia, Pennsylvania, 19140, USA",
        "media": [
          "bb045021745d8032cffe77d51ee57baa",
          "262f4628faaf968faeefd1e8b750f0a6",
          "b7f27331ef530bde1b0e782407eafa1d",
          "cc6df64bd1e191bd219e36e0b138dc6d"
        ]
      }
    },
    {
      "type": "Feature",
      "geometry": {
        "type": "Point",
        "coordinates": [
          -75.141393,
          39.977939
        ]
      },
      "properties": {
        "mural_name": "Urban Oasis",
        "artist": "Ali M. Williams",
        "address": "1745 N 4th St, Philadelphia, Pennsylvania, 19122, USA",
        "media": [
          "5f182ff302dbb377f99b8bd5ff7e960c",
          "b597d0a1c4183e57faab28e5bacb706c",
          "b4af97dbda648d2359a99a756740c37b",
          "3ea1972fe617f252b59ac8b20ee8a9c6",
          "274be739efd9d6ac177b45285a4da289",
          "83be4f409484d385c1496b2941cbbbb1",
          "63db8feb7a8fd453ac9e1ae3fcf0e3ce"
        ]
      }
    },
    {
      "type": "Feature",
      "geometry": {
        "type": "Point",
        "coordinates": [
          -75.15025266401027,
          39.941812346486216
        ]
      },
      "properties": {
        "mural_name": "Variation 9 - Harmony",
        "artist": "Adam Crawford",
        "address": "436 South St, Philadelphia, Pennsylvania, 19147, USA",
        "media": [
          "cbc532faf17b52ea6aa7c08573161943",
          "9e0d4ef9ed7c469a31fb28a345f023c6"
        ]
      }
    },
    {
      "type": "Feature",
      "geometry": {
        "type": "Point",
        "coordinates": [
          -75.155908,
          39.949723999999996
        ]
      },
      "properties": {
        "mural_name": "Variations on the Theme of City Narration",
        "artist": "Jared Bader",
        "address": "S 9th St & Sansom St, Philadelphia, Pennsylvania, 19107, USA",
        "media": [
          "e3bf5896c136dad97b6e0e89e35f7b75"
        ]
      }
    },
    {
      "type": "Feature",
      "geometry": {
        "type": "Point",
        "coordinates": [
          -75.1780506931235,
          39.988002484972654
        ]
      },
      "properties": {
        "mural_name": "Vernon Marks",
        "artist": "Peter Pagast",
        "address": "2723 W Sedgley Ave, Philadelphia, Pennsylvania, 19121, USA",
        "media": [
          "d6cc2aebc42e2faedbcfdbf1c179bff0"
        ]
      }
    },
    {
      "type": "Feature",
      "geometry": {
        "type": "Point",
        "coordinates": [
          -75.07615804282779,
          40.0205595091078
        ]
      },
      "properties": {
        "mural_name": "Veterans Village",
        "artist": "Jonathan Laidacker",
        "address": "5127 Duffield St, Philadelphia, Pennsylvania, 19124, USA",
        "media": [
          "710d677a5bcba1434d03667dd9f3ec4c",
          "0c6657d8d945cef4e24505870f6b6873"
        ]
      }
    },
    {
      "type": "Feature",
      "geometry": {
        "type": "Point",
        "coordinates": [
          -75.21558867239719,
          39.96622335841331
        ]
      },
      "properties": {
        "mural_name": "Visions of Hope",
        "artist": "Josh Sarantitis",
        "address": "4700 Brown St, Philadelphia, Pennsylvania, 19139, USA",
        "media": [
          "3e3d74ad7fd2e9e04bf074c877c3d7e1",
          "f0deb78c5b9e1a5b79d38ea5d9845a0d",
          "c873410bf4b4b97fe05d162c6273e185"
        ]
      }
    },
    {
      "type": "Feature",
      "geometry": {
        "type": "Point",
        "coordinates": [
          -75.13668062793381,
          39.98100539031527
        ]
      },
      "properties": {
        "mural_name": "Visual Sound System",
        "artist": "Charles Barbin",
        "address": "2005 N 2nd St, Philadelphia, Pennsylvania, 19122, USA",
        "media": [
          "843b41949cfbc2c77fda9ee0392fe00a",
          "046cfaf8642fa13d4fa6f9023ee668f2",
          "d56d0b31524ff3d580999ec458300753",
          "6ac1927ee994600e59af82519e30d276",
          "208e061815acc6a215e6bcb16c96b2c2",
          "1bf7b2343bfa79181a14b60a6564122a",
          "a3a9cc218af4db3303240d3e3f406edf",
          "42e10577398d1689d6cf9ba2be890a3b",
          "597f5aaa5d0918ebf7420a1369608b38",
          "0ef235f2cc84630b936df4d0a9ff5238",
          "8bda99d99984e51a3900803677b079ee"
        ]
      }
    },
    {
      "type": "Feature",
      "geometry": {
        "type": "Point",
        "coordinates": [
          -75.25215077646554,
          39.974428660729174
        ]
      },
      "properties": {
        "mural_name": "Vito's Garden",
        "artist": "Cesar Viveros",
        "address": "6608 Lansdowne Ave, Philadelphia, Pennsylvania, 19151, USA",
        "media": [
          "225bc0b30dd07e368b3dc516ff5ea614"
        ]
      }
    },
    {
      "type": "Feature",
      "geometry": {
        "type": "Point",
        "coordinates": [
          -75.15163817561962,
          39.95907962451924
        ]
      },
      "properties": {
        "mural_name": "Voices",
        "artist": "Jesse Krimes",
        "address": "407 N 8th St, Philadelphia, Pennsylvania, 19123, USA",
        "media": [
          "2f74d6f5b1f734ac10666c2234742036",
          "a04584c76d2ab64122282bd894131335"
        ]
      }
    },
    {
      "type": "Feature",
      "geometry": {
        "type": "Point",
        "coordinates": [
          -75.22809812037181,
          39.9504969233905
        ]
      },
      "properties": {
        "mural_name": "Voices of Expression",
        "artist": "Donna Grace Kroh",
        "address": "5257 Walton Ave, Philadelphia, Pennsylvania, 19143, USA",
        "media": [
          "405bc804859669ca0d1f6327af1f779c",
          "513b73a7ce4f6eb6ce164f8072cfc0fb"
        ]
      }
    },
    {
      "type": "Feature",
      "geometry": {
        "type": "Point",
        "coordinates": [
          -75.1460556015164,
          39.94149496167996
        ]
      },
      "properties": {
        "mural_name": "Vote",
        "artist": "Faust",
        "address": "245 South St, Philadelphia, Pennsylvania, 19147, USA",
        "media": [
          "a0d5781052edbe6c428a6c6f39f5db79",
          "9e1ac0fb977773fc834aa70894723d54",
          "9771ff4a9ce4380524d3d7955b97a8e4",
          "1e7644ed5c0402598492386d32f7a117",
          "8fbaa7df0823018a57b37652f3b9f65f",
          "a830c3d407e5aab48d2abe8708ce15f5",
          "4db938c40ee519ee2914c12435176078",
          "286fd113b18c1a3801796bf928c7dba9"
        ]
      }
    },
    {
      "type": "Feature",
      "geometry": {
        "type": "Point",
        "coordinates": [
          -75.17353651609378,
          39.97419480758924
        ]
      },
      "properties": {
        "mural_name": "Voyage of Becoming",
        "artist": "Andre Chaney",
        "address": "2010 S College Ave, Philadelphia, Pennsylvania, 19121, USA",
        "media": [
          "ad954dffbcb07c72c8c0c2b4adb79d5d",
          "f96c755d8a54cc54512b36847d1f78af",
          "861fcc007954971498d60672d64390d4",
          "96ed6f7fa3d1da1bc42863f5b4f3260f"
        ]
      }
    },
    {
      "type": "Feature",
      "geometry": {
        "type": "Point",
        "coordinates": [
          -75.1683418525362,
          39.97609193375854
        ]
      },
      "properties": {
        "mural_name": "Wake Up",
        "artist": "Marcus Balum",
        "address": "2001 Ridge Ave, Philadelphia, Pennsylvania, 19121, USA",
        "media": [
          "e50db8eb4a94a7a656620f6987af44e0",
          "9598239df4587dacb1fb21284a99b2d0",
          "c7b06f6b6bb2ad2d3b534e8ad533f881",
          "d12b9acf9ee7797daa2d52c8399dc053"
        ]
      }
    },
    {
      "type": "Feature",
      "geometry": {
        "type": "Point",
        "coordinates": [
          -75.1905003469678,
          40.05938948166763
        ]
      },
      "properties": {
        "mural_name": "Walking the Wisshickon",
        "artist": "Brian Ames",
        "address": "7136 Germantown Ave, Philadelphia, Pennsylvania, 19119, USA",
        "media": [
          "c72d2c72aaae90bda4ae19ef893aad7d"
        ]
      }
    },
    {
      "type": "Feature",
      "geometry": {
        "type": "Point",
        "coordinates": [
          -75.18877067395563,
          40.058446325876744
        ]
      },
      "properties": {
        "mural_name": "Walking Together",
        "artist": "David Woods",
        "address": "7047 Germantown Ave, Philadelphia, Pennsylvania, 19119, USA",
        "media": [
          "a4ba7468604fcbe8de6b5ac3406ac26b"
        ]
      }
    },
    {
      "type": "Feature",
      "geometry": {
        "type": "Point",
        "coordinates": [
          -75.16719090279457,
          39.953162316464216
        ]
      },
      "properties": {
        "mural_name": "Wall Ball 2022: Art in Action (1600 Market Street Pop-Up Artist Residency)",
        "artist": "Carlos \"Calo\" Rosa",
        "address": "1600 Market St, Philadelphia, Pennsylvania, 19103, USA",
        "media": [
          "7308078dd333dc5e6d1393cada45d5fa",
          "0669e14c9b2474135c0d7ac18d94a065",
          "3487e95a7d5ed48a24eaf865c0e8730d",
          "2214b270ed1a065af1bfd8f3d176db15",
          "0bdec88ee19d56086f08f3f775da71cd",
          "1ef8227bf026f0f833c496ccc32a13f2",
          "1eae9e8cce33aab2c26476c22a66e689",
          "4185937de79d098d85ac8ba4a30d7b49",
          "5a082ab1317d7d4b6603ea89c255953b"
        ]
      }
    },
    {
      "type": "Feature",
      "geometry": {
        "type": "Point",
        "coordinates": [
          -75.16531153642754,
          39.984676471193445
        ]
      },
      "properties": {
        "mural_name": "Wall of Angels",
        "artist": "James Giles",
        "address": "937 W Norris St, Philadelphia, Pennsylvania, 19121, USA",
        "media": [
          "f4d407125445915804de1ff78b68d16d"
        ]
      }
    },
    {
      "type": "Feature",
      "geometry": {
        "type": "Point",
        "coordinates": [
          -75.13563712487681,
          39.98483145020774
        ]
      },
      "properties": {
        "mural_name": "Wall of Community Heroes",
        "artist": "Ann Davidson",
        "address": "2239 N 2nd St, Philadelphia, Pennsylvania, 19133, USA",
        "media": [
          "0655b2a21d6308adaf06e1eada4cd68c",
          "f5dd48b4dc08405a541b4ba8fd200811",
          "e5785c9717bec6c30270524a69de2fea"
        ]
      }
    },
    {
      "type": "Feature",
      "geometry": {
        "type": "Point",
        "coordinates": [
          -75.16938258745343,
          39.944437963135336
        ]
      },
      "properties": {
        "mural_name": "Wall of Hearts",
        "artist": "Cathleen Hughes",
        "address": "1617 South St, Philadelphia, Pennsylvania, 19146, USA",
        "media": [
          "90b6723971eeb27c1de9c6d41b3d7312"
        ]
      }
    },
    {
      "type": "Feature",
      "geometry": {
        "type": "Point",
        "coordinates": [
          -75.1996713756194,
          39.96413808742376
        ]
      },
      "properties": {
        "mural_name": "Wall of Heroes (Mantua)",
        "artist": "Cavin Jones",
        "address": "631 N 39th St, Philadelphia, Pennsylvania, 19104, USA",
        "media": [
          "655597eca9f59d1bc6ba90b2a60086fb"
        ]
      }
    },
    {
      "type": "Feature",
      "geometry": {
        "type": "Point",
        "coordinates": [
          -75.12377314905807,
          40.02917656799417
        ]
      },
      "properties": {
        "mural_name": "Wall of Inspiration",
        "artist": "Eliseo Art Silva",
        "address": "100 E Duncannon Ave, Philadelphia, Pennsylvania, 19120, USA",
        "media": [
          "0b966ab3df8c388f7df176d4f8ef9817"
        ]
      }
    },
    {
      "type": "Feature",
      "geometry": {
        "type": "Point",
        "coordinates": [
          -75.1945492814552,
          39.9547643094987
        ]
      },
      "properties": {
        "mural_name": "Wall of Respect, 2016",
        "artist": "Willis \"Nomo\" Humphrey",
        "address": "118 S 36th St, Philadelphia, Pennsylvania, 19104, USA",
        "media": [
          "9345c36796f3c7920116d1dafde0f6c2"
        ]
      }
    },
    {
      "type": "Feature",
      "geometry": {
        "type": "Point",
        "coordinates": [
          -75.15463223578965,
          39.99353442576593
        ]
      },
      "properties": {
        "mural_name": "Wall of Rugs, #2: The Global Language of Textiles",
        "artist": "Kathryn Pannepacker",
        "address": "2683 N. Broad Street, Philadelphia, Pennsylvania, 19121, USA",
        "media": [
          "c73f63da9dd7190f5be9ff39a5b2f77f",
          "b2f21a124491db3d938c336cf7798855",
          "d6216dfb1a6718ecd9910c834989fab9",
          "1c6e41d77e343f23e2195e1484b1413d",
          "16b35e6217d0074c60689e682337295f",
          "d112d147bdc23f1cd987e291209066b2",
          "0ec80b0229ed5655c352939ec425098a",
          "0317efb2bf7e7f0c953b17942c2161f8",
          "c62c519b9be2a92ea1bbc1a5999876b0"
        ]
      }
    },
    {
      "type": "Feature",
      "geometry": {
        "type": "Point",
        "coordinates": [
          -75.21194526471542,
          39.97305221689876
        ]
      },
      "properties": {
        "mural_name": "Wall of Rugs: The Global Language of Textiles (Northwest corner, Broad and Girard)",
        "artist": "Kathryn Pannepacker",
        "address": "Belmont Ave & W Girard Ave, Philadelphia, Pennsylvania, 19104, USA",
        "media": [
          "105df7c5a6e4958577e753314342f93b",
          "147009a34098958662d3cd6f80b31800",
          "f7810969443ba55deff4f19b4a9e2af0",
          "6a7b7e6ff29db585c81374212c5aa023"
        ]
      }
    },
    {
      "type": "Feature",
      "geometry": {
        "type": "Point",
        "coordinates": [
          -75.18573788422292,
          40.033639650012724
        ]
      },
      "properties": {
        "mural_name": "Walnut Lane Flowers",
        "artist": "Diane Pieri",
        "address": "Walnut Ln at Morris Ave, Philadelphia, Pennsylvania, 19144, USA",
        "media": [
          "e9054350c468b9474b80cc8be4effbd3",
          "c28f12cfcc81d833d596b9d8f97b73ff",
          "44244268f090ff4871ee7518ea3fd239"
        ]
      }
    },
    {
      "type": "Feature",
      "geometry": {
        "type": "Point",
        "coordinates": [
          -75.18216150309281,
          39.93599487451783
        ]
      },
      "properties": {
        "mural_name": "Walter P. Lomax, Jr., MD",
        "artist": "David McShane",
        "address": "1305 S 23rd St, Philadelphia, Pennsylvania, 19146, USA",
        "media": [
          "492302f1a08911be7faea53dbfbbf0cc",
          "515a6e76c6562fe02c9db6ab7ab7a445"
        ]
      }
    },
    {
      "type": "Feature",
      "geometry": {
        "type": "Point",
        "coordinates": [
          -75.16027528725895,
          39.931080980741704
        ]
      },
      "properties": {
        "mural_name": "Watchtowers",
        "artist": "Joe Boruchow",
        "address": "910 Dickinson St, Philadelphia, Pennsylvania, 19147, USA",
        "media": [
          "d9246b4fe6be2ad45e05b2e063398dd7",
          "ce262d54786bc8dc9e911f4e3f1a5c64",
          "867808ba8455af9aa5cc9508258b7458",
          "378d7604f03b348187e2cb9a89dc2eda"
        ]
      }
    },
    {
      "type": "Feature",
      "geometry": {
        "type": "Point",
        "coordinates": [
          -75.16064102168029,
          39.95433056193641
        ]
      },
      "properties": {
        "mural_name": "Water Gives Life",
        "artist": "Eurhi Jones",
        "address": "Arch St & N 13th St, Philadelphia, Pennsylvania, 19107, USA",
        "media": [
          "c8f947672833b85ce22f447bb153402c",
          "d098a8b4b91518a0a2d8db06404aeb4c"
        ]
      }
    },
    {
      "type": "Feature",
      "geometry": {
        "type": "Point",
        "coordinates": [
          -75.23274521983252,
          40.03224335617255
        ]
      },
      "properties": {
        "mural_name": "Water Under the Bridge",
        "artist": "Paul Santoleri",
        "address": "4773 Cresson St, Philadelphia, Pennsylvania, 19127, USA",
        "media": [
          "b7c51a6f52c264d84642627978159f4d",
          "a835abae20aba206e9f55eb7167d1216",
          "7e136eb4d84dcba1691494cc055d71e5",
          "3984a16d1e4e4cf6abfa128d410720eb",
          "96ac6871d8efc521c4ab78b5647bb258",
          "f0f88da1f1258dedc532cf66c361bdda",
          "4177611173e616216e9d9a3410a142df",
          "b2e586aba5958aa6ca6993b6e380ff22",
          "2d17d2f5df904b2cce47515b5378f941",
          "1f43ed19e1ec736a93ff8cbdb25dea7a",
          "a3049d6b34b6f252d9e8c091f0144d9b",
          "0682e3a6cc32fb1b6c5ae407b8ed6cf4",
          "783055290c9a1cacb6ad010cf5f86bad"
        ]
      }
    },
    {
      "type": "Feature",
      "geometry": {
        "type": "Point",
        "coordinates": [
          -75.15868971609447,
          39.95469883663647
        ]
      },
      "properties": {
        "mural_name": "WATERCOLOUR (2018 Philadelphia Flower Show Installation)",
        "artist": "Ryan Beck",
        "address": "1101 Arch St, Philadelphia, Pennsylvania, 19107, USA",
        "media": [
          "8856c05d98a090e2d8c5d6d6a430a563",
          "fa18005ef4998b9a4647cad30905996a",
          "8d10fdac13660d2bc7aed4ddf17c0d29",
          "56c8f30232a295c47f0bf7ab251d05e1",
          "8478c9f11dd9083018621ac976549df5",
          "27a3cd84e16e0af418cc2d14aca223d8",
          "80339e71befb3b8e792c2a8348595d0b",
          "067a788267b1ab22f460288c7e158f29"
        ]
      }
    },
    {
      "type": "Feature",
      "geometry": {
        "type": "Point",
        "coordinates": [
          -75.2158407607633,
          39.94536772775224
        ]
      },
      "properties": {
        "mural_name": "Waterfalls",
        "artist": "Jane Golden",
        "address": "1014-18 S 48th St, Philadelphia, Pennsylvania, 19143, USA",
        "media": [
          "4d3764efb73e5af2d6c48f761afcf2ac"
        ]
      }
    },
    {
      "type": "Feature",
      "geometry": {
        "type": "Point",
        "coordinates": [
          -75.13259568119548,
          39.988416282802156
        ]
      },
      "properties": {
        "mural_name": "Waterloo Recreation Center Basketball Court",
        "artist": "Carlos \"Calo\" Rosa",
        "address": "2502 N Howard St, Philadelphia, Pennsylvania, 19133, USA",
        "media": [
          "3e761e768ddf1c9d2abfce48d735495d",
          "af6417b2d9e9fa82c3b71dc87e4f1171",
          "40e9583e4df100966531bf51381de338",
          "ccafb28f7ae71e4f2e47bace6f4c3690",
          "4352945a15a39b7d37c0a5c859792144",
          "eaabdb34ee011533baf59a8475093c59",
          "9ff86168d73d2d7df30807b38321a9a1",
          "d2c706c22810121ff96215cabf612c23",
          "02024577646e6e725d9b614a4879c2fb",
          "a1207cfaa24b5ffe9ac534ed5535b6e9",
          "943b6597dcf7241e3b8519a5a505c4ad"
        ]
      }
    },
    {
      "type": "Feature",
      "geometry": {
        "type": "Point",
        "coordinates": [
          -75.22756407521207,
          40.0267946292919
        ]
      },
      "properties": {
        "mural_name": "Waters of Change",
        "artist": "Paul Santoleri",
        "address": "Green Ln & Main St, Philadelphia, Pennsylvania, 19127, USA",
        "media": [
          "9af4d647d061cac9d9236105b4f1f4d4",
          "2f4e47ca9be4399e65073b0f2d931d3a",
          "c52203d40f27c5f155132517317d57be",
          "8abe4517a982d8d5d59b84dd88c30d80",
          "c8cee65f66a466309f1aeaf8dadb9af2",
          "b2be5d75ec926088d9d0cbb34774328f",
          "9ab610a4ddacd04a945a9cb4e09e1f99",
          "ece98471e857747a62fbe564d00f75bf",
          "b9293e5629997c64056899bef54ca3a1"
        ]
      }
    },
    {
      "type": "Feature",
      "geometry": {
        "type": "Point",
        "coordinates": [
          -75.216884,
          40.034909
        ]
      },
      "properties": {
        "mural_name": "Watershed",
        "artist": "Paul Santoleri",
        "address": "6170 Ridge Ave, Philadelphia, Pennsylvania, 19128, USA",
        "media": [
          "9d5bd0f286746e7d4d120a3363180003",
          "c1e59d040f7cb0974cb4afecf8883d54",
          "5a91d6eb61be2e1609ff2fb3eebaae8d",
          "1af61471c4029ec79b1f1b323ae8a556"
        ]
      }
    },
    {
      "type": "Feature",
      "geometry": {
        "type": "Point",
        "coordinates": [
          -75.19129066078806,
          39.96416291049057
        ]
      },
      "properties": {
        "mural_name": "Waterways",
        "artist": "Joseph Iacona",
        "address": "3320-50 Haverford Ave, Philadelphia, Pennsylvania, 19104, USA",
        "media": [
          "f0043c5868f40cb6eb8e08614d646a21"
        ]
      }
    },
    {
      "type": "Feature",
      "geometry": {
        "type": "Point",
        "coordinates": [
          -75.22065024541868,
          40.0230886874642
        ]
      },
      "properties": {
        "mural_name": "Waterways",
        "artist": "Eurhi Jones",
        "address": "9 Lock St, Philadelphia, Pennsylvania, 19127, USA",
        "media": [
          "612caadacc9205eb00e2dce8ba2d7352",
          "12ab4c9a4c45467c8f784ff0bac93402",
          "723b3d8f9250f83c74945d10f8547355",
          "d285d67b537c62754276555e6f01c18e",
          "4ad2dbc9f56db69207d56f3fa76d2814"
        ]
      }
    },
    {
      "type": "Feature",
      "geometry": {
        "type": "Point",
        "coordinates": [
          -75.14149143649045,
          39.98705548657748
        ]
      },
      "properties": {
        "mural_name": "Wave of Emotion",
        "artist": "Becky McIntyre",
        "address": "2332 N 5th St, Philadelphia, Pennsylvania, 19133, USA",
        "media": [
          "b3be4f00d9dbf4a95885f906dd9c7739",
          "d1f0240f70c2936af198f92edfa8e38e"
        ]
      }
    },
    {
      "type": "Feature",
      "geometry": {
        "type": "Point",
        "coordinates": [
          -75.14712864493073,
          39.94962822643482
        ]
      },
      "properties": {
        "mural_name": "WE",
        "artist": "Marcus Balum",
        "address": "35 S 4th St, Philadelphia, Pennsylvania, 19106, USA",
        "media": [
          "84e8ec36b19f889a572edb7ce8946386",
          "24cc7fc4aa454073b9dd957d3739ddf9",
          "802d9f0af346c82daf3ffbee6741526f"
        ]
      }
    },
    {
      "type": "Feature",
      "geometry": {
        "type": "Point",
        "coordinates": [
          -75.16485408236038,
          39.952496888638336
        ]
      },
      "properties": {
        "mural_name": "We Are All Neurons",
        "artist": "Benjamin Volta",
        "address": "15th St Station, Philadelphia, Pennsylvania, 19107, USA",
        "media": [
          "08ed9b2b3659a2473b29f23283e545fc",
          "15d52caf4d13164d99c30887630d1d05",
          "1608c3d8466e48ae6204174e24375292",
          "460b021db1ccccfc36ba14a0a6f80b05"
        ]
      }
    },
    {
      "type": "Feature",
      "geometry": {
        "type": "Point",
        "coordinates": [
          -75.13470901556857,
          39.97064197021088
        ]
      },
      "properties": {
        "mural_name": "We Are Universal",
        "artist": "Kah Yangni",
        "address": "1306 Frankford Ave, Philadelphia, Pennsylvania, 19125, USA",
        "media": [
          "1e1ea14d64611eb5c80c14ef39f9c1c9"
        ]
      }
    },
    {
      "type": "Feature",
      "geometry": {
        "type": "Point",
        "coordinates": [
          -75.16064102168029,
          39.95433056193641
        ]
      },
      "properties": {
        "mural_name": "We Did That",
        "artist": "Letisha Bindu Golafale",
        "address": "Arch St & N 13th St, Philadelphia, Pennsylvania, 19107, USA",
        "media": [
          "4b71fb79818e827bed6f41cf4ccdc6a2",
          "e685c96416677ef84324eabefef9574f",
          "b762cebf4242b9ebb9f88267a3965be6"
        ]
      }
    },
    {
      "type": "Feature",
      "geometry": {
        "type": "Point",
        "coordinates": [
          -75.15701535980702,
          39.95652704768958
        ]
      },
      "properties": {
        "mural_name": "We dreamt an orchard this way",
        "artist": "Gina Kim",
        "address": "221 N 11th St, Philadelphia, Pennsylvania, 19107, USA",
        "media": [
          "606d7649239c03fdfbd414bab909ec2b",
          "3caec0b24b9e2b3c848a1c34c75bfcc5",
          "1dcfff59a0626e845abc6a27c1599d29"
        ]
      }
    },
    {
      "type": "Feature",
      "geometry": {
        "type": "Point",
        "coordinates": [
          -75.2041656,
          39.9591937
        ]
      },
      "properties": {
        "mural_name": "We Exist in Multitudes",
        "artist": "TRIPOD",
        "address": "4020 Powelton Ave, Philadelphia, Pennsylvania, 19104, USA",
        "media": [
          "cddc83250ca0f06bc60181c55f6022b3",
          "788453c0dd1e09325a593dbb66d17e78",
          "8976e3c6ed144a16eb1b4292eb9bf874",
          "5f7de78ef6e7320b2850648a095c5f53",
          "3f04090e66cfbd17cd95c15c64f6ce09",
          "5d64707897bb03ffd9557ad8fc123c69",
          "567adfd236e01ec519e38220c93c8c6b",
          "a8788c91f85f6ddf2a7ad6fb216c5a5c",
          "215eac8cb88ceff2466e2cc616e2915a"
        ]
      }
    },
    {
      "type": "Feature",
      "geometry": {
        "type": "Point",
        "coordinates": [
          -75.25112703033663,
          40.05669186695582
        ]
      },
      "properties": {
        "mural_name": "We Glow in the Dark",
        "artist": "Torkwase Dyson",
        "address": "8480 Hagys Mill Rd, Philadelphia, Pennsylvania, 19128, USA",
        "media": [
          "a637a069fb0c493bbe8d6008cf4fa7aa",
          "0ddf6122d3ef02aeb36352e7fe69b69f",
          "77d65817c359e820729ae9790ec20d30"
        ]
      }
    },
    {
      "type": "Feature",
      "geometry": {
        "type": "Point",
        "coordinates": [
          -75.18154474607027,
          40.04463982803886
        ]
      },
      "properties": {
        "mural_name": "We Got the Jazz",
        "artist": "Alloyius Mcilwaine",
        "address": "6330 Germantown Ave, Philadelphia, Pennsylvania, 19144, USA",
        "media": [
          "9f057fe0750d10e03b77a7c7ac7c3e0f",
          "296ed2255644e975acb23f3f1a4055b3",
          "fcd48acc5813a8be8b998ee728e263b6"
        ]
      }
    },
    {
      "type": "Feature",
      "geometry": {
        "type": "Point",
        "coordinates": [
          -75.15162744678346,
          39.9592695187549
        ]
      },
      "properties": {
        "mural_name": "We Got Us",
        "artist": "Steve Powers, aka ESPO",
        "address": "417 N 8th St, Philadelphia, Pennsylvania, 19123, USA",
        "media": [
          "30f327afd6421f885a19a531a1406b28",
          "27686fc83f190376183264054354615b",
          "aa36b55f9565c8fcd7bec7125534ac1a",
          "dfed1b75523e80062e573c7f68866f05",
          "1af60c7492d8c0795316596826b71465",
          "e28c5a3dde054b0c7d9e0bef2fecab9f"
        ]
      }
    },
    {
      "type": "Feature",
      "geometry": {
        "type": "Point",
        "coordinates": [
          -75.1108111364449,
          39.99783189348466
        ]
      },
      "properties": {
        "mural_name": "We Here (Kensington Corridor Trust)",
        "artist": "Robert Lugo",
        "address": "3256 Kensington Ave, Philadelphia, Pennsylvania, 19134, USA",
        "media": [
          "383fe4f2ce42b3d1e27feccc763d615d",
          "3920339c4ca44d69a4a94924509ddeb1",
          "26a6edfdf4ac9158a1e452c0ec9a3ec1",
          "db9260ad871904e468d3c9d2ee636e00",
          "2d56a5c4a8589d47892d2b6e6807180d",
          "1c471bff59d4404cb7a0b17f7b67b090",
          "d9cd1f3316204134df4dd9092c463818",
          "154f4fd47859b299c24904bf7f295457",
          "439500b09085423627cd52cceed79c64",
          "f2a5996c503344a892119977b21371fd",
          "3219a0dd62fa2fb63752b1a26f0a6a91",
          "8577f1ab41e52786441a30565d998ba3",
          "c93fadfdf11b89ac0a5e4a0d334909a6"
        ]
      }
    },
    {
      "type": "Feature",
      "geometry": {
        "type": "Point",
        "coordinates": [
          -75.14070916088266,
          39.99093186884329
        ]
      },
      "properties": {
        "mural_name": "We Here (Taller Puertorriqueño)",
        "artist": "Robert Lugo",
        "address": "2626 N 5th St, Philadelphia, Pennsylvania, 19133, USA",
        "media": [
          "ae74e65a918b34fb9ba9ba459e175d78",
          "e9277875f1f958f7b28b617b30eb5207",
          "7aa9b223ba8cd1d8dcf5c8e78e492059",
          "f6627a026ded5fc311d86b8b47b59d72",
          "870b1188c344acccaeffa48cebe66fd3",
          "9ceff9e646cd43be8b99de6f887c38a4",
          "5214f8a63396494ded7a6cab8fcd3def",
          "bff3291c3bbebcbc314a3523ebecb05c",
          "3d22b935282b3a1a4f007210c74e5865",
          "0fee92fd27f6bd4c5198691cfc2930c2",
          "c691f5f5c02782c6ce55b4c202e8f50e",
          "69eee944509e3180f432cfe98d754b68",
          "e48db42fe2021996f89afed947a890c7",
          "8e6410f813104f7fc1e009cc010c5ff2",
          "e88bf50663ec87ed7c6e1cdf607f15b5"
        ]
      }
    },
    {
      "type": "Feature",
      "geometry": {
        "type": "Point",
        "coordinates": [
          -75.11471346380209,
          39.99277182325945
        ]
      },
      "properties": {
        "mural_name": "We Here (The Free Church of St. John)",
        "artist": "Robert Lugo",
        "address": "3076 Emerald St, Philadelphia, Pennsylvania, 19134, USA",
        "media": [
          "3b81d2d75742339db0a14cfe0ef77752",
          "11197121f28bdc67f6fdd0c5cc2834ad",
          "3e71683e92f1dd58656ac36b6d9fb6e8",
          "6a71f5b616fc2afc42c52ed5f5c75cd5",
          "ad2cc3d00ef2c2cd920e1aa6889bc491",
          "a85fc4f56997c3a2a77a45f3e8d2eb94",
          "7ef1d9d6ef0fa91d471dac9061fdac3d",
          "4a1dbff5787f1b957d823c7fbf049153",
          "1f40c5b922cb7598ba0225b1244b28c6",
          "1563876c9771c17a1875eda5387b55e9",
          "e9cea39d5802d88b5cdd358fe2838c46",
          "44849f811e9e4cde34b818aa6fd76035",
          "60979990c29b91a6082a05c755957b89",
          "83f8ac4c812c22a843e104b135e799d9",
          "e3254cb4113ef5f5fea91e97d16d9cb3"
        ]
      }
    },
    {
      "type": "Feature",
      "geometry": {
        "type": "Point",
        "coordinates": [
          -75.1739739941914,
          40.0345773204744
        ]
      },
      "properties": {
        "mural_name": "We Still Here!",
        "artist": "Chip Thomas, aka Jetsonarama",
        "address": "22 Maplewood Mall, Philadelphia, Pennsylvania, 19144, USA",
        "media": [
          "d3f5f205e1795ebd99175f0ff2506b05"
        ]
      }
    },
    {
      "type": "Feature",
      "geometry": {
        "type": "Point",
        "coordinates": [
          -75.16374751336559,
          39.9518680675151
        ]
      },
      "properties": {
        "mural_name": "We The People (Philadelphia Office of the District Attorney interior mural)",
        "artist": "Jason Slowik",
        "address": "3 S Penn Sq, Philadelphia, Pennsylvania, 19107, USA",
        "media": [
          "fbb174b72cd5598c2c15e6f259e55644"
        ]
      }
    },
    {
      "type": "Feature",
      "geometry": {
        "type": "Point",
        "coordinates": [
          -75.17983586174573,
          39.938690316469
        ]
      },
      "properties": {
        "mural_name": "We The Youth",
        "artist": "Keith Haring",
        "address": "2147 Ellsworth St, Philadelphia, Pennsylvania, 19146, USA",
        "media": [
          "88ae1e908d0cfd9eab4f7bed5064a857",
          "06276c500b1c3e732dcae70638e8633e"
        ]
      }
    },
    {
      "type": "Feature",
      "geometry": {
        "type": "Point",
        "coordinates": [
          -75.1690477,
          39.9654291
        ]
      },
      "properties": {
        "mural_name": "We Will Write the World Billboards",
        "artist": "Andre Chaney",
        "address": "1727-29 Mt. Vernon Street, Philadelphia, Pennsylvania, 19107, USA",
        "media": [
          "834f85ccfb1a0d99dbd3ae69cf7e7527",
          "8e04e967c346faa165bf819d7936468a",
          "3121e6aa14c07d19836159b0be6b8382",
          "d3d2b3897163cc8cb5269310bc1f643f",
          "c2fac8d626f3d18ebc55512eba56c626",
          "009f7b2d84b677c8f12a1e48d4c7bf88",
          "f60706cb731908082a1d5ed010a231bc",
          "b1821a0c140cecb4784ee073afe56e2a"
        ]
      }
    },
    {
      "type": "Feature",
      "geometry": {
        "type": "Point",
        "coordinates": [
          -75.62902093928554,
          40.03000427666947
        ]
      },
      "properties": {
        "mural_name": "We're Everywhere Part 2",
        "artist": "Marian Bailey",
        "address": "109 Pottstown Pike, Exton Square, Pennsylvania, 19341, USA",
        "media": [
          "182f884f6d94ec460fcdc83a86c03013"
        ]
      }
    },
    {
      "type": "Feature",
      "geometry": {
        "type": "Point",
        "coordinates": [
          -75.18243138971991,
          39.93659204674374
        ]
      },
      "properties": {
        "mural_name": "We're Not Done Yet",
        "artist": "Marian Bailey",
        "address": "1272 S 23rd St, Philadelphia, Pennsylvania, 19146, USA",
        "media": [
          "50ccfb8481a3e0d4a7e9b55571f7de7b",
          "d82a430ed1257d4f8502270d17c2ad6d",
          "33c7c80bae00e4386fc218c20471582f",
          "383ccd03a0f501d98bed6eefbb2027c3",
          "dcd8c8d78a289eabd79734130f49c6c2"
        ]
      }
    },
    {
      "type": "Feature",
      "geometry": {
        "type": "Point",
        "coordinates": [
          -75.16018475842306,
          39.925970216073075
        ]
      },
      "properties": {
        "mural_name": "Weaving Culture",
        "artist": "James Dunn",
        "address": "1835 S 9th St, Philadelphia, Pennsylvania, 19148, USA",
        "media": [
          "56b1e09130d71398fae4c135d46420d5",
          "c9186cf8a18bcce841d46dba60714e55",
          "45ed42615f54141c7c38db2feb1ffa20",
          "d588951a729f05a4a36e7e0d13c4ad4d",
          "c9186cf8a18bcce841d46dba60714e55",
          "d3ae7fca77d173ad163416aa65b1cbb1"
        ]
      }
    },
    {
      "type": "Feature",
      "geometry": {
        "type": "Point",
        "coordinates": [
          -75.06985697636392,
          40.05638104309971
        ]
      },
      "properties": {
        "mural_name": "Welcome",
        "artist": "Brad Carney",
        "address": "1601 Cottman Ave, Philadelphia, Pennsylvania, 19111, USA",
        "media": [
          "44c9bd3abd8712c95e7bb6cae70a4c63",
          "a22d1c93a7ab83afab7a2c169fd58e46"
        ]
      }
    },
    {
      "type": "Feature",
      "geometry": {
        "type": "Point",
        "coordinates": [
          -75.156612917948,
          39.936737707118304
        ]
      },
      "properties": {
        "mural_name": "Welcome America / Flag Day Mural",
        "artist": "Stacey Lewis",
        "address": "1021 S 8th St, Philadelphia, Pennsylvania, 19147, USA",
        "media": [
          "d51d376a4e4381bccf76d23267595c50",
          "a39c72526d97bba008ea29fbb8e07a50",
          "1903182da04064988b0c189ef0c51a17"
        ]
      }
    },
    {
      "type": "Feature",
      "geometry": {
        "type": "Point",
        "coordinates": [
          -75.15067710477307,
          39.977831548386355
        ]
      },
      "properties": {
        "mural_name": "Welcome Gate mosaic project at 10th & Cecil B. Moore",
        "artist": "Mike Smash",
        "address": "1625-41 N 10th St, Philadelphia, Pennsylvania, 19122, USA",
        "media": [
          "1a5284ad3b56dcffc64a2abe344a925a"
        ]
      }
    },
    {
      "type": "Feature",
      "geometry": {
        "type": "Point",
        "coordinates": [
          -75.13462663700759,
          39.97467258190437
        ]
      },
      "properties": {
        "mural_name": "Welcome Home",
        "artist": "Heather Fenton",
        "address": "1340 Frankford Ave, Philadelphia, Pennsylvania, 19125, USA",
        "media": [
          "50812a516bffa53736923eb2673111eb"
        ]
      }
    },
    {
      "type": "Feature",
      "geometry": {
        "type": "Point",
        "coordinates": [
          -74.98387229813521,
          40.05442245348456
        ]
      },
      "properties": {
        "mural_name": "Welcome to East Torresdale",
        "artist": "Jared Bader",
        "address": "Grant Ave & James St, Philadelphia, Pennsylvania, 19114, USA",
        "media": [
          "3fa5b7a6bb642875e5c6e253d12b12a7"
        ]
      }
    },
    {
      "type": "Feature",
      "geometry": {
        "type": "Point",
        "coordinates": [
          -75.19330553076144,
          40.05517291917236
        ]
      },
      "properties": {
        "mural_name": "Welcome to Mount Airy",
        "artist": "Jonathan Laidacker",
        "address": "260 W Mt Pleasant Ave, Philadelphia, Pennsylvania, 19119, USA",
        "media": [
          "91500046eaf4d5432d6ad9541b0451b3",
          "1bddefffe5d38f48170ec1a131a787ae",
          "1959214db2ddc56ad1c6f98c2024a89c",
          "046e5a37fca0176df3bc553401a69023",
          "6d3d16365d6384e95d72125e60eb6313"
        ]
      }
    },
    {
      "type": "Feature",
      "geometry": {
        "type": "Point",
        "coordinates": [
          -75.12862113143814,
          39.98091780084977
        ]
      },
      "properties": {
        "mural_name": "Welcome to the Neighborhood",
        "artist": "Brad Carney",
        "address": "2300 Frankford Ave, Philadelphia, Pennsylvania, 19125, USA",
        "media": [
          "90d0b0b19df036c23de86ae4e9149526",
          "65a46be3a43e639b270bb14c146b7963",
          "fed0781f42b20abf212d0181055b9443",
          "04ffe084dcb3318d4ccd3bfd77e0fe4b"
        ]
      }
    },
    {
      "type": "Feature",
      "geometry": {
        "type": "Point",
        "coordinates": [
          -75.18381070889836,
          39.94597363548092
        ]
      },
      "properties": {
        "mural_name": "Welcome to the Neighborhood",
        "artist": "David Guinn",
        "address": "2628 South St, Philadelphia, Pennsylvania, 19146, USA",
        "media": [
          "f95c58da411fb73faf582f73b2f49ea7"
        ]
      }
    },
    {
      "type": "Feature",
      "geometry": {
        "type": "Point",
        "coordinates": [
          -75.155249,
          39.968009
        ]
      },
      "properties": {
        "mural_name": "Wellness at Play",
        "artist": "Benjamin Volta",
        "address": "850 N 11th St, Philadelphia, Pennsylvania, 19123, USA",
        "media": [
          "6b1e84171cb33c89d2af8802c81d2e5c",
          "02dee77ebc4baeb7b0835ac9822574d4",
          "62c1b22958080f7a6e3e3070dedb69a7",
          "5036941f6abdaa6d78aa648b8a1d2883"
        ]
      }
    },
    {
      "type": "Feature",
      "geometry": {
        "type": "Point",
        "coordinates": [
          -75.22326130080184,
          39.96762823305623
        ]
      },
      "properties": {
        "mural_name": "West Mill Creek: Past, Present, and Future",
        "artist": "Priscilla Bell Lamberty",
        "address": "5100 Parrish St, Philadelphia, Pennsylvania, 19139, USA",
        "media": [
          "33d565543c66dbfdc45424c9aee4992f",
          "616c915f3ad4f91bcd12276ed6202945"
        ]
      }
    },
    {
      "type": "Feature",
      "geometry": {
        "type": "Point",
        "coordinates": [
          -75.24287982883537,
          39.960758622737266
        ]
      },
      "properties": {
        "mural_name": "West Philadelphia on the Move",
        "artist": "Cliff Eubanks",
        "address": "101 S 61st St, Philadelphia, Pennsylvania, 19139, USA",
        "media": [
          "aa8fda94a6ca2699494cc7a89ed8c3d3"
        ]
      }
    },
    {
      "type": "Feature",
      "geometry": {
        "type": "Point",
        "coordinates": [
          -75.1389183026029,
          39.952676664647235
        ]
      },
      "properties": {
        "mural_name": "What You've Been Missing",
        "artist": "Felix St. Fort",
        "address": "121 Columbus Blvd, Philadelphia, Pennsylvania, 19123, USA",
        "media": [
          "a3d1cdbb5e03b63e3fd615f5575be78a",
          "f536180ec9a23457d40cd5cd047d8889"
        ]
      }
    },
    {
      "type": "Feature",
      "geometry": {
        "type": "Point",
        "coordinates": [
          -75.13508166027474,
          39.96574238317854
        ]
      },
      "properties": {
        "mural_name": "What's the next move?",
        "artist": "Jaz Morse",
        "address": "29 E Allen St, Philadelphia, Pennsylvania, 19123, USA",
        "media": [
          "076a10e3df53d8abc9481572e407e64b",
          "e8acc24837a0b6d3e4969a94c8d0dd1c",
          "2fd172dfbfca60f204dc4c7ac89947aa",
          "77c3cbb94cd409994332acaa147b454d",
          "0e91ef6cb47182a19a40052bd084e847",
          "15c0027188681fd665f16f4352ef120f",
          "f910c3dca7baf0873cad18eae3d4b8e4"
        ]
      }
    },
    {
      "type": "Feature",
      "geometry": {
        "type": "Point",
        "coordinates": [
          -75.16192997561988,
          39.95034432488495
        ]
      },
      "properties": {
        "mural_name": "Wheatpaste by Vhils",
        "artist": "Vhils",
        "address": "S 13th St & Drury St, Philadelphia, Pennsylvania, 19107, USA",
        "media": [
          "3d91ec3768ecaa4f1f6103c8ba3e267d",
          "1800db571212defc134183ccaf722c87",
          "6b398da0bddee23283fb05b844d9a6ea",
          "adbdf4fe7dfdf2d5322dacaf4cc6ddc0"
        ]
      }
    },
    {
      "type": "Feature",
      "geometry": {
        "type": "Point",
        "coordinates": [
          -75.16199321702298,
          39.96032222250637
        ]
      },
      "properties": {
        "mural_name": "Where Girls Grow Strong",
        "artist": "Michelle Angela Ortiz",
        "address": "1422 Callowhill St, Philadelphia, Pennsylvania, 19123, USA",
        "media": [
          "65bda65898ef97151fedc6f04c933dba",
          "7603b0b071b4772ad291d232a987690b",
          "126ed484b6741d450deca25aaa4a12fc",
          "75cd085d3ba024cfb82512d91419ed70",
          "61d4c7a439efa362435cdcee75ad9541"
        ]
      }
    },
    {
      "type": "Feature",
      "geometry": {
        "type": "Point",
        "coordinates": [
          -75.190227,
          39.9372
        ]
      },
      "properties": {
        "mural_name": "Where We Play Together",
        "artist": "Paul Downie",
        "address": "6801 Grovers Ave, Philadelphia, Pennsylvania, 19142, USA",
        "media": [
          "e0bcc60c172ea03c7aed3938d3c2d593",
          "cac2e3e46b580e333f8b475532b6e34e",
          "14219fe20a008391d093a03d1597117d",
          "597aae805392ced47af5aa30c1c06f40",
          "f791a710e145b1b60599bfcda5e86d60",
          "f932e680a7cc332110d76b5388ccddd3",
          "507a959c0e1b752056486b8a7cc38ce5",
          "42a0b2f1dfe1f888dddb7c0a914ff58b",
          "9fad2bda1005d2381259c70937452a4c",
          "5f3af3db6c17d05e3c4545c79eb210e8",
          "90c20364807305ed4eeb8c43d4c57dd1",
          "d6accb805f7226af4d5140ef3a1e3723",
          "58a0c3f460bef21aeb1b62ac6c6884e3",
          "47f4915b8bf185e8fc87cb863daae51f",
          "e381720e881c9f2913740874c362affb",
          "4e85af09a18cc86d4e14a0b1f315ea14",
          "47d73d43eeb8eb861a0c524854fb38ff",
          "e2b381aeee28e5ef947dd10d646b4ae4",
          "04af3af6d00cf708ea446db5b1d0cfb4",
          "1ad42ad918b21f968fc603163dfcfffd"
        ]
      }
    },
    {
      "type": "Feature",
      "geometry": {
        "type": "Point",
        "coordinates": [
          -75.16728593588545,
          39.96490033345059
        ]
      },
      "properties": {
        "mural_name": "Where We Reside",
        "artist": "Jamee Grigsby",
        "address": "1801 Green St, Philadelphia, Pennsylvania, 19130, USA",
        "media": [
          "463102384f4302082981fa3a3fa99af4",
          "70933b7b3ca56943cdda75303a0ac634",
          "2cf917260e86a764146739755bcf6b5c"
        ]
      }
    },
    {
      "type": "Feature",
      "geometry": {
        "type": "Point",
        "coordinates": [
          -75.15066475770173,
          39.92448108036739
        ]
      },
      "properties": {
        "mural_name": "White Poppies of Peace",
        "artist": "Sarah Kolker",
        "address": "1900 S 3rd St, Philadelphia, Pennsylvania, 19148, USA",
        "media": [
          "ccd0359f0b5e31eed6ccc06f69920127",
          "551eaad1fabdc4e605e537d611d8f1d7"
        ]
      }
    },
    {
      "type": "Feature",
      "geometry": {
        "type": "Point",
        "coordinates": [
          -75.18652453058424,
          39.91978540286669
        ]
      },
      "properties": {
        "mural_name": "Who Makes Things Grow?",
        "artist": "John Lewis",
        "address": "S 24th St & Oregon Ave, Philadelphia, Pennsylvania, 19145, USA",
        "media": [
          "9f84595d9d54bbe89c1385ad934f11de",
          "24c0c6f28ed595c739c05e1482470b83",
          "a451e78384dca479d5695d894e2ec03d",
          "35f446232d88d6710490bd171abfb81d",
          "5e0daf6c7df4aeec5a75695473e9cf61",
          "f5b8c31daf6073d67f815ca5b34c5b52"
        ]
      }
    },
    {
      "type": "Feature",
      "geometry": {
        "type": "Point",
        "coordinates": [
          -75.18051854226134,
          39.98756536869786
        ]
      },
      "properties": {
        "mural_name": "Why We Love Coltrane",
        "artist": "Ernel Martinez",
        "address": "2039 N 29th St, Philadelphia, Pennsylvania, 19121, USA",
        "media": [
          "3b140fee2bbf59a3d43fa646561555d3"
        ]
      }
    },
    {
      "type": "Feature",
      "geometry": {
        "type": "Point",
        "coordinates": [
          -75.17782412118031,
          39.98806207213565
        ]
      },
      "properties": {
        "mural_name": "Why We Love Coltrane (Reenvisioning)",
        "artist": "Ernel Martinez",
        "address": "2723 W Diamond St, Philadelphia, Pennsylvania, 19121, USA",
        "media": [
          "461864d03ab3de917563321eff176cb1"
        ]
      }
    },
    {
      "type": "Feature",
      "geometry": {
        "type": "Point",
        "coordinates": [
          -75.14855490445568,
          39.96133717139712
        ]
      },
      "properties": {
        "mural_name": "Wide Open",
        "artist": "Jim Houser",
        "address": "600 Spring Garden St, Philadelphia, Pennsylvania, 19123, USA",
        "media": [
          "967c4a9a6c9f0921de1c5e28a1b2eb75",
          "203913996821af777172f61d58a8ec76",
          "7231b0b2cc90e9819feb733279141af3"
        ]
      }
    },
    {
      "type": "Feature",
      "geometry": {
        "type": "Point",
        "coordinates": [
          -75.19160554057154,
          39.96531301442063
        ]
      },
      "properties": {
        "mural_name": "Wild Iris",
        "artist": "Paul Santoleri",
        "address": "645 N 34th St, Philadelphia, Pennsylvania, 19104, USA",
        "media": [
          "9363bbcec4548d26fe4a1b68f8cdfe15",
          "cc66524c2f0d7869eeed03dcc8f3a400",
          "72eeac7d8700f08d526467df9c3d1fbc"
        ]
      }
    },
    {
      "type": "Feature",
      "geometry": {
        "type": "Point",
        "coordinates": [
          -75.22055946885887,
          39.95560720252878
        ]
      },
      "properties": {
        "mural_name": "Wild Life of the African Continent",
        "artist": "Eurhi Jones",
        "address": "4947 Locust St, Philadelphia, Pennsylvania, 19139, USA",
        "media": [
          "59b0b7b57f699061c5b50853a24ddb58"
        ]
      }
    },
    {
      "type": "Feature",
      "geometry": {
        "type": "Point",
        "coordinates": [
          -75.17807944240484,
          39.9520058423384
        ]
      },
      "properties": {
        "mural_name": "Wild Tuscan Lilies",
        "artist": "Berny Brownstein",
        "address": "123 S 23rd St, Philadelphia, Pennsylvania, 19103, USA",
        "media": [
          "b8edcdb1f4b5c80b38b5f9706aebe6a6",
          "ea518590f4a0573894a0312a8bc84038"
        ]
      }
    },
    {
      "type": "Feature",
      "geometry": {
        "type": "Point",
        "coordinates": [
          -75.22736124497722,
          39.97590483828765
        ]
      },
      "properties": {
        "mural_name": "Wildish",
        "artist": "Kim Beck",
        "address": "1452 N 53rd St, Philadelphia, Pennsylvania, 19131, USA",
        "media": [
          "4c23d0964ce31ae052868aad8bae79b6",
          "f3c7f530068980ec27df6003fdaf3e3b",
          "49479a1ba86249cf6203085a5d0abe8c",
          "f7884b056c6ea655585a1db1b025016a",
          "b5ed48e4b6daa9a99a85d65e83a71383",
          "51fcf32ef0334baada8baa427318d364",
          "0b622732521850c62a4482213c4b5df2"
        ]
      }
    },
    {
      "type": "Feature",
      "geometry": {
        "type": "Point",
        "coordinates": [
          -75.21451521609379,
          39.97330326316888
        ]
      },
      "properties": {
        "mural_name": "Will Smith",
        "artist": "Richard Wilson",
        "address": "4545 W Girard Ave, Philadelphia, Pennsylvania, 19131, USA",
        "media": [
          "c9a99c2f2ba82dbc231e309dd27699b4",
          "10c437353f5ed5f937c7dc6479a415d7"
        ]
      }
    },
    {
      "type": "Feature",
      "geometry": {
        "type": "Point",
        "coordinates": [
          -75.12887071638843,
          39.96747557989417
        ]
      },
      "properties": {
        "mural_name": "William Penn Treaty",
        "artist": "Jane Golden",
        "address": "N Delaware Ave & E Columbia Ave, Philadelphia, Pennsylvania, 19125, USA",
        "media": [
          "9acfec5c90f51215bbc0b4e51a4644b4",
          "eeadda468e8bd8fbd094d534c7b36043",
          "a6a54912f053f4430834bfd946a13afc"
        ]
      }
    },
    {
      "type": "Feature",
      "geometry": {
        "type": "Point",
        "coordinates": [
          -75.15803944554321,
          39.942305678793026
        ]
      },
      "properties": {
        "mural_name": "William Still and Family",
        "artist": "Ernel Martinez",
        "address": "625 S Delhi St, Philadelphia, Pennsylvania, 19147, USA",
        "media": [
          "1e604aca38e3121e39d52b4afe219d27",
          "8f51e8958485bd35d948925642bc5a55",
          "744cc8309adae07485ffb04fb9d214b8"
        ]
      }
    },
    {
      "type": "Feature",
      "geometry": {
        "type": "Point",
        "coordinates": [
          -75.1416945616327,
          39.97397979731251
        ]
      },
      "properties": {
        "mural_name": "Windows of Peace",
        "artist": "Parris Stancell",
        "address": "1501 Germantown Ave, Philadelphia, Pennsylvania, 19122, USA",
        "media": [
          "72054e01f7b3487714111a7d45624ad4",
          "cd5166f68c9de4734cd88cf3c986bd54",
          "20e98f203daaf193e7fcce9aede8fe61"
        ]
      }
    },
    {
      "type": "Feature",
      "geometry": {
        "type": "Point",
        "coordinates": [
          -75.16139976747766,
          40.007697589435566
        ]
      },
      "properties": {
        "mural_name": "Windows of Transformation",
        "artist": "Alloyius Mcilwaine",
        "address": "3501-3513 N 20th St, Philadelphia, Pennsylvania, 19140, USA",
        "media": [
          "f625169160a085e01b514b585faaa3ce",
          "317cdd54685583ca23743ea28fc00b68",
          "713acc59d4ccf01492906eca187f2dbd",
          "b2b38ed6dadf9d4fe7de368c1f94b511",
          "414e44583ac7b555c05b8183c3b214ca",
          "0b258b80c85719c217b67f661dc15cfa",
          "dc5b1c5bc9324fd18562ef194ad98541",
          "6edd4fbf7076358f9d5561770e542c6e",
          "2b55c607e41e23ab1fb30a20de20db9b"
        ]
      }
    },
    {
      "type": "Feature",
      "geometry": {
        "type": "Point",
        "coordinates": [
          -75.23407231074663,
          39.92578397201777
        ]
      },
      "properties": {
        "mural_name": "Wings of Hope",
        "artist": "Willis \"Nomo\" Humphrey",
        "address": "S 65th St & Woodland Ave, Philadelphia, Pennsylvania, 19142, USA",
        "media": [
          "63cba1214ff41131313be312a6322d6d",
          "24ca85007d5316f2b4f7013fbcf707ad",
          "83454a31b2f619e79d37a6b99476b281",
          "aff8a4a8648587934a1c53a9e9cb93d0",
          "5d7a91df750a5827030d8422edf48055"
        ]
      }
    },
    {
      "type": "Feature",
      "geometry": {
        "type": "Point",
        "coordinates": [
          -75.13595434542029,
          39.982276201455186
        ]
      },
      "properties": {
        "mural_name": "Wings of Hope",
        "artist": "Alejandro Flores",
        "address": "2102 N Hancock St, Philadelphia, Pennsylvania, 19122, USA",
        "media": [
          "f3e38321f09c4d354c90c690127fdb77"
        ]
      }
    },
    {
      "type": "Feature",
      "geometry": {
        "type": "Point",
        "coordinates": [
          -75.23861634693944,
          39.9814176361108
        ]
      },
      "properties": {
        "mural_name": "Winning",
        "artist": "Cliff Eubanks",
        "address": "5898 Lancaster Ave, Philadelphia, Pennsylvania, 19131, USA",
        "media": [
          "1b177138bdea96ebf6610ed9f960260f",
          "4300036fab37920bb6f7fb5642e5bdeb",
          "cc9c2841c0eb75845cfbb94a3fd6a02b",
          "23f377822ef152a3a3b6e1b83892142e",
          "c1d1a20fc5fab0bf47d042bfd69e49cf",
          "c5a9b81e236eb7a957712d8499220732",
          "33e3853e5657ef3b4df3a443f6b8fcbf",
          "08aebd656f223ee8bc63eb4129fb7655",
          "f7b913f8d54d092a530cfdaf7e091b46",
          "ae18ba23c0146ac047686866e3f4db85"
        ]
      }
    },
    {
      "type": "Feature",
      "geometry": {
        "type": "Point",
        "coordinates": [
          -75.20163052574033,
          40.072671889867145
        ]
      },
      "properties": {
        "mural_name": "Wissahickon Crossing",
        "artist": "Ann Northrup",
        "address": "8126 Germantown Ave, Philadelphia, Pennsylvania, 19118, USA",
        "media": [
          "d5420422f4502e729bac0f4741fac6cd"
        ]
      }
    },
    {
      "type": "Feature",
      "geometry": {
        "type": "Point",
        "coordinates": [
          -75.2098718510079,
          40.01685371489267
        ]
      },
      "properties": {
        "mural_name": "Wissahickon Station",
        "artist": "David Guinn",
        "address": "5100 Rochelle Ave, Philadelphia, Pennsylvania, 19128, USA",
        "media": [
          "3ebbc515fdffa21faedd8d514e6bc5d1",
          "489604c4c0b6cd1b35d0ae2efeb13564",
          "fcd4083f03699a5d1be6a893bc008fc4",
          "548753e81d284cd83577c8eb48c46e99",
          "e3fe2d8fd11b33060b06e4a89327a881",
          "4590daddf9c7bcf8375f232b87a0e4ca",
          "9fd0489294a18d6dfcfb6d4ab30fa724",
          "fa62c82eb8336c063fd921dddc39ebb9",
          "5c54dc8a9621405a1e40fba8a341b050"
        ]
      }
    },
    {
      "type": "Feature",
      "geometry": {
        "type": "Point",
        "coordinates": [
          -75.17153435914274,
          40.016565496201984
        ]
      },
      "properties": {
        "mural_name": "Wissahickon Woods",
        "artist": "Eurhi Jones",
        "address": "4700 G Wissahickon Ave, Philadelphia, Pennsylvania, 19144, USA",
        "media": [
          "eeb151e55e5efeaeaa7abee4e62899db",
          "b73938c3a0d31f55b53d020be9bfba29",
          "ae9ebc0477fc20a817ff1599ca794c0c",
          "530decf5deadb66be12dbe366b688076",
          "55dd22e80789111b43fa08ae4b13f235",
          "95fcda2b7d45748ea8b6f56126099476",
          "408cdba16df248de1c3ed5165c7b48a4",
          "a1f4531c02414496572e05e11662a261",
          "e4f12cfdc4428e4c0c9bd87f3dbc7c2a",
          "2018fe23a4a4f177dc7b0a7b3f5370ad",
          "84c84f72b8579dd3f5a1e454e7987825",
          "5d7718c724cad422e34c5f4c8d60f712",
          "768b8911dfd7d2e7ce3fc895c12f72ca",
          "3bf0b8b06f91a12d9f15066c589ee72b",
          "e847aae07d8f37257f58cab9bb59f37a",
          "44cea7f6ad1f4d0703036718fc2c1475",
          "d194e413835b61ce27fe2a90e18b2905",
          "664a225235475911fab046cc19d319fc",
          "b6af6b09bdadcb498f5c0b1c5ba79acc",
          "c73124a3f9a3cab50cc9dbfb423aeb3f",
          "8d369da5730f9dfd7026cc12ec1b0d19",
          "72795bb95b135242834e4e801bba0985",
          "ef0341956ed03875b05d54188f168fcb",
          "1ba92b97896fa0aef945119b4f2c9386",
          "f0f32a2cc0dd657b0d94456f3f3bc6e0",
          "171682316cdfd0a611eed7ba4bd2a694"
        ]
      }
    },
    {
      "type": "Feature",
      "geometry": {
        "type": "Point",
        "coordinates": [
          -75.166801384653,
          40.03385143066457
        ]
      },
      "properties": {
        "mural_name": "Wister Eagles Dream Yard Murals and Mosaics",
        "artist": "David McShane",
        "address": "67 E Bringhurst St, Philadelphia, Pennsylvania, 19144, USA",
        "media": [
          "3572488c9a662fc1fc6c2dcab17e702f",
          "7b024c8f9cf972cccdfb81783106c868",
          "6693996f92177c15926e6ccdd9c9aaf0",
          "21082d81043883912496b5ebfe1455d7",
          "035b95442920aefe5bf37be836b94ed2",
          "427a2a444c974defaf87b83e0f9b6181",
          "296040179c0a8a2377b72e98aa7639ff",
          "8bd9216801a527e215d2be219c613c13",
          "7c94565600fd81d67170082487c542b5",
          "722d6f2ff4683350079f8a06def61e0d"
        ]
      }
    },
    {
      "type": "Feature",
      "geometry": {
        "type": "Point",
        "coordinates": [
          -75.15973586102322,
          40.032312643095906
        ]
      },
      "properties": {
        "mural_name": "Wister Recreation Center",
        "artist": "Willis \"Nomo\" Humphrey",
        "address": "4971 Baynton St, Philadelphia, Pennsylvania, 19144, USA",
        "media": [
          "a777f36431e328c13e97e6de3f56f629",
          "ca4c6c20660c9b18d9b61f9c99753893",
          "27d9b47efc0255c6e0ea2d32dcba346b",
          "0596a34d5ba8a4e76ffca2326258bf0e",
          "1832f622cd41c1b8bab884ed9f9298d9",
          "fbc95f3f09a40a9bdf62c2cf0f76590f",
          "a4172c7232ea20025784308eb886e676"
        ]
      }
    },
    {
      "type": "Feature",
      "geometry": {
        "type": "Point",
        "coordinates": [
          -75.1690477,
          39.9654291
        ]
      },
      "properties": {
        "mural_name": "Women Against Abuse Space Pads",
        "artist": "Nilé Livingston",
        "address": "1727-29 Mt. Vernon Street, Philadelphia, Pennsylvania, 19107, USA",
        "media": [
          "55180799da05db276c03c6031eb41f95",
          "86e5b2df5b265031bb535d3b5197a469",
          "a3ec36f971f10a201b787fab1e9aee01",
          "ade19c06a6b1afb812852a8f2a1769db",
          "2939de571c648f653a297de96132e6ca",
          "80dd73e3d477692ba97a9a927a1b3368",
          "1c8cdac0568ba8399625eccaae2490cf",
          "0dbdd08cc07d42930bbb84886422d081"
        ]
      }
    },
    {
      "type": "Feature",
      "geometry": {
        "type": "Point",
        "coordinates": [
          -75.17621679734803,
          40.03656448114195
        ]
      },
      "properties": {
        "mural_name": "Women of Germantown",
        "artist": "David McShane",
        "address": "5820 Germantown Ave, Philadelphia, Pennsylvania, 19144, USA",
        "media": [
          "bd0227efb06497269e0b4817c05ca4e7"
        ]
      }
    },
    {
      "type": "Feature",
      "geometry": {
        "type": "Point",
        "coordinates": [
          -75.18692258911021,
          39.98687378651594
        ]
      },
      "properties": {
        "mural_name": "Women of Jazz",
        "artist": "Felix Osiemi",
        "address": "3235 Arlington St, Philadelphia, Pennsylvania, 19121, USA",
        "media": [
          "35cfd785a3bcc402835b57fcbc6a68da",
          "d0fc12c4fa3a1ed8d946fd07f31da271"
        ]
      }
    },
    {
      "type": "Feature",
      "geometry": {
        "type": "Point",
        "coordinates": [
          -75.16559448911406,
          39.96520260366217
        ]
      },
      "properties": {
        "mural_name": "Women of Liberty",
        "artist": "22 Studio",
        "address": "1701 Mt Vernon St. , Philadelphia, Pennsylvania, 19130, USA",
        "media": [
          "367bbe05374f95c9feb1dd8c1bc2770a",
          "01abed93d525f71d6b7edfd5d976f7a6"
        ]
      }
    },
    {
      "type": "Feature",
      "geometry": {
        "type": "Point",
        "coordinates": [
          -75.17653712925286,
          39.954717632464785
        ]
      },
      "properties": {
        "mural_name": "Women's Way",
        "artist": "Diane Keller",
        "address": "N 22nd St at Commerce St, Philadelphia, Pennsylvania, 19103, USA",
        "media": [
          "5b66db91b4fca8a0eceb600105e8aef2",
          "651b5ff9d41d0ad213c8ab9def707366",
          "76dff78960794518964707f79ca778aa"
        ]
      }
    },
    {
      "type": "Feature",
      "geometry": {
        "type": "Point",
        "coordinates": [
          -75.14617474923439,
          40.026228845278865
        ]
      },
      "properties": {
        "mural_name": "Wonderlands on the Shelf!",
        "artist": "Keisha Whatley",
        "address": "1300 W Louden St, Philadelphia, Pennsylvania, 19141, USA",
        "media": [
          "11460386aafc8d966d821a99fb589a06",
          "ef6536af4f41950eee7949a26b21ff88",
          "b83e8841e1a5d79166d0d2aaef45b54b"
        ]
      }
    },
    {
      "type": "Feature",
      "geometry": {
        "type": "Point",
        "coordinates": [
          -75.16191258505978,
          39.963571885881834
        ]
      },
      "properties": {
        "mural_name": "Words and Voices",
        "artist": "Donald Gensler",
        "address": "550 N Broad St, Philadelphia, Pennsylvania, 19130, USA",
        "media": [
          "89a7cff840b4f83c384b3022f6620ab7"
        ]
      }
    },
    {
      "type": "Feature",
      "geometry": {
        "type": "Point",
        "coordinates": [
          -75.21614669114807,
          39.96186974017725
        ]
      },
      "properties": {
        "mural_name": "Words Behind the Movement",
        "artist": "Kien Nguyen",
        "address": "91 N 48th St, Philadelphia, Pennsylvania, 19139, USA",
        "media": [
          "8fbbd4ba68b09d982b39ff80c1310151",
          "8d86b834ffb87b23a1a39509592284ce",
          "3968b956816cfabbbfb1a7fb631e0e92",
          "5b5c8e4eb0f57de9537e3384fb27648d",
          "93051f4ca4a9f6cc487c2e63ea2bb631",
          "24f7f38af3c13a16e21868be9092da98",
          "8d25d9b2dba6cb7d7917350bedb72ad8"
        ]
      }
    },
    {
      "type": "Feature",
      "geometry": {
        "type": "Point",
        "coordinates": [
          -75.2013690895976,
          39.974074040858156
        ]
      },
      "properties": {
        "mural_name": "Work to Ride",
        "artist": "David S. Gordon",
        "address": "3865 Cambridge St, Philadelphia, Pennsylvania, 19104, USA",
        "media": [
          "745aa6bfff1fbb3aacad8d10db37fba0"
        ]
      }
    },
    {
      "type": "Feature",
      "geometry": {
        "type": "Point",
        "coordinates": [
          -75.14315563453445,
          39.95088393859671
        ]
      },
      "properties": {
        "mural_name": "World AIDS Day Mural",
        "artist": "Jane Golden",
        "address": "35 N 2nd St, Philadelphia, Pennsylvania, 19106, USA",
        "media": [
          "4b945cce8c32b7dc0fb16de84ba20552"
        ]
      }
    },
    {
      "type": "Feature",
      "geometry": {
        "type": "Point",
        "coordinates": [
          -75.1853480317342,
          39.952255761899174
        ]
      },
      "properties": {
        "mural_name": "World Cafe Live: Sphere of Music, Tower of Babble",
        "artist": "Paul Santoleri",
        "address": "3025 Walnut St, Philadelphia, Pennsylvania, 19104, USA",
        "media": [
          "200df4a0260c8329c870ad1b5fbbc0cb",
          "abc25d31eaaaf2cafafd080a93c4cef3"
        ]
      }
    },
    {
      "type": "Feature",
      "geometry": {
        "type": "Point",
        "coordinates": [
          -75.16559786412827,
          39.944073253259994
        ]
      },
      "properties": {
        "mural_name": "World Refugee Day Wheatpaste Project",
        "artist": "Symone Salib",
        "address": "512 S Broad St, Philadelphia, Pennsylvania, 19146, USA",
        "media": [
          "77351b57c182ed54f49c587e1146eb4a",
          "1e16e7fd4bd235ea3f27d98606fb3c5e",
          "be9534d42914a80d3956da26c6b1f968",
          "f4685d18b69e9e1b18f031f83789756a",
          "3d4a35f554ffebc027459d2e23fb2392",
          "8bb2de0d3927c5f847ffbb7f6b85b67b",
          "f8dae15292f4e49bb057959e91b16ed1",
          "7aeb8680e66b7f4d26f031a9f8d268ca",
          "d8a10115fad2d97c0cff7221118c2b96",
          "7e20b9c527c82619f9eacedc77ac3041",
          "2e4175252ccc40e8c64efb8c3d866a4f"
        ]
      }
    },
    {
      "type": "Feature",
      "geometry": {
        "type": "Point",
        "coordinates": [
          -75.19328398806825,
          39.95854771847968
        ]
      },
      "properties": {
        "mural_name": "WOW!",
        "artist": "Emil Baumann",
        "address": "3527 Lancaster Ave, Philadelphia, Pennsylvania, 19104, USA",
        "media": [
          "f08a35f5a42df56dba814764ddd7a735",
          "aaac1dca3a7923239edaf7953f1e2267"
        ]
      }
    },
    {
      "type": "Feature",
      "geometry": {
        "type": "Point",
        "coordinates": [
          -75.14471154425613,
          39.953521542381424
        ]
      },
      "properties": {
        "mural_name": "Written in Wood",
        "artist": "Benjamin Volta",
        "address": "141 N 3rd St, Philadelphia, Pennsylvania, 19106, USA",
        "media": [
          "b7a94887ed0f31aea451d1839c76807e"
        ]
      }
    },
    {
      "type": "Feature",
      "geometry": {
        "type": "Point",
        "coordinates": [
          -75.15409541609421,
          39.96143767114331
        ]
      },
      "properties": {
        "mural_name": "X-Wave (Stairs)",
        "artist": "Andrew Jeffrey Wright",
        "address": "990 Spring Garden St, Philadelphia, Pennsylvania, 19123, USA",
        "media": [
          "79395d4877a40d6192868649a903edcf",
          "2d04a8b2f764b9a4c237a6f6cd8b3b39"
        ]
      }
    },
    {
      "type": "Feature",
      "geometry": {
        "type": "Point",
        "coordinates": [
          -75.15476749608145,
          39.91709270511677
        ]
      },
      "properties": {
        "mural_name": "You Bring Out the Blank in Me",
        "artist": "Yis Goodwin",
        "address": "400 W Porter St, Philadelphia, Pennsylvania, 19148, USA",
        "media": [
          "c35892bee5eebbc43efa6a362bc22414",
          "2e997f561b1f35dca24c2ee322ae55db",
          "3bcf5bec06bef2fb9a3907251b5500de",
          "b1449344f97baf07598fe14d6137e261"
        ]
      }
    },
    {
      "type": "Feature",
      "geometry": {
        "type": "Point",
        "coordinates": [
          -75.1332125720748,
          39.975077838695
        ]
      },
      "properties": {
        "mural_name": "You Can Be Stronger than Diabetes",
        "artist": "Kristin Groenveld",
        "address": "1706 Frankford Ave, Philadelphia, Pennsylvania, 19125, USA",
        "media": [
          "103d4c0a251b49de6a9b80bd676d8764"
        ]
      }
    },
    {
      "type": "Feature",
      "geometry": {
        "type": "Point",
        "coordinates": [
          -75.16249637309171,
          39.96890250723284
        ]
      },
      "properties": {
        "mural_name": "You Go Girl",
        "artist": "Chip Thomas, aka Jetsonarama",
        "address": "1531 Ridge Ave, Philadelphia, Pennsylvania, 19130, USA",
        "media": [
          "72f799d6852904986f08bc006ff12c5b",
          "026e25977fe0671ae325b2ca65491e0a",
          "e58a025007616d8833b43ad86e038acb"
        ]
      }
    },
    {
      "type": "Feature",
      "geometry": {
        "type": "Point",
        "coordinates": [
          -75.12909101758693,
          39.987711153971276
        ]
      },
      "properties": {
        "mural_name": "Your Choice",
        "artist": "Shira Walinsky",
        "address": "2501 Kensington Ave, Philadelphia, Pennsylvania, 19125, USA",
        "media": [
          "f17a4c7fc07e1221b174a4d6d5244f26"
        ]
      }
    },
    {
      "type": "Feature",
      "geometry": {
        "type": "Point",
        "coordinates": [
          -75.23099839170808,
          39.9781252932463
        ]
      },
      "properties": {
        "mural_name": "Your Hand Shimmering on the Legs of Rain",
        "artist": "Eurhi Jones",
        "address": "5445 Hunter St, Philadelphia, Pennsylvania, 19131, USA",
        "media": [
          "616787b6a7ffd238aae8596ba91de5d6"
        ]
      }
    },
    {
      "type": "Feature",
      "geometry": {
        "type": "Point",
        "coordinates": [
          -75.14439755842119,
          39.98175617785235
        ]
      },
      "properties": {
        "mural_name": "Your Own Channel",
        "artist": "Derrick Adams",
        "address": "N 6th St & W Norris St, Philadelphia, Pennsylvania, 19122, USA",
        "media": [
          "54468be748c1da00e4f1d56e8beb9fa2",
          "9d16c9cb79907db5b8f431c1c9fcf7ca"
        ]
      }
    },
    {
      "type": "Feature",
      "geometry": {
        "type": "Point",
        "coordinates": [
          -75.14864370192704,
          39.991408615239706
        ]
      },
      "properties": {
        "mural_name": "yOUR story: history, resilience, and home",
        "artist": "Jared Wood",
        "address": "2554 Germantown Ave, Philadelphia, Pennsylvania, 19133, USA",
        "media": [
          "2bf64389b189b9fef2156f29612b5d68",
          "958b93764dc885b25e47d590a91d1e1e",
          "a71c4d91a6c90a513ba89194f9469a5b",
          "3ded1e84004ca5cbc668d9c0b3de1975"
        ]
      }
    },
    {
      "type": "Feature",
      "geometry": {
        "type": "Point",
        "coordinates": [
          -75.14258246907325,
          40.017857073513575
        ]
      },
      "properties": {
        "mural_name": "Youth Design Mural - Hunting Park Recreation Center",
        "artist": "Miriam Singer",
        "address": "1101 W Hunting Park Ave, Philadelphia, Pennsylvania, 19140, USA",
        "media": [
          "ca7e19e23f4151b504d1c361cfba547a",
          "18b4978862fc14e786cce45e298eeb3a",
          "ce40e863653583fae12bdc87f02795c6"
        ]
      }
    },
    {
      "type": "Feature",
      "geometry": {
        "type": "Point",
        "coordinates": [
          -75.19318961770955,
          39.96897036683249
        ]
      },
      "properties": {
        "mural_name": "Zoo Habitats",
        "artist": "Eurhi Jones",
        "address": "798 N 34th St, Philadelphia, Pennsylvania, 19104, USA",
        "media": [
          "b7bdc0c0d52fe250ff3aa62d8eb331ae",
          "b1fd72e28bc2966f9ec3e6c393ae81ea",
          "bdccd5bb5b57055e264c5b3ba9fd8ec4",
          "51de1ad11c0467bc6b8a77bd69634171",
          "8cae6906668e180d87ade24a68808453",
          "0ff168f26eb182e3f0692c2e2ceace0f",
          "3a6deb2af0189e1d84072582bc4e5098",
          "94dfd955b95de741efef13b6c65b74d5",
          "368d0d153409a3b208b0ed1cb5da07da",
          "1f084e7a6d1248ac568acafc5d49d082",
          "fc1c0a71360569eae2022c78d604c7f7",
          "3d2ef87f8df7a0cd205f1b215091b77e",
          "e7178615e0f77da1cd065f9b54e3de50",
          "1b44f3c83ba442f5b29271cfb14a10e8",
          "cb0c6d3070a4a89d7287185263a17687",
          "306d58a282bfe316dedb93008c51cc5e",
          "5823936307d5aa7d073b542b7a5cc27d",
          "a65e86dff0ab8d5207051b9b40d090c4",
          "2dba4fcd82bb8968b7ddba4743bbad44",
          "445a19b882d7eb33786db810f4e7f2c3",
          "75cfb57610d43f5a61367d60ea746251",
          "b5146af3d1b917ac2974e8ed4e745d49",
          "2c6b24e2c7ca12d5f9e6e96456b18e70",
          "50259ad05d466a8027418777dcf549be",
          "dfeb0e0317f24e3d43fb6096628262f6",
          "543b16e9e83dd05aeab637a23fc2e8bd",
          "93c4d93d39e0427089dcbe3eaedc7d3d",
          "50dc940a5890070f483636b2b91b572f",
          "417489782a1985e4b8ffa588ce40b8f3",
          "deebf8f0faaa0115dad59d68597145f6",
          "20fb5781c433d726e7a1c6f2fdb25908",
          "9b701bf7e89be856064eb84ea77d695a",
          "79448e9516db2a7dd7b0dd22bffded89",
          "41d71414e1cc7fb58fd066778bd28437",
          "0d72eaf859efbe6bf2a49ed42a7eeff7",
          "cb78d1615ac865ffc01aa80a9927c20f",
          "b91a3e351c7b8d6b18b15f0db9ce5924",
          "30d665f2f4b3f33b6beb25df77814398",
          "f323a8f9fdf8f5703659a855890ee7a3",
          "6a8ac317081036d8ca91d66850b9fad9",
          "f9eab3fed7f9cacac8a638da9ed2550e",
          "2031425dfbce0b71426adde439aaaa70",
          "e11c576601a9412f18c7384f085552ef",
          "e05ff1661028485539d1e8ed40ede69c",
          "ff3f8581fe05edca337e302742ca75f6",
          "69937473dfa10aec640bf5aa3b25ab62",
          "2dd351a7d023c25dd9f465afe2f058c3",
          "3ffd8a9092ed35ce59348f56cc222dfe",
          "86539f3650e9c46673409e61faed13df",
          "bf3b124aa594b927cf00cd6606ebfd46",
          "c4a1a644581cbce296c728ff20349410",
          "6fb79f9d5c9e3b3222c6b3cb0c9b244f",
          "f5024fb3d6b3fa52425e3eb34c30ca83",
          "cc9409887ed09420b3a6ec1fbc4ab708",
          "1df82271c30710fb62bb6f92a85493e8",
          "2a6eaa457618ed4e1caa990796426515",
          "e23fb34ae1c21a479700c8ffa1ee2dc4",
          "e2b9187d040171861de11918d9e61bfa",
          "e718ae1274ff849580fb32f7a13396c3",
          "43492fa13530292c9577812396be1b66",
          "8ee74d23f3b73e1f0925ed0c37525599",
          "3964779176f0d5fa1c539a6855f82595"
        ]
      }
    },
    {
      "type": "Feature",
      "geometry": {
        "type": "Point",
        "coordinates": [
          -75.19515635229864,
          39.9751001452115
        ]
      },
      "properties": {
        "mural_name": "Zoo Menagerie",
        "artist": "Paul Santoleri",
        "address": "N 34th St & W Girard Ave, Philadelphia, Pennsylvania, 19104, USA",
        "media": [
          "d4e5a17b51e8334efad745cbb4fb51c5",
          "e7efa3fb7ac8b50920d1b170a08b4000",
          "ee9bbbf9c626ff2e230bd0cbc0b86b1a",
          "649597069f995e80ab39f521b465aabe",
          "bebd26b6137056550c9bf7fe3ec3b88c",
          "fa17f81baf3e1fd5ed9c9eb22e35f97b",
          "53d11b8014b88f38cc7e180de3d91054",
          "4e37d784cc99a340702336c03afb60f5",
          "8711a721f15890cd9127580b48e41b15",
          "7815303cca87857b8090c24451e74bcb",
          "0432ce3f81250388543f34d8422a1fbd"
        ]
      }
    },
    {
      "type": "Feature",
      "geometry": {
        "type": "Point",
        "coordinates": [
          -75.13508166027474,
          39.96574238317854
        ]
      },
      "properties": {
        "mural_name": "| BACK TO BACK | SIDE TO SIDE | EAR TO EAR |",
        "artist": "Kita Rich",
        "address": "29 E Allen St, Philadelphia, Pennsylvania, 19123, USA",
        "media": [
          "8a7e436ae8c333cb00653cc18053184a",
          "e8acc24837a0b6d3e4969a94c8d0dd1c",
          "2fd172dfbfca60f204dc4c7ac89947aa",
          "77c3cbb94cd409994332acaa147b454d",
          "0e91ef6cb47182a19a40052bd084e847",
          "15c0027188681fd665f16f4352ef120f"
        ]
      }
    }
  ]
}